<?xml version = '1.0' encoding = 'UTF-8'?>
<FKIndexAssociation class="oracle.dbtools.crest.model.design.relational.FKIndexAssociation" directorySegmentName="seg_0" id="03219146-AC30-C05D-AF73-9D0BA6FE2728" containerWithKeyObject="1D74AE94-D743-FF95-6CF1-A335BD6B14F1" localFKIndex="8040ACCB-7E0F-E360-117A-7E5FB41E2448" name="Prijem_Bed_FK">
<createdBy>stefa</createdBy>
<createdTime>2023-10-23 20:31:59 UTC</createdTime>
<ownerDesignName>UI DOmaci</ownerDesignName>
<referredTableLongName>Bed</referredTableLongName>
<deleteRule>NO ACTION</deleteRule>
<referredTableID>1F50BA0A-8D1A-EAEE-03A0-214473448524</referredTableID>
<keyObject>0016BF85-0C48-C5B9-DC1C-C81A80565D85</keyObject>
<referredKeyID>0016BF85-0C48-C5B9-DC1C-C81A80565D85</referredKeyID>
<mandatory>true</mandatory>
<refColNames>bed_id</refColNames>
<transferable>true</transferable>
<rely>false</rely>
<columnDependencyConstraintGenerateInDDL>true</columnDependencyConstraintGenerateInDDL>
</FKIndexAssociation>