<?xml version = '1.0' encoding = 'UTF-8'?>
<FKIndexAssociation class="oracle.dbtools.crest.model.design.relational.FKIndexAssociation" directorySegmentName="seg_0" id="09DB2621-A5CC-6C8D-13FD-84A9F68498D0" containerWithKeyObject="54D789BE-F446-41C7-79A8-04E333AC2983" localFKIndex="F5A429B1-908E-E9D7-D204-C456B337CC09" name="Zdravstvena_knjizica_Polisa_osiguranja_FK">
<createdBy>stefa</createdBy>
<createdTime>2023-11-06 22:12:32 UTC</createdTime>
<ownerDesignName>UI DOmaci</ownerDesignName>
<referredTableLongName>Polisa_osiguranja</referredTableLongName>
<deleteRule>NO ACTION</deleteRule>
<referredTableID>B3D8FBFA-DE73-005F-39A8-2121F5FC2E3F</referredTableID>
<keyObject>A1D32122-9E4F-FFDE-720A-DAABF019E3B2</keyObject>
<referredKeyID>A1D32122-9E4F-FFDE-720A-DAABF019E3B2</referredKeyID>
<mandatory>true</mandatory>
<refColNames>polisa_id</refColNames>
<transferable>true</transferable>
<rely>false</rely>
<columnDependencyConstraintGenerateInDDL>true</columnDependencyConstraintGenerateInDDL>
</FKIndexAssociation>