<?xml version = '1.0' encoding = 'UTF-8'?>
<FKIndexAssociation class="oracle.dbtools.crest.model.design.relational.FKIndexAssociation" directorySegmentName="seg_0" id="0B17818B-C90D-032A-4C1E-F50B1A98AD3D" containerWithKeyObject="8BF55CA9-FB0B-9D62-9583-F2950F1BEDBA" localFKIndex="7AE4050C-DDDD-E01C-724C-5CB0D625F1D4" name="istorija_dijagnoza_Dijagnoza_FK">
<createdBy>stefa</createdBy>
<createdTime>2023-11-13 21:59:40 UTC</createdTime>
<ownerDesignName>UI DOmaci</ownerDesignName>
<referredTableLongName>Dijagnoza</referredTableLongName>
<deleteRule>NO ACTION</deleteRule>
<referredTableID>D33E9B32-5ACE-5259-B5CF-F07B6F31EB7A</referredTableID>
<keyObject>0A6398A7-865E-EFA2-6413-255FD562A3D9</keyObject>
<referredKeyID>0A6398A7-865E-EFA2-6413-255FD562A3D9</referredKeyID>
<mandatory>true</mandatory>
<refColNames>dijagnoza_id</refColNames>
<transferable>true</transferable>
<rely>false</rely>
<columnDependencyConstraintGenerateInDDL>true</columnDependencyConstraintGenerateInDDL>
</FKIndexAssociation>