<?xml version = '1.0' encoding = 'UTF-8'?>
<FKIndexAssociation class="oracle.dbtools.crest.model.design.relational.FKIndexAssociation" directorySegmentName="seg_0" id="0B3A0CE1-6F3F-DF8B-A1D6-6297351F0327" containerWithKeyObject="C61F57A1-60F0-BF6B-C9CC-6AE1F8F67656" localFKIndex="27BF3D32-1EC1-5971-F0E7-FCF295A33102" name="Radni_sati_bonus_Bonus_FK">
<createdBy>stefa</createdBy>
<createdTime>2023-12-04 21:33:59 UTC</createdTime>
<ownerDesignName>UI DOmaci</ownerDesignName>
<referredTableLongName>Bonus</referredTableLongName>
<deleteRule>NO ACTION</deleteRule>
<referredTableID>3D97FF21-95AF-04A0-F76B-48A5A619E1D5</referredTableID>
<keyObject>5062A216-58EE-39B0-CFA0-ACA9B2F1672F</keyObject>
<referredKeyID>5062A216-58EE-39B0-CFA0-ACA9B2F1672F</referredKeyID>
<mandatory>true</mandatory>
<refColNames>bonus_id</refColNames>
<transferable>true</transferable>
<rely>false</rely>
<columnDependencyConstraintGenerateInDDL>true</columnDependencyConstraintGenerateInDDL>
</FKIndexAssociation>