<?xml version = '1.0' encoding = 'UTF-8'?>
<FKIndexAssociation class="oracle.dbtools.crest.model.design.relational.FKIndexAssociation" directorySegmentName="seg_0" id="122D7D24-9F51-891A-5F96-0E9882F6363D" containerWithKeyObject="1F50BA0A-8D1A-EAEE-03A0-214473448524" localFKIndex="2C8AF3F1-3479-C664-386B-FAF79E8CAED9" name="Bed_Room_FK">
<createdBy>stefa</createdBy>
<createdTime>2023-10-07 12:41:31 UTC</createdTime>
<ownerDesignName>UI DOmaci</ownerDesignName>
<referredTableLongName>Room</referredTableLongName>
<deleteRule>NO ACTION</deleteRule>
<referredTableID>22AE0AFF-9B97-BF4F-6D8E-97E4D49ADFA5</referredTableID>
<keyObject>E75B2870-5674-1DC1-94EF-F5351E56E039</keyObject>
<referredKeyID>E75B2870-5674-1DC1-94EF-F5351E56E039</referredKeyID>
<mandatory>true</mandatory>
<refColNames>Room_number</refColNames>
<transferable>true</transferable>
<rely>false</rely>
<columnDependencyConstraintGenerateInDDL>true</columnDependencyConstraintGenerateInDDL>
</FKIndexAssociation>