<?xml version = '1.0' encoding = 'UTF-8'?>
<FKIndexAssociation class="oracle.dbtools.crest.model.design.relational.FKIndexAssociation" directorySegmentName="seg_0" id="143C6CCF-B716-E13C-8735-BE5881F8D74D" containerWithKeyObject="C61F57A1-60F0-BF6B-C9CC-6AE1F8F67656" localFKIndex="06E79B6B-1248-6D32-3E0F-84174B9B5AA1" name="Radni_sati_bonus_Radni_sati_FK">
<createdBy>stefa</createdBy>
<createdTime>2023-12-04 21:34:03 UTC</createdTime>
<ownerDesignName>UI DOmaci</ownerDesignName>
<referredTableLongName>Radni_sati</referredTableLongName>
<deleteRule>NO ACTION</deleteRule>
<referredTableID>32E88CCA-E0E1-DFA9-69DC-A58B617FBE40</referredTableID>
<keyObject>D4F10085-D8C5-1819-3E45-01EE0B12D1CB</keyObject>
<referredKeyID>D4F10085-D8C5-1819-3E45-01EE0B12D1CB</referredKeyID>
<mandatory>true</mandatory>
<refColNames>radni_sati_id</refColNames>
<transferable>true</transferable>
<rely>false</rely>
<columnDependencyConstraintGenerateInDDL>true</columnDependencyConstraintGenerateInDDL>
</FKIndexAssociation>