<?xml version = '1.0' encoding = 'UTF-8'?>
<FKIndexAssociation class="oracle.dbtools.crest.model.design.relational.FKIndexAssociation" directorySegmentName="seg_0" id="18B65768-558E-DEB5-9550-45DB6AA12D5B" containerWithKeyObject="CAA6EC84-7529-9C5E-8C70-D9457F76C3BB" localFKIndex="F5BE7E07-9CF0-3A8F-029D-1E64070EDEAF" name="isplata_plate_Isplata_bonusa_FK">
<createdBy>stefa</createdBy>
<createdTime>2023-12-04 21:36:26 UTC</createdTime>
<ownerDesignName>UI DOmaci</ownerDesignName>
<referredTableLongName>Isplata_bonusa</referredTableLongName>
<deleteRule>NO ACTION</deleteRule>
<referredTableID>003E0561-1324-4BE8-3481-C6922FCDA3D3</referredTableID>
<keyObject>7BA4A5B3-69E0-2489-CD8D-DCB723E21EF8</keyObject>
<referredKeyID>7BA4A5B3-69E0-2489-CD8D-DCB723E21EF8</referredKeyID>
<mandatory>true</mandatory>
<refColNames>isplata_bonusa_id</refColNames>
<transferable>true</transferable>
<rely>false</rely>
<columnDependencyConstraintGenerateInDDL>true</columnDependencyConstraintGenerateInDDL>
</FKIndexAssociation>