<?xml version = '1.0' encoding = 'UTF-8'?>
<FKIndexAssociation class="oracle.dbtools.crest.model.design.relational.FKIndexAssociation" directorySegmentName="seg_0" id="1BF4558B-DEB6-1D44-C786-9A07C778F4DB" containerWithKeyObject="E69BCB7C-3D54-18EC-31B4-C96D239FA58C" localFKIndex="B3A704C0-1116-175F-ED6F-FE0A8184CE37" name="Sertifikat_Tip_sertifikata_FK">
<createdBy>stefa</createdBy>
<createdTime>2023-11-06 21:52:33 UTC</createdTime>
<ownerDesignName>UI DOmaci</ownerDesignName>
<referredTableLongName>Tip_sertifikata</referredTableLongName>
<deleteRule>NO ACTION</deleteRule>
<referredTableID>FBC41B2E-336E-B983-A10D-2E6FA1CD2E79</referredTableID>
<keyObject>336635CE-15DC-B3A1-46FD-A81B4BC23749</keyObject>
<referredKeyID>336635CE-15DC-B3A1-46FD-A81B4BC23749</referredKeyID>
<mandatory>true</mandatory>
<refColNames>tip_sertifikata_id</refColNames>
<transferable>true</transferable>
<rely>false</rely>
<columnDependencyConstraintGenerateInDDL>true</columnDependencyConstraintGenerateInDDL>
</FKIndexAssociation>