<?xml version = '1.0' encoding = 'UTF-8'?>
<FKIndexAssociation class="oracle.dbtools.crest.model.design.relational.FKIndexAssociation" directorySegmentName="seg_0" id="22D96517-6DDB-22C5-754D-757A11E9D061" containerWithKeyObject="7D84A237-3972-7723-B097-F4B6F8B75348" localFKIndex="01E980FC-385C-3B99-6A00-4E1CDEB6A5D2" name="Izvrsenje_procedure_Medical_staff_FK">
<createdBy>stefa</createdBy>
<createdTime>2023-10-23 20:38:20 UTC</createdTime>
<ownerDesignName>UI DOmaci</ownerDesignName>
<referredTableLongName>Medical_staff</referredTableLongName>
<deleteRule>NO ACTION</deleteRule>
<referredTableID>2370AD2E-84E5-8270-42C1-228AD6680366</referredTableID>
<keyObject>35F9A9A6-EF88-0747-0733-42B46F82BE95</keyObject>
<referredKeyID>35F9A9A6-EF88-0747-0733-42B46F82BE95</referredKeyID>
<mandatory>true</mandatory>
<refColNames>staff_id</refColNames>
<transferable>true</transferable>
<rely>false</rely>
<columnDependencyConstraintGenerateInDDL>true</columnDependencyConstraintGenerateInDDL>
</FKIndexAssociation>