<?xml version = '1.0' encoding = 'UTF-8'?>
<FKIndexAssociation class="oracle.dbtools.crest.model.design.relational.FKIndexAssociation" directorySegmentName="seg_0" id="336E842F-D64F-56F3-ACF1-D39A6FBB6443" containerWithKeyObject="8D538C8E-D039-3416-4EAC-C08B35DF450C" localFKIndex="6639C00C-EA49-634C-6815-CEEB807D5185" name="Izvestaj_Dijagnoza_FK">
<createdBy>stefa</createdBy>
<createdTime>2023-11-13 21:54:39 UTC</createdTime>
<ownerDesignName>UI DOmaci</ownerDesignName>
<referredTableLongName>Dijagnoza</referredTableLongName>
<deleteRule>NO ACTION</deleteRule>
<referredTableID>D33E9B32-5ACE-5259-B5CF-F07B6F31EB7A</referredTableID>
<keyObject>0A6398A7-865E-EFA2-6413-255FD562A3D9</keyObject>
<referredKeyID>0A6398A7-865E-EFA2-6413-255FD562A3D9</referredKeyID>
<mandatory>true</mandatory>
<refColNames>dijagnoza_id</refColNames>
<transferable>true</transferable>
<rely>false</rely>
<columnDependencyConstraintGenerateInDDL>true</columnDependencyConstraintGenerateInDDL>
</FKIndexAssociation>