<?xml version = '1.0' encoding = 'UTF-8'?>
<FKIndexAssociation class="oracle.dbtools.crest.model.design.relational.FKIndexAssociation" directorySegmentName="seg_0" id="33AF3684-2AAC-8312-54D0-0D8EC7706BDB" containerWithKeyObject="2B7251AF-FB10-C4D4-BA8A-8B8B17434BF6" localFKIndex="AC13FAD8-B858-2D7A-789C-6E50D71B5FDB" name="Istorija_trosenja_Lek_FK">
<createdBy>stefa</createdBy>
<createdTime>2023-12-11 22:02:16 UTC</createdTime>
<ownerDesignName>UI DOmaci</ownerDesignName>
<referredTableLongName>Lek</referredTableLongName>
<deleteRule>NO ACTION</deleteRule>
<referredTableID>A446B593-7F60-A22F-C8D8-E29E73B761C6</referredTableID>
<keyObject>0EA84771-650B-1DE9-0FD4-7E16E0D31D3B</keyObject>
<referredKeyID>0EA84771-650B-1DE9-0FD4-7E16E0D31D3B</referredKeyID>
<mandatory>true</mandatory>
<refColNames>lek_id</refColNames>
<transferable>true</transferable>
<rely>false</rely>
<columnDependencyConstraintGenerateInDDL>true</columnDependencyConstraintGenerateInDDL>
</FKIndexAssociation>