<?xml version = '1.0' encoding = 'UTF-8'?>
<FKIndexAssociation class="oracle.dbtools.crest.model.design.relational.FKIndexAssociation" directorySegmentName="seg_0" id="3EDAA6F8-E724-1DF7-2187-46330AA30CF5" containerWithKeyObject="778ABA2D-7698-DD96-3D71-95248D896C8B" localFKIndex="3CA8921E-5502-5AA2-B52A-ABECA1033C31" name="Procedura_Cena_FK">
<createdBy>stefa</createdBy>
<createdTime>2023-12-04 22:11:22 UTC</createdTime>
<ownerDesignName>UI DOmaci</ownerDesignName>
<referredTableLongName>Cena</referredTableLongName>
<deleteRule>NO ACTION</deleteRule>
<referredTableID>F7D05C3B-7E94-AA76-650B-0C0EB7E1A7AD</referredTableID>
<keyObject>42B60C00-2509-500A-B3A5-A51AEF16E349</keyObject>
<referredKeyID>42B60C00-2509-500A-B3A5-A51AEF16E349</referredKeyID>
<mandatory>true</mandatory>
<refColNames>cenovnik_id</refColNames>
<transferable>true</transferable>
<rely>false</rely>
<columnDependencyConstraintGenerateInDDL>true</columnDependencyConstraintGenerateInDDL>
</FKIndexAssociation>