<?xml version = '1.0' encoding = 'UTF-8'?>
<FKIndexAssociation class="oracle.dbtools.crest.model.design.relational.FKIndexAssociation" directorySegmentName="seg_0" id="4F31A8F1-0C6A-3F25-1072-9DD3C981E838" containerWithKeyObject="1D74AE94-D743-FF95-6CF1-A335BD6B14F1" localFKIndex="9425CFA5-1EB2-5511-6BBE-B1E034E9072D" name="Prijem_Pacijent_FK">
<createdBy>stefa</createdBy>
<createdTime>2023-11-06 21:45:26 UTC</createdTime>
<ownerDesignName>UI DOmaci</ownerDesignName>
<referredTableLongName>Pacijent</referredTableLongName>
<deleteRule>NO ACTION</deleteRule>
<referredTableID>D1BA6672-34F5-2CBE-56D2-0235F59B63F0</referredTableID>
<keyObject>359FBA72-19BC-E720-71B1-275197E234D6</keyObject>
<referredKeyID>359FBA72-19BC-E720-71B1-275197E234D6</referredKeyID>
<mandatory>true</mandatory>
<refColNames>patient_id</refColNames>
<transferable>true</transferable>
<rely>false</rely>
<columnDependencyConstraintGenerateInDDL>true</columnDependencyConstraintGenerateInDDL>
</FKIndexAssociation>