<?xml version = '1.0' encoding = 'UTF-8'?>
<FKIndexAssociation class="oracle.dbtools.crest.model.design.relational.FKIndexAssociation" directorySegmentName="seg_0" id="52C5F6E6-ECE1-34BF-E5E2-D7D40FED0468" containerWithKeyObject="7C05B650-117C-55E6-DC26-10D03654A987" localFKIndex="AFBAEB93-0F30-F3AA-E8F8-906394E0C588" name="Istorija_osiguranja_Polisa_osiguranja_FK">
<createdBy>stefa</createdBy>
<createdTime>2023-11-06 22:17:20 UTC</createdTime>
<ownerDesignName>UI DOmaci</ownerDesignName>
<referredTableLongName>Polisa_osiguranja</referredTableLongName>
<deleteRule>NO ACTION</deleteRule>
<referredTableID>B3D8FBFA-DE73-005F-39A8-2121F5FC2E3F</referredTableID>
<keyObject>A1D32122-9E4F-FFDE-720A-DAABF019E3B2</keyObject>
<referredKeyID>A1D32122-9E4F-FFDE-720A-DAABF019E3B2</referredKeyID>
<mandatory>true</mandatory>
<refColNames>polisa_id</refColNames>
<transferable>true</transferable>
<rely>false</rely>
<columnDependencyConstraintGenerateInDDL>true</columnDependencyConstraintGenerateInDDL>
</FKIndexAssociation>