<?xml version = '1.0' encoding = 'UTF-8'?>
<FKIndexAssociation class="oracle.dbtools.crest.model.design.relational.FKIndexAssociation" directorySegmentName="seg_0" id="5CFCDED4-6617-CBAF-AF59-D67F283ED35B" containerWithKeyObject="F5B57E37-181D-298C-D3C0-2E3B00952876" localFKIndex="09DE76D4-80A2-B89B-9BB7-F838EECEFA78" name="Apoteka_Lek_FK">
<createdBy>stefa</createdBy>
<createdTime>2023-10-24 12:08:35 UTC</createdTime>
<ownerDesignName>UI DOmaci</ownerDesignName>
<referredTableLongName>Lek</referredTableLongName>
<deleteRule>NO ACTION</deleteRule>
<referredTableID>A446B593-7F60-A22F-C8D8-E29E73B761C6</referredTableID>
<keyObject>0EA84771-650B-1DE9-0FD4-7E16E0D31D3B</keyObject>
<referredKeyID>0EA84771-650B-1DE9-0FD4-7E16E0D31D3B</referredKeyID>
<mandatory>true</mandatory>
<refColNames>lek_id</refColNames>
<transferable>true</transferable>
<rely>false</rely>
<columnDependencyConstraintGenerateInDDL>true</columnDependencyConstraintGenerateInDDL>
</FKIndexAssociation>