<?xml version = '1.0' encoding = 'UTF-8'?>
<FKIndexAssociation class="oracle.dbtools.crest.model.design.relational.FKIndexAssociation" directorySegmentName="seg_0" id="5F97B8B8-29A9-BDC1-26CD-DE5C74439F5B" containerWithKeyObject="A4729EB5-4724-6EC2-0800-D47FB565D7A2" localFKIndex="0C1841D6-CBE6-2153-5E38-6822D429D768" name="Poseta_lekaru_Izvestaj_FK">
<createdBy>stefa</createdBy>
<createdTime>2023-11-13 22:08:49 UTC</createdTime>
<ownerDesignName>UI DOmaci</ownerDesignName>
<referredTableLongName>Izvestaj</referredTableLongName>
<deleteRule>NO ACTION</deleteRule>
<referredTableID>8D538C8E-D039-3416-4EAC-C08B35DF450C</referredTableID>
<keyObject>162FD10B-32D2-696F-3240-7A97B9DECFDD</keyObject>
<referredKeyID>162FD10B-32D2-696F-3240-7A97B9DECFDD</referredKeyID>
<mandatory>true</mandatory>
<refColNames>visit_id</refColNames>
<transferable>true</transferable>
<rely>false</rely>
<columnDependencyConstraintGenerateInDDL>true</columnDependencyConstraintGenerateInDDL>
</FKIndexAssociation>