<?xml version = '1.0' encoding = 'UTF-8'?>
<FKIndexAssociation class="oracle.dbtools.crest.model.design.relational.FKIndexAssociation" directorySegmentName="seg_0" id="69E473F7-E57D-0539-4C16-EAA53CD2EEFE" containerWithKeyObject="D1BA6672-34F5-2CBE-56D2-0235F59B63F0" localFKIndex="3E66E8A4-3118-57F7-B87E-47F514977ECA" name="Pacijent_Zdravstvena_knjizica_FK">
<createdBy>stefa</createdBy>
<createdTime>2023-11-06 22:06:45 UTC</createdTime>
<ownerDesignName>UI DOmaci</ownerDesignName>
<referredTableLongName>Zdravstvena_knjizica</referredTableLongName>
<deleteRule>NO ACTION</deleteRule>
<referredTableID>54D789BE-F446-41C7-79A8-04E333AC2983</referredTableID>
<keyObject>1B52777D-842F-F419-A897-AB6B92BE8AF5</keyObject>
<referredKeyID>1B52777D-842F-F419-A897-AB6B92BE8AF5</referredKeyID>
<mandatory>true</mandatory>
<refColNames>knjizica_id</refColNames>
<transferable>true</transferable>
<rely>false</rely>
<columnDependencyConstraintGenerateInDDL>true</columnDependencyConstraintGenerateInDDL>
</FKIndexAssociation>