<?xml version = '1.0' encoding = 'UTF-8'?>
<FKIndexAssociation class="oracle.dbtools.crest.model.design.relational.FKIndexAssociation" directorySegmentName="seg_0" id="7AD41202-FB38-F114-72C1-EB5D1E99326C" containerWithKeyObject="A4729EB5-4724-6EC2-0800-D47FB565D7A2" localFKIndex="FB1C92A8-B993-E2A2-4F2A-039A05F4E748" name="Poseta_lekaru_Tip_posete_FK">
<createdBy>stefa</createdBy>
<createdTime>2023-11-06 21:44:04 UTC</createdTime>
<ownerDesignName>UI DOmaci</ownerDesignName>
<referredTableLongName>Tip_posete</referredTableLongName>
<deleteRule>NO ACTION</deleteRule>
<referredTableID>2D598576-F588-E94C-2701-09E79A9DBE2D</referredTableID>
<keyObject>38CDD1D1-C137-18F4-142A-DD142735223F</keyObject>
<referredKeyID>38CDD1D1-C137-18F4-142A-DD142735223F</referredKeyID>
<mandatory>true</mandatory>
<refColNames>tip_posete_id</refColNames>
<transferable>true</transferable>
<rely>false</rely>
<columnDependencyConstraintGenerateInDDL>true</columnDependencyConstraintGenerateInDDL>
</FKIndexAssociation>