<?xml version = '1.0' encoding = 'UTF-8'?>
<FKIndexAssociation class="oracle.dbtools.crest.model.design.relational.FKIndexAssociation" directorySegmentName="seg_0" id="803217B7-0FA7-AF11-3152-6B6D58303DDD" containerWithKeyObject="A57B8E71-97F7-6938-691B-3793F1996960" localFKIndex="6DF09D44-A4F1-920C-BC11-25DF08BA36FA" name="Prijem(event)_Pacijent_FK">
<createdBy>stefa</createdBy>
<createdTime>2023-12-04 21:47:56 UTC</createdTime>
<ownerDesignName>UI DOmaci</ownerDesignName>
<referredTableLongName>Pacijent</referredTableLongName>
<deleteRule>NO ACTION</deleteRule>
<referredTableID>D1BA6672-34F5-2CBE-56D2-0235F59B63F0</referredTableID>
<keyObject>359FBA72-19BC-E720-71B1-275197E234D6</keyObject>
<referredKeyID>359FBA72-19BC-E720-71B1-275197E234D6</referredKeyID>
<mandatory>true</mandatory>
<refColNames>patient_id</refColNames>
<transferable>true</transferable>
<rely>false</rely>
<columnDependencyConstraintGenerateInDDL>true</columnDependencyConstraintGenerateInDDL>
</FKIndexAssociation>