<?xml version = '1.0' encoding = 'UTF-8'?>
<FKIndexAssociation class="oracle.dbtools.crest.model.design.relational.FKIndexAssociation" directorySegmentName="seg_0" id="82A78441-6FE9-414D-CE28-946D399AEF18" containerWithKeyObject="1B76A590-0956-E4B3-057C-976D58C0857A" localFKIndex="0B671997-B45F-527A-3C45-3A70B99F4221" name="Zaposleni_pozicija_FK">
<createdBy>stefa</createdBy>
<createdTime>2023-11-13 22:18:42 UTC</createdTime>
<ownerDesignName>UI DOmaci</ownerDesignName>
<referredTableLongName>pozicija</referredTableLongName>
<deleteRule>NO ACTION</deleteRule>
<referredTableID>558F09E3-1694-A59F-5839-ECE4D3F79A74</referredTableID>
<keyObject>40DB1728-4425-0CF0-4663-6F3FCAD89B16</keyObject>
<referredKeyID>40DB1728-4425-0CF0-4663-6F3FCAD89B16</referredKeyID>
<mandatory>true</mandatory>
<refColNames>pozicija_id</refColNames>
<transferable>true</transferable>
<rely>false</rely>
<columnDependencyConstraintGenerateInDDL>true</columnDependencyConstraintGenerateInDDL>
</FKIndexAssociation>