<?xml version = '1.0' encoding = 'UTF-8'?>
<FKIndexAssociation class="oracle.dbtools.crest.model.design.relational.FKIndexAssociation" directorySegmentName="seg_0" id="90B8871F-48FD-6A9A-B6D2-DD377C1791F9" containerWithKeyObject="EFE7DDE4-F7F6-727A-414C-8616434069C2" localFKIndex="4B0667FA-7221-6357-BD5D-BC419A922BF9" name="Istorija_pripadanja_Klinicki_centar_FK">
<createdBy>stefa</createdBy>
<createdTime>2023-11-06 21:19:26 UTC</createdTime>
<ownerDesignName>UI DOmaci</ownerDesignName>
<referredTableLongName>Klinicki_centar</referredTableLongName>
<deleteRule>NO ACTION</deleteRule>
<referredTableID>D2001590-598F-0951-D18D-DB2F2E2D11C0</referredTableID>
<keyObject>28019409-B0C5-C777-DBAA-23273CDFC9F9</keyObject>
<referredKeyID>28019409-B0C5-C777-DBAA-23273CDFC9F9</referredKeyID>
<mandatory>true</mandatory>
<refColNames>clinical_center_id</refColNames>
<transferable>true</transferable>
<rely>false</rely>
<columnDependencyConstraintGenerateInDDL>true</columnDependencyConstraintGenerateInDDL>
</FKIndexAssociation>