<?xml version = '1.0' encoding = 'UTF-8'?>
<FKIndexAssociation class="oracle.dbtools.crest.model.design.relational.FKIndexAssociation" directorySegmentName="seg_0" id="997C623C-505B-380D-2BEF-B7FB2F9A0587" containerWithKeyObject="8D538C8E-D039-3416-4EAC-C08B35DF450C" localFKIndex="98BA1678-6A34-DFB2-3296-2AB6CAC13F25" name="Izvestaj_tip_izvestaja_FK">
<createdBy>stefa</createdBy>
<createdTime>2023-11-13 21:40:53 UTC</createdTime>
<ownerDesignName>UI DOmaci</ownerDesignName>
<referredTableLongName>tip_izvestaja</referredTableLongName>
<deleteRule>NO ACTION</deleteRule>
<referredTableID>E0EB24FE-185E-7047-E964-08C31EC40327</referredTableID>
<keyObject>2E69CC66-1378-1D15-FBBD-C63ABD55FD8A</keyObject>
<referredKeyID>2E69CC66-1378-1D15-FBBD-C63ABD55FD8A</referredKeyID>
<mandatory>true</mandatory>
<refColNames>tip_izvestaja_id</refColNames>
<transferable>true</transferable>
<rely>false</rely>
<columnDependencyConstraintGenerateInDDL>true</columnDependencyConstraintGenerateInDDL>
</FKIndexAssociation>