<?xml version = '1.0' encoding = 'UTF-8'?>
<FKIndexAssociation class="oracle.dbtools.crest.model.design.relational.FKIndexAssociation" directorySegmentName="seg_0" id="A43259A1-CDD5-06B4-E639-A076B6165E39" containerWithKeyObject="D1BA6672-34F5-2CBE-56D2-0235F59B63F0" localFKIndex="C1D08BB3-9CAD-7AF9-0280-CA76A6BDBF16" name="Pacijent_Terapija_FK">
<createdBy>stefa</createdBy>
<createdTime>2023-11-13 22:00:02 UTC</createdTime>
<ownerDesignName>UI DOmaci</ownerDesignName>
<referredTableLongName>Terapija</referredTableLongName>
<deleteRule>NO ACTION</deleteRule>
<referredTableID>A5B2673F-E69C-17DE-BAFE-518F4B9B13CD</referredTableID>
<keyObject>BCBFCDAF-1E2F-BD6C-3C92-088831A57E29</keyObject>
<referredKeyID>BCBFCDAF-1E2F-BD6C-3C92-088831A57E29</referredKeyID>
<mandatory>true</mandatory>
<refColNames>terapija_id</refColNames>
<transferable>true</transferable>
<rely>false</rely>
<columnDependencyConstraintGenerateInDDL>true</columnDependencyConstraintGenerateInDDL>
</FKIndexAssociation>