<?xml version = '1.0' encoding = 'UTF-8'?>
<FKIndexAssociation class="oracle.dbtools.crest.model.design.relational.FKIndexAssociation" directorySegmentName="seg_0" id="A804A904-A1C0-1CF3-A3B0-6F31E631F5FA" containerWithKeyObject="FCBB5226-50F5-D1A6-81D7-FAAFA0767005" localFKIndex="FCB7B897-DDCA-3B36-3EF3-BE1B601FD7D1" name="Odsustvo_Tip_odsustva_FK">
<createdBy>stefa</createdBy>
<createdTime>2023-12-04 21:42:19 UTC</createdTime>
<ownerDesignName>UI DOmaci</ownerDesignName>
<referredTableLongName>Tip_odsustva</referredTableLongName>
<deleteRule>NO ACTION</deleteRule>
<referredTableID>5815D993-E7EC-1263-92E6-C5FFDB45A759</referredTableID>
<keyObject>3664D007-5F7D-E0DA-B4A7-A5F9C96AA93B</keyObject>
<referredKeyID>3664D007-5F7D-E0DA-B4A7-A5F9C96AA93B</referredKeyID>
<mandatory>true</mandatory>
<refColNames>tip_odsustva_id</refColNames>
<transferable>true</transferable>
<rely>false</rely>
<columnDependencyConstraintGenerateInDDL>true</columnDependencyConstraintGenerateInDDL>
</FKIndexAssociation>