<?xml version = '1.0' encoding = 'UTF-8'?>
<FKIndexAssociation class="oracle.dbtools.crest.model.design.relational.FKIndexAssociation" directorySegmentName="seg_0" id="AA88AA92-3FC3-E6F9-42D3-20C25CDC3633" containerWithKeyObject="7D84A237-3972-7723-B097-F4B6F8B75348" localFKIndex="FCEFCAB4-5E9A-4650-9A05-9C8E41B5ACDE" name="Izvrsenje_procedure_Izvestaj_FK">
<createdBy>stefa</createdBy>
<createdTime>2023-12-04 21:56:22 UTC</createdTime>
<ownerDesignName>UI DOmaci</ownerDesignName>
<referredTableLongName>Izvestaj</referredTableLongName>
<deleteRule>NO ACTION</deleteRule>
<referredTableID>8D538C8E-D039-3416-4EAC-C08B35DF450C</referredTableID>
<keyObject>162FD10B-32D2-696F-3240-7A97B9DECFDD</keyObject>
<referredKeyID>162FD10B-32D2-696F-3240-7A97B9DECFDD</referredKeyID>
<mandatory>true</mandatory>
<refColNames>visit_id</refColNames>
<transferable>true</transferable>
<rely>false</rely>
<columnDependencyConstraintGenerateInDDL>true</columnDependencyConstraintGenerateInDDL>
</FKIndexAssociation>