<?xml version = '1.0' encoding = 'UTF-8'?>
<FKIndexAssociation class="oracle.dbtools.crest.model.design.relational.FKIndexAssociation" directorySegmentName="seg_0" id="ADE84BAD-0B6A-BA6B-4461-A64FF4B6E31E" containerWithKeyObject="4BDCD453-AEB8-E418-E568-32D020183718" localFKIndex="1317E5D9-DB64-996E-DBE2-C1847DBC8989" name="Istorija_rada_pozicija_FK">
<createdBy>stefa</createdBy>
<createdTime>2023-11-13 21:49:21 UTC</createdTime>
<ownerDesignName>UI DOmaci</ownerDesignName>
<referredTableLongName>pozicija</referredTableLongName>
<deleteRule>NO ACTION</deleteRule>
<referredTableID>558F09E3-1694-A59F-5839-ECE4D3F79A74</referredTableID>
<keyObject>40DB1728-4425-0CF0-4663-6F3FCAD89B16</keyObject>
<referredKeyID>40DB1728-4425-0CF0-4663-6F3FCAD89B16</referredKeyID>
<mandatory>true</mandatory>
<refColNames>pozicija_id</refColNames>
<transferable>true</transferable>
<rely>false</rely>
<columnDependencyConstraintGenerateInDDL>true</columnDependencyConstraintGenerateInDDL>
</FKIndexAssociation>