<?xml version = '1.0' encoding = 'UTF-8'?>
<FKIndexAssociation class="oracle.dbtools.crest.model.design.relational.FKIndexAssociation" directorySegmentName="seg_0" id="B2D6A8DE-F2C3-876A-719B-FE08AFFE636A" containerWithKeyObject="ADFDFA9C-46CE-7377-8C9E-08B527083521" localFKIndex="7B4A8DDC-E9D2-3E34-98CC-5A95904C8C16" name="Istorija_tipa_Objekti_FK">
<createdBy>stefa</createdBy>
<createdTime>2023-11-06 21:22:14 UTC</createdTime>
<ownerDesignName>UI DOmaci</ownerDesignName>
<referredTableLongName>Objekti</referredTableLongName>
<deleteRule>NO ACTION</deleteRule>
<referredTableID>FCCBE500-38E5-85AE-164C-F14B4A0B95B8</referredTableID>
<keyObject>B6F6B8B3-6397-C8F9-475C-3FFAA8C21B33</keyObject>
<referredKeyID>B6F6B8B3-6397-C8F9-475C-3FFAA8C21B33</referredKeyID>
<mandatory>true</mandatory>
<refColNames>facilitie_id</refColNames>
<transferable>true</transferable>
<rely>false</rely>
<columnDependencyConstraintGenerateInDDL>true</columnDependencyConstraintGenerateInDDL>
</FKIndexAssociation>