<?xml version = '1.0' encoding = 'UTF-8'?>
<FKIndexAssociation class="oracle.dbtools.crest.model.design.relational.FKIndexAssociation" directorySegmentName="seg_0" id="C12DF18B-5418-084E-AAD3-96F5BD5B0090" containerWithKeyObject="D1BA6672-34F5-2CBE-56D2-0235F59B63F0" localFKIndex="43276C03-2B3F-D3CE-2A13-08FD9355346E" name="Pacijent_Polisa_osiguranja_FK">
<createdBy>stefa</createdBy>
<createdTime>2023-11-06 22:06:48 UTC</createdTime>
<ownerDesignName>UI DOmaci</ownerDesignName>
<referredTableLongName>Polisa_osiguranja</referredTableLongName>
<deleteRule>NO ACTION</deleteRule>
<referredTableID>B3D8FBFA-DE73-005F-39A8-2121F5FC2E3F</referredTableID>
<keyObject>A1D32122-9E4F-FFDE-720A-DAABF019E3B2</keyObject>
<referredKeyID>A1D32122-9E4F-FFDE-720A-DAABF019E3B2</referredKeyID>
<mandatory>true</mandatory>
<refColNames>polisa_id</refColNames>
<transferable>true</transferable>
<rely>false</rely>
<columnDependencyConstraintGenerateInDDL>true</columnDependencyConstraintGenerateInDDL>
</FKIndexAssociation>