<?xml version = '1.0' encoding = 'UTF-8'?>
<FKIndexAssociation class="oracle.dbtools.crest.model.design.relational.FKIndexAssociation" directorySegmentName="seg_0" id="C3FD3B00-C049-E7CB-634A-05D39D71B730" containerWithKeyObject="807A60EC-BCAD-A5C8-1858-8A13A44A5564" localFKIndex="BD162AAC-3495-9C99-E3FD-06B86462B972" name="Portir_Zaposleni_FK">
<createdBy>stefa</createdBy>
<createdTime>2023-11-06 21:34:48 UTC</createdTime>
<ownerDesignName>UI DOmaci</ownerDesignName>
<referredTableLongName>Zaposleni</referredTableLongName>
<deleteRule>NO ACTION</deleteRule>
<referredTableID>1B76A590-0956-E4B3-057C-976D58C0857A</referredTableID>
<keyObject>286870B4-0C28-5358-672C-23A7AA16957B</keyObject>
<referredKeyID>286870B4-0C28-5358-672C-23A7AA16957B</referredKeyID>
<mandatory>true</mandatory>
<refColNames>person_id</refColNames>
<transferable>true</transferable>
<rely>false</rely>
<columnDependencyConstraintGenerateInDDL>true</columnDependencyConstraintGenerateInDDL>
</FKIndexAssociation>