<?xml version = '1.0' encoding = 'UTF-8'?>
<FKIndexAssociation class="oracle.dbtools.crest.model.design.relational.FKIndexAssociation" directorySegmentName="seg_0" id="C4B773F1-C3B8-61E9-39D0-7B87B93591D9" containerWithKeyObject="3D97FF21-95AF-04A0-F76B-48A5A619E1D5" localFKIndex="8B2F9DF7-AE43-886B-7884-B9A634261C98" name="Bonus_Isplata_bonusa_FK">
<createdBy>stefa</createdBy>
<createdTime>2023-12-04 21:33:06 UTC</createdTime>
<ownerDesignName>UI DOmaci</ownerDesignName>
<referredTableLongName>Isplata_bonusa</referredTableLongName>
<deleteRule>NO ACTION</deleteRule>
<referredTableID>003E0561-1324-4BE8-3481-C6922FCDA3D3</referredTableID>
<keyObject>7BA4A5B3-69E0-2489-CD8D-DCB723E21EF8</keyObject>
<referredKeyID>7BA4A5B3-69E0-2489-CD8D-DCB723E21EF8</referredKeyID>
<mandatory>true</mandatory>
<refColNames>isplata_bonusa_id</refColNames>
<transferable>true</transferable>
<rely>false</rely>
<columnDependencyConstraintGenerateInDDL>true</columnDependencyConstraintGenerateInDDL>
</FKIndexAssociation>