<?xml version = '1.0' encoding = 'UTF-8'?>
<FKIndexAssociation class="oracle.dbtools.crest.model.design.relational.FKIndexAssociation" directorySegmentName="seg_0" id="C7783223-2842-592E-5D52-02F2C1B74F3C" containerWithKeyObject="EFE7DDE4-F7F6-727A-414C-8616434069C2" localFKIndex="27FDFB88-8EE7-32C2-7FFC-C20E3508975E" name="Istorija_pripadanja_Objekti_FK">
<createdBy>stefa</createdBy>
<createdTime>2023-11-06 21:19:14 UTC</createdTime>
<ownerDesignName>UI DOmaci</ownerDesignName>
<referredTableLongName>Objekti</referredTableLongName>
<deleteRule>NO ACTION</deleteRule>
<referredTableID>FCCBE500-38E5-85AE-164C-F14B4A0B95B8</referredTableID>
<keyObject>B6F6B8B3-6397-C8F9-475C-3FFAA8C21B33</keyObject>
<referredKeyID>B6F6B8B3-6397-C8F9-475C-3FFAA8C21B33</referredKeyID>
<mandatory>true</mandatory>
<refColNames>facilitie_id</refColNames>
<transferable>true</transferable>
<rely>false</rely>
<columnDependencyConstraintGenerateInDDL>true</columnDependencyConstraintGenerateInDDL>
</FKIndexAssociation>