<?xml version = '1.0' encoding = 'UTF-8'?>
<FKIndexAssociation class="oracle.dbtools.crest.model.design.relational.FKIndexAssociation" directorySegmentName="seg_0" id="D10ED1AF-533A-16BB-308D-5418601AF8FA" containerWithKeyObject="8BF55CA9-FB0B-9D62-9583-F2950F1BEDBA" localFKIndex="16B824AF-1836-B0D0-8559-348FA9B43F93" name="istorija_dijagnoza_Pacijent_FK">
<createdBy>stefa</createdBy>
<createdTime>2023-11-13 21:59:47 UTC</createdTime>
<ownerDesignName>UI DOmaci</ownerDesignName>
<referredTableLongName>Pacijent</referredTableLongName>
<deleteRule>NO ACTION</deleteRule>
<referredTableID>D1BA6672-34F5-2CBE-56D2-0235F59B63F0</referredTableID>
<keyObject>359FBA72-19BC-E720-71B1-275197E234D6</keyObject>
<referredKeyID>359FBA72-19BC-E720-71B1-275197E234D6</referredKeyID>
<mandatory>true</mandatory>
<refColNames>patient_id</refColNames>
<transferable>true</transferable>
<rely>false</rely>
<columnDependencyConstraintGenerateInDDL>true</columnDependencyConstraintGenerateInDDL>
</FKIndexAssociation>