<?xml version = '1.0' encoding = 'UTF-8'?>
<FKIndexAssociation class="oracle.dbtools.crest.model.design.relational.FKIndexAssociation" directorySegmentName="seg_0" id="D3D775F2-6124-E8C5-99DA-47B2B7B770C9" containerWithKeyObject="A4729EB5-4724-6EC2-0800-D47FB565D7A2" localFKIndex="B312B893-8E3E-4298-8948-7D22E0E7E98C" name="Poseta_lekaru_Doktor_FK">
<createdBy>stefa</createdBy>
<createdTime>2023-11-13 22:07:39 UTC</createdTime>
<ownerDesignName>UI DOmaci</ownerDesignName>
<referredTableLongName>Doktor</referredTableLongName>
<deleteRule>NO ACTION</deleteRule>
<referredTableID>C6053AA3-8BCB-484C-29B1-CE4F5B82D5EC</referredTableID>
<keyObject>CAA7835E-8A2A-9FFC-EC98-A53708BB50E1</keyObject>
<referredKeyID>CAA7835E-8A2A-9FFC-EC98-A53708BB50E1</referredKeyID>
<mandatory>true</mandatory>
<refColNames>lekar_id</refColNames>
<transferable>true</transferable>
<rely>false</rely>
<columnDependencyConstraintGenerateInDDL>true</columnDependencyConstraintGenerateInDDL>
</FKIndexAssociation>