<?xml version = '1.0' encoding = 'UTF-8'?>
<FKIndexAssociation class="oracle.dbtools.crest.model.design.relational.FKIndexAssociation" directorySegmentName="seg_0" id="D721E25D-6207-59FE-7133-8D466632815E" containerWithKeyObject="CAA6EC84-7529-9C5E-8C70-D9457F76C3BB" localFKIndex="10BDD2C4-B499-4E28-AC87-E718FF5E4620" name="isplata_plate_Zaposleni_FK">
<createdBy>stefa</createdBy>
<createdTime>2023-11-13 22:23:08 UTC</createdTime>
<ownerDesignName>UI DOmaci</ownerDesignName>
<referredTableLongName>Zaposleni</referredTableLongName>
<deleteRule>NO ACTION</deleteRule>
<referredTableID>1B76A590-0956-E4B3-057C-976D58C0857A</referredTableID>
<keyObject>286870B4-0C28-5358-672C-23A7AA16957B</keyObject>
<referredKeyID>286870B4-0C28-5358-672C-23A7AA16957B</referredKeyID>
<mandatory>true</mandatory>
<refColNames>person_id</refColNames>
<transferable>true</transferable>
<rely>false</rely>
<columnDependencyConstraintGenerateInDDL>true</columnDependencyConstraintGenerateInDDL>
</FKIndexAssociation>