<?xml version = '1.0' encoding = 'UTF-8'?>
<FKIndexAssociation class="oracle.dbtools.crest.model.design.relational.FKIndexAssociation" directorySegmentName="seg_0" id="D7908EE7-7F46-FC96-AC31-ED1D5323D014" containerWithKeyObject="CD3F5875-93EA-A6B0-9EF7-8F072448FC58" localFKIndex="3AC69BE1-D834-815A-1B93-F7E0F3F0A851" name="Smenski_raspored_Odeljenje_FK">
<createdBy>stefa</createdBy>
<createdTime>2023-12-04 21:46:12 UTC</createdTime>
<ownerDesignName>UI DOmaci</ownerDesignName>
<referredTableLongName>Odeljenje</referredTableLongName>
<deleteRule>NO ACTION</deleteRule>
<referredTableID>FA8E9D59-3422-0621-7017-75B20561B6D9</referredTableID>
<keyObject>AB181C13-A790-B6E8-915F-E3FCE935C918</keyObject>
<referredKeyID>AB181C13-A790-B6E8-915F-E3FCE935C918</referredKeyID>
<mandatory>true</mandatory>
<refColNames>floor_id</refColNames>
<transferable>true</transferable>
<rely>false</rely>
<columnDependencyConstraintGenerateInDDL>true</columnDependencyConstraintGenerateInDDL>
</FKIndexAssociation>