<?xml version = '1.0' encoding = 'UTF-8'?>
<FKIndexAssociation class="oracle.dbtools.crest.model.design.relational.FKIndexAssociation" directorySegmentName="seg_0" id="D7AF48DB-DFF8-A09F-1FAE-C506A225CA05" containerWithKeyObject="1D74AE94-D743-FF95-6CF1-A335BD6B14F1" localFKIndex="CA3AB340-2E28-DD05-A58C-87428AD86542" name="Prijem_Vizita_FK">
<createdBy>stefa</createdBy>
<createdTime>2023-11-06 21:57:42 UTC</createdTime>
<ownerDesignName>UI DOmaci</ownerDesignName>
<referredTableLongName>Vizita</referredTableLongName>
<deleteRule>NO ACTION</deleteRule>
<referredTableID>3FBFC425-CE2D-18AD-5B12-8659D9B5B4BC</referredTableID>
<keyObject>523840D7-8D8D-086A-49F0-3ADE176F6884</keyObject>
<referredKeyID>523840D7-8D8D-086A-49F0-3ADE176F6884</referredKeyID>
<mandatory>true</mandatory>
<refColNames>vizita_id</refColNames>
<transferable>true</transferable>
<rely>false</rely>
<columnDependencyConstraintGenerateInDDL>true</columnDependencyConstraintGenerateInDDL>
</FKIndexAssociation>