<?xml version = '1.0' encoding = 'UTF-8'?>
<FKIndexAssociation class="oracle.dbtools.crest.model.design.relational.FKIndexAssociation" directorySegmentName="seg_0" id="DEAD4A69-C87B-D3A3-3F83-326E4974ADD2" containerWithKeyObject="ADFDFA9C-46CE-7377-8C9E-08B527083521" localFKIndex="40A5A8CC-A014-EAC5-1102-A6F36EF87BAF" name="Istorija_tipa_Tip_objekta_FK">
<createdBy>stefa</createdBy>
<createdTime>2023-11-06 21:22:18 UTC</createdTime>
<ownerDesignName>UI DOmaci</ownerDesignName>
<referredTableLongName>Tip_objekta</referredTableLongName>
<deleteRule>NO ACTION</deleteRule>
<referredTableID>760D90D5-417A-AB5D-4040-94A39696F65D</referredTableID>
<keyObject>B05FC6DB-7045-140A-644C-FF4DE98C8B2D</keyObject>
<referredKeyID>B05FC6DB-7045-140A-644C-FF4DE98C8B2D</referredKeyID>
<mandatory>true</mandatory>
<refColNames>tip_obekta_id</refColNames>
<transferable>true</transferable>
<rely>false</rely>
<columnDependencyConstraintGenerateInDDL>true</columnDependencyConstraintGenerateInDDL>
</FKIndexAssociation>