<?xml version = '1.0' encoding = 'UTF-8'?>
<FKIndexAssociation class="oracle.dbtools.crest.model.design.relational.FKIndexAssociation" directorySegmentName="seg_0" id="E35B283F-25B2-AD37-D976-57C00D79B95B" containerWithKeyObject="A57B8E71-97F7-6938-691B-3793F1996960" localFKIndex="87C1B872-A848-DF6D-BC04-E84FC4CFDB4A" name="Prijem(event)_Uput_FK">
<createdBy>stefa</createdBy>
<createdTime>2023-11-13 21:30:12 UTC</createdTime>
<ownerDesignName>UI DOmaci</ownerDesignName>
<referredTableLongName>Uput</referredTableLongName>
<deleteRule>NO ACTION</deleteRule>
<referredTableID>9FE0AEB5-FC2D-C435-6EF1-E088CE348996</referredTableID>
<keyObject>D2429652-90DF-5CF8-D49F-54A27A436153</keyObject>
<referredKeyID>D2429652-90DF-5CF8-D49F-54A27A436153</referredKeyID>
<mandatory>true</mandatory>
<refColNames>uput_id</refColNames>
<transferable>true</transferable>
<rely>false</rely>
<columnDependencyConstraintGenerateInDDL>true</columnDependencyConstraintGenerateInDDL>
</FKIndexAssociation>