<?xml version = '1.0' encoding = 'UTF-8'?>
<FKIndexAssociation class="oracle.dbtools.crest.model.design.relational.FKIndexAssociation" directorySegmentName="seg_0" id="E57CCF5A-B262-81A9-04D9-83C26CB63FBF" containerWithKeyObject="C61F57A1-60F0-BF6B-C9CC-6AE1F8F67656" localFKIndex="5B6A7FF2-622B-96BB-AA2D-95BAC1F154DF" name="Radni_sati_bonus_isplata_plate_FK">
<createdBy>stefa</createdBy>
<createdTime>2023-12-04 21:35:43 UTC</createdTime>
<ownerDesignName>UI DOmaci</ownerDesignName>
<referredTableLongName>isplata_plate</referredTableLongName>
<deleteRule>NO ACTION</deleteRule>
<referredTableID>CAA6EC84-7529-9C5E-8C70-D9457F76C3BB</referredTableID>
<keyObject>8D1BDF4A-613E-23CF-2089-D0602589C657</keyObject>
<referredKeyID>8D1BDF4A-613E-23CF-2089-D0602589C657</referredKeyID>
<mandatory>true</mandatory>
<refColNames>plata</refColNames>
<transferable>true</transferable>
<rely>false</rely>
<columnDependencyConstraintGenerateInDDL>true</columnDependencyConstraintGenerateInDDL>
</FKIndexAssociation>