<?xml version = '1.0' encoding = 'UTF-8'?>
<FKIndexAssociation class="oracle.dbtools.crest.model.design.relational.FKIndexAssociation" directorySegmentName="seg_0" id="E94271BE-6E8F-5D8C-1022-B6C1E01D741E" containerWithKeyObject="A4729EB5-4724-6EC2-0800-D47FB565D7A2" localFKIndex="DC06F46A-D64F-BFDD-47E3-54A375400B3C" name="Poseta_lekaru_Pacijent_FK">
<createdBy>stefa</createdBy>
<createdTime>2023-11-06 21:47:45 UTC</createdTime>
<ownerDesignName>UI DOmaci</ownerDesignName>
<referredTableLongName>Pacijent</referredTableLongName>
<deleteRule>NO ACTION</deleteRule>
<referredTableID>D1BA6672-34F5-2CBE-56D2-0235F59B63F0</referredTableID>
<keyObject>359FBA72-19BC-E720-71B1-275197E234D6</keyObject>
<referredKeyID>359FBA72-19BC-E720-71B1-275197E234D6</referredKeyID>
<mandatory>true</mandatory>
<refColNames>patient_id</refColNames>
<transferable>true</transferable>
<rely>false</rely>
<columnDependencyConstraintGenerateInDDL>true</columnDependencyConstraintGenerateInDDL>
</FKIndexAssociation>