<?xml version = '1.0' encoding = 'UTF-8'?>
<FKIndexAssociation class="oracle.dbtools.crest.model.design.relational.FKIndexAssociation" directorySegmentName="seg_0" id="E98688E1-063D-9532-5074-8599803FABB6" containerWithKeyObject="3FBFC425-CE2D-18AD-5B12-8659D9B5B4BC" localFKIndex="57CC141F-D282-7C61-845C-4D0CFE210D6F" name="Vizita_Doktor_FK">
<createdBy>stefa</createdBy>
<createdTime>2023-11-06 21:59:30 UTC</createdTime>
<ownerDesignName>UI DOmaci</ownerDesignName>
<referredTableLongName>Doktor</referredTableLongName>
<deleteRule>NO ACTION</deleteRule>
<referredTableID>C6053AA3-8BCB-484C-29B1-CE4F5B82D5EC</referredTableID>
<keyObject>CAA7835E-8A2A-9FFC-EC98-A53708BB50E1</keyObject>
<referredKeyID>CAA7835E-8A2A-9FFC-EC98-A53708BB50E1</referredKeyID>
<mandatory>true</mandatory>
<refColNames>lekar_id</refColNames>
<transferable>true</transferable>
<rely>false</rely>
<columnDependencyConstraintGenerateInDDL>true</columnDependencyConstraintGenerateInDDL>
</FKIndexAssociation>