<?xml version = '1.0' encoding = 'UTF-8'?>
<FKIndexAssociation class="oracle.dbtools.crest.model.design.relational.FKIndexAssociation" directorySegmentName="seg_0" id="EBB40C4F-2042-C893-2EC4-B41E2C98B620" containerWithKeyObject="7D84A237-3972-7723-B097-F4B6F8B75348" localFKIndex="9844E8A6-681D-0DA3-F2B6-B749B71D6214" name="Izvrsenje_procedure_Doktor_FK">
<createdBy>stefa</createdBy>
<createdTime>2023-11-13 22:08:32 UTC</createdTime>
<ownerDesignName>UI DOmaci</ownerDesignName>
<referredTableLongName>Doktor</referredTableLongName>
<deleteRule>NO ACTION</deleteRule>
<referredTableID>C6053AA3-8BCB-484C-29B1-CE4F5B82D5EC</referredTableID>
<keyObject>CAA7835E-8A2A-9FFC-EC98-A53708BB50E1</keyObject>
<referredKeyID>CAA7835E-8A2A-9FFC-EC98-A53708BB50E1</referredKeyID>
<mandatory>true</mandatory>
<refColNames>lekar_id</refColNames>
<transferable>true</transferable>
<rely>false</rely>
<columnDependencyConstraintGenerateInDDL>true</columnDependencyConstraintGenerateInDDL>
</FKIndexAssociation>