<?xml version = '1.0' encoding = 'UTF-8'?>
<FKIndexAssociation class="oracle.dbtools.crest.model.design.relational.FKIndexAssociation" directorySegmentName="seg_0" id="EC06755E-489C-1B14-B479-CA4D51C425A6" containerWithKeyObject="1B76A590-0956-E4B3-057C-976D58C0857A" localFKIndex="4B4C0695-F827-4678-1FC4-A31A2F937EB7" name="Zaposleni_Sertifikat_FK">
<createdBy>stefa</createdBy>
<createdTime>2023-11-13 22:26:08 UTC</createdTime>
<ownerDesignName>UI DOmaci</ownerDesignName>
<referredTableLongName>Sertifikat</referredTableLongName>
<deleteRule>NO ACTION</deleteRule>
<referredTableID>E69BCB7C-3D54-18EC-31B4-C96D239FA58C</referredTableID>
<keyObject>FC69A44C-7DF5-1DFD-81BE-E3AF55300AB0</keyObject>
<referredKeyID>FC69A44C-7DF5-1DFD-81BE-E3AF55300AB0</referredKeyID>
<mandatory>true</mandatory>
<refColNames>sertifikat_id</refColNames>
<transferable>true</transferable>
<rely>false</rely>
<columnDependencyConstraintGenerateInDDL>true</columnDependencyConstraintGenerateInDDL>
</FKIndexAssociation>