<?xml version = '1.0' encoding = 'UTF-8'?>
<FKIndexAssociation class="oracle.dbtools.crest.model.design.relational.FKIndexAssociation" directorySegmentName="seg_0" id="EC1E8C49-F5CE-1D76-ED67-22E0D6536258" containerWithKeyObject="1B76A590-0956-E4B3-057C-976D58C0857A" localFKIndex="10E9DAC9-D588-0F61-25A0-6F96EA5D12B2" name="Zaposleni_Ugovor_FK">
<createdBy>stefa</createdBy>
<createdTime>2023-11-13 22:20:56 UTC</createdTime>
<ownerDesignName>UI DOmaci</ownerDesignName>
<referredTableLongName>Ugovor</referredTableLongName>
<deleteRule>NO ACTION</deleteRule>
<referredTableID>492D66E9-E4A0-15BF-24CD-29BBEF522DA9</referredTableID>
<keyObject>D3DFECC3-E378-ACBB-D3AB-22F9DA8EC9BE</keyObject>
<referredKeyID>D3DFECC3-E378-ACBB-D3AB-22F9DA8EC9BE</referredKeyID>
<mandatory>true</mandatory>
<refColNames>ugovor_id</refColNames>
<transferable>true</transferable>
<rely>false</rely>
<columnDependencyConstraintGenerateInDDL>true</columnDependencyConstraintGenerateInDDL>
</FKIndexAssociation>