<?xml version = '1.0' encoding = 'UTF-8'?>
<FKIndexAssociation class="oracle.dbtools.crest.model.design.relational.FKIndexAssociation" directorySegmentName="seg_0" id="F398DA0D-5D3F-9E47-2176-4D131F745B4D" containerWithKeyObject="9FE0AEB5-FC2D-C435-6EF1-E088CE348996" localFKIndex="3B29B75C-580F-363A-75E5-235C7586FA50" name="Uput_Doktor_FK">
<createdBy>stefa</createdBy>
<createdTime>2023-11-06 21:15:33 UTC</createdTime>
<ownerDesignName>UI DOmaci</ownerDesignName>
<referredTableLongName>Doktor</referredTableLongName>
<deleteRule>NO ACTION</deleteRule>
<referredTableID>C6053AA3-8BCB-484C-29B1-CE4F5B82D5EC</referredTableID>
<keyObject>CAA7835E-8A2A-9FFC-EC98-A53708BB50E1</keyObject>
<referredKeyID>CAA7835E-8A2A-9FFC-EC98-A53708BB50E1</referredKeyID>
<mandatory>true</mandatory>
<refColNames>lekar_id</refColNames>
<transferable>true</transferable>
<rely>false</rely>
<columnDependencyConstraintGenerateInDDL>true</columnDependencyConstraintGenerateInDDL>
</FKIndexAssociation>