<?xml version = '1.0' encoding = 'UTF-8'?>
<FKIndexAssociation class="oracle.dbtools.crest.model.design.relational.FKIndexAssociation" directorySegmentName="seg_0" id="F95BDE63-1C2F-888D-93F9-2AA3BB2046AE" containerWithKeyObject="C3A9A6F0-7372-17F2-0AA1-C3C1FEF8E245" localFKIndex="ED8649D9-80C1-53A9-962B-5A35753530B7" name="Istorija_direktora_Zaposleni_FK">
<createdBy>stefa</createdBy>
<createdTime>2023-11-13 21:46:31 UTC</createdTime>
<ownerDesignName>UI DOmaci</ownerDesignName>
<referredTableLongName>Zaposleni</referredTableLongName>
<deleteRule>NO ACTION</deleteRule>
<referredTableID>1B76A590-0956-E4B3-057C-976D58C0857A</referredTableID>
<keyObject>286870B4-0C28-5358-672C-23A7AA16957B</keyObject>
<referredKeyID>286870B4-0C28-5358-672C-23A7AA16957B</referredKeyID>
<mandatory>true</mandatory>
<refColNames>person_id</refColNames>
<transferable>true</transferable>
<rely>false</rely>
<columnDependencyConstraintGenerateInDDL>true</columnDependencyConstraintGenerateInDDL>
</FKIndexAssociation>