<?xml version = '1.0' encoding = 'UTF-8'?>
<FKIndexAssociation class="oracle.dbtools.crest.model.design.relational.FKIndexAssociation" directorySegmentName="seg_0" id="F95B1705-0D67-0C0B-3623-BE64E1FF2478" containerWithKeyObject="1D74AE94-D743-FF95-6CF1-A335BD6B14F1" localFKIndex="AEA28761-0BDB-BDB1-A5F8-9C8DABE72A91" name="Stacionarno_lecenje_Prijem(event)_FK">
<createdBy>stefa</createdBy>
<createdTime>2023-11-13 21:28:58 UTC</createdTime>
<ownerDesignName>UI DOmaci</ownerDesignName>
<referredTableLongName>Prijem(event)</referredTableLongName>
<deleteRule>NO ACTION</deleteRule>
<referredTableID>A57B8E71-97F7-6938-691B-3793F1996960</referredTableID>
<keyObject>173D2B6B-1CAD-477B-12DD-5EA79C5446E3</keyObject>
<referredKeyID>173D2B6B-1CAD-477B-12DD-5EA79C5446E3</referredKeyID>
<mandatory>true</mandatory>
<refColNames>prijem_id</refColNames>
<transferable>true</transferable>
<rely>false</rely>
<columnDependencyConstraintGenerateInDDL>true</columnDependencyConstraintGenerateInDDL>
</FKIndexAssociation>