<?xml version = '1.0' encoding = 'UTF-8'?>
<FKIndexAssociation class="oracle.dbtools.crest.model.design.relational.FKIndexAssociation" directorySegmentName="seg_0" id="F97F7A0B-39B4-C112-F5FE-C130099094ED" containerWithKeyObject="C3A9A6F0-7372-17F2-0AA1-C3C1FEF8E245" localFKIndex="7864BC54-8B5F-6444-D192-79E2EF7FE75B" name="Istorija_direktora_Klinicki_centar_FK">
<createdBy>stefa</createdBy>
<createdTime>2023-11-06 21:24:54 UTC</createdTime>
<ownerDesignName>UI DOmaci</ownerDesignName>
<referredTableLongName>Klinicki_centar</referredTableLongName>
<deleteRule>NO ACTION</deleteRule>
<referredTableID>D2001590-598F-0951-D18D-DB2F2E2D11C0</referredTableID>
<keyObject>28019409-B0C5-C777-DBAA-23273CDFC9F9</keyObject>
<referredKeyID>28019409-B0C5-C777-DBAA-23273CDFC9F9</referredKeyID>
<mandatory>true</mandatory>
<refColNames>clinical_center_id</refColNames>
<transferable>true</transferable>
<rely>false</rely>
<columnDependencyConstraintGenerateInDDL>true</columnDependencyConstraintGenerateInDDL>
</FKIndexAssociation>