<?xml version = '1.0' encoding = 'UTF-8'?>
<FKIndexAssociation class="oracle.dbtools.crest.model.design.relational.FKIndexAssociation" directorySegmentName="seg_0" id="F9ED3D7C-EBB6-98E9-9CAD-E1093F929994" containerWithKeyObject="9FE0AEB5-FC2D-C435-6EF1-E088CE348996" localFKIndex="E96687AD-C2D2-5B59-CCAC-61EED85A443D" name="Uput_Izvestaj_FK">
<createdBy>stefa</createdBy>
<createdTime>2023-11-06 21:40:15 UTC</createdTime>
<ownerDesignName>UI DOmaci</ownerDesignName>
<referredTableLongName>Izvestaj</referredTableLongName>
<deleteRule>NO ACTION</deleteRule>
<referredTableID>8D538C8E-D039-3416-4EAC-C08B35DF450C</referredTableID>
<keyObject>162FD10B-32D2-696F-3240-7A97B9DECFDD</keyObject>
<referredKeyID>162FD10B-32D2-696F-3240-7A97B9DECFDD</referredKeyID>
<mandatory>true</mandatory>
<refColNames>visit_id</refColNames>
<transferable>true</transferable>
<rely>false</rely>
<columnDependencyConstraintGenerateInDDL>true</columnDependencyConstraintGenerateInDDL>
</FKIndexAssociation>