<?xml version = '1.0' encoding = 'UTF-8'?>
<FKIndexAssociation class="oracle.dbtools.crest.model.design.relational.FKIndexAssociation" directorySegmentName="seg_0" id="F9F462F1-19C3-CFD4-E529-BC7C12F16472" containerWithKeyObject="FCCBE500-38E5-85AE-164C-F14B4A0B95B8" localFKIndex="D0834A48-E3F1-2A9D-CE1D-F16D054EF07C" name="Objekti_Tip_objekta_FK">
<createdBy>stefa</createdBy>
<createdTime>2023-11-06 21:11:01 UTC</createdTime>
<ownerDesignName>UI DOmaci</ownerDesignName>
<referredTableLongName>Tip_objekta</referredTableLongName>
<deleteRule>NO ACTION</deleteRule>
<referredTableID>760D90D5-417A-AB5D-4040-94A39696F65D</referredTableID>
<keyObject>B05FC6DB-7045-140A-644C-FF4DE98C8B2D</keyObject>
<referredKeyID>B05FC6DB-7045-140A-644C-FF4DE98C8B2D</referredKeyID>
<mandatory>true</mandatory>
<refColNames>tip_obekta_id</refColNames>
<transferable>true</transferable>
<rely>false</rely>
<columnDependencyConstraintGenerateInDDL>true</columnDependencyConstraintGenerateInDDL>
</FKIndexAssociation>