<?xml version = '1.0' encoding = 'UTF-8'?>
<FKIndexAssociation class="oracle.dbtools.crest.model.design.relational.FKIndexAssociation" directorySegmentName="seg_1" id="0895370D-7C3D-38DB-2DD6-175308662DFF" containerWithKeyObject="9B97A21F-35D7-7BE0-9218-7D8EE41E106B" localFKIndex="BE1031EF-4996-5421-66CA-15B4737833F5" name="Racun_Naplata_lekova_FK">
<createdBy>stefa</createdBy>
<createdTime>2023-12-11 21:49:25 UTC</createdTime>
<ownerDesignName>UI DOmaci</ownerDesignName>
<referredTableLongName>Naplata_lekova</referredTableLongName>
<deleteRule>NO ACTION</deleteRule>
<referredTableID>1BA8F4AF-E0F9-9BC5-AE17-CB1DB1D029ED</referredTableID>
<keyObject>FA403F93-0ECC-B7C0-4EBA-557D5433B373</keyObject>
<referredKeyID>FA403F93-0ECC-B7C0-4EBA-557D5433B373</referredKeyID>
<mandatory>true</mandatory>
<refColNames>naplata_lekova_id</refColNames>
<transferable>true</transferable>
<rely>false</rely>
<columnDependencyConstraintGenerateInDDL>true</columnDependencyConstraintGenerateInDDL>
</FKIndexAssociation>