<?xml version = '1.0' encoding = 'UTF-8'?>
<FKIndexAssociation class="oracle.dbtools.crest.model.design.relational.FKIndexAssociation" directorySegmentName="seg_1" id="08ACF52A-E1C3-A352-8807-27AEB86709E7" containerWithKeyObject="1B76A590-0956-E4B3-057C-976D58C0857A" localFKIndex="D643EFF2-42BE-02E9-CFAB-AA50C99AB673" name="Zaposleni_Odsustvo_FK">
<createdBy>stefa</createdBy>
<createdTime>2023-12-04 21:42:16 UTC</createdTime>
<ownerDesignName>UI DOmaci</ownerDesignName>
<referredTableLongName>Odsustvo</referredTableLongName>
<deleteRule>NO ACTION</deleteRule>
<referredTableID>FCBB5226-50F5-D1A6-81D7-FAAFA0767005</referredTableID>
<keyObject>55740C41-F366-B0FB-F1EB-FE051DB4EE91</keyObject>
<referredKeyID>55740C41-F366-B0FB-F1EB-FE051DB4EE91</referredKeyID>
<mandatory>true</mandatory>
<refColNames>odsustvo_id</refColNames>
<transferable>true</transferable>
<rely>false</rely>
<columnDependencyConstraintGenerateInDDL>true</columnDependencyConstraintGenerateInDDL>
</FKIndexAssociation>