<?xml version = '1.0' encoding = 'UTF-8'?>
<FKIndexAssociation class="oracle.dbtools.crest.model.design.relational.FKIndexAssociation" directorySegmentName="seg_1" id="08EA1B95-8A01-EEFD-AA38-550368EFAB53" containerWithKeyObject="F1790E01-A821-FC42-6E67-9C0A8DD27897" localFKIndex="AC47A92E-6737-25FA-3585-E3252A8BA466" name="stavka_racuna_izvr_procedure_Izvrsenje_procedure_FK">
<createdBy>Micko</createdBy>
<createdTime>2023-12-19 12:47:47 UTC</createdTime>
<ownerDesignName>UI DOmaci</ownerDesignName>
<referredTableLongName>Izvrsenje_procedure</referredTableLongName>
<deleteRule>NO ACTION</deleteRule>
<referredTableID>7D84A237-3972-7723-B097-F4B6F8B75348</referredTableID>
<keyObject>5C2FBFAB-A74A-6C5B-FDA6-AAA4F6862FA6</keyObject>
<referredKeyID>5C2FBFAB-A74A-6C5B-FDA6-AAA4F6862FA6</referredKeyID>
<mandatory>true</mandatory>
<refColNames>id_izvrsenja</refColNames>
<transferable>true</transferable>
<rely>false</rely>
<columnDependencyConstraintGenerateInDDL>true</columnDependencyConstraintGenerateInDDL>
</FKIndexAssociation>
