<?xml version = '1.0' encoding = 'UTF-8'?>
<FKIndexAssociation class="oracle.dbtools.crest.model.design.relational.FKIndexAssociation" directorySegmentName="seg_1" id="304FBA29-CB18-7C8F-9631-7B558C4BB95C" containerWithKeyObject="A446B593-7F60-A22F-C8D8-E29E73B761C6" localFKIndex="EE1CBB2C-78A3-7ACC-3460-0380E4F9D77B" name="Lek_Apoteka_FK">
<createdBy>stefa</createdBy>
<createdTime>2023-12-11 21:55:32 UTC</createdTime>
<ownerDesignName>UI DOmaci</ownerDesignName>
<referredTableLongName>Apoteka</referredTableLongName>
<deleteRule>NO ACTION</deleteRule>
<referredTableID>F5B57E37-181D-298C-D3C0-2E3B00952876</referredTableID>
<keyObject>2F56E0BB-ED07-D39E-F0B3-3455DA28C193</keyObject>
<referredKeyID>2F56E0BB-ED07-D39E-F0B3-3455DA28C193</referredKeyID>
<mandatory>true</mandatory>
<refColNames>pharmacy_id</refColNames>
<transferable>true</transferable>
<rely>false</rely>
<columnDependencyConstraintGenerateInDDL>true</columnDependencyConstraintGenerateInDDL>
</FKIndexAssociation>