<?xml version = '1.0' encoding = 'UTF-8'?>
<FKIndexAssociation class="oracle.dbtools.crest.model.design.relational.FKIndexAssociation" directorySegmentName="seg_1" id="372FB94E-8F9C-29C8-37DD-AB1273D1C17D" containerWithKeyObject="A5B2673F-E69C-17DE-BAFE-518F4B9B13CD" localFKIndex="D6D1480E-AA00-CF16-4C35-5AB8FD5F357D" name="Terapija_Lek_FK">
<createdBy>stefa</createdBy>
<createdTime>2023-12-11 22:04:53 UTC</createdTime>
<ownerDesignName>UI DOmaci</ownerDesignName>
<referredTableLongName>Lek</referredTableLongName>
<deleteRule>NO ACTION</deleteRule>
<referredTableID>A446B593-7F60-A22F-C8D8-E29E73B761C6</referredTableID>
<keyObject>0EA84771-650B-1DE9-0FD4-7E16E0D31D3B</keyObject>
<referredKeyID>0EA84771-650B-1DE9-0FD4-7E16E0D31D3B</referredKeyID>
<mandatory>true</mandatory>
<refColNames>lek_id</refColNames>
<transferable>true</transferable>
<rely>false</rely>
<columnDependencyConstraintGenerateInDDL>true</columnDependencyConstraintGenerateInDDL>
</FKIndexAssociation>