<?xml version = '1.0' encoding = 'UTF-8'?>
<FKIndexAssociation class="oracle.dbtools.crest.model.design.relational.FKIndexAssociation" directorySegmentName="seg_1" id="3DBDF12B-5E32-E441-7A0B-125F5111015C" containerWithKeyObject="1B76A590-0956-E4B3-057C-976D58C0857A" localFKIndex="581E3266-3BE8-A609-2EE8-6A88C8AF12C0" name="Zaposleni_Godisnji_odmor_FK">
<createdBy>stefa</createdBy>
<createdTime>2023-12-04 22:16:54 UTC</createdTime>
<ownerDesignName>UI DOmaci</ownerDesignName>
<referredTableLongName>Godisnji_odmor</referredTableLongName>
<deleteRule>NO ACTION</deleteRule>
<referredTableID>80249B5D-E387-0A64-CF74-F13E9E783A30</referredTableID>
<keyObject>C31757AD-E849-11CF-8F9B-F8171321CA80</keyObject>
<referredKeyID>C31757AD-E849-11CF-8F9B-F8171321CA80</referredKeyID>
<mandatory>true</mandatory>
<refColNames>godisnji_odmor_id</refColNames>
<transferable>true</transferable>
<rely>false</rely>
<columnDependencyConstraintGenerateInDDL>true</columnDependencyConstraintGenerateInDDL>
</FKIndexAssociation>