<?xml version = '1.0' encoding = 'UTF-8'?>
<FKIndexAssociation class="oracle.dbtools.crest.model.design.relational.FKIndexAssociation" directorySegmentName="seg_1" id="3DBD4798-2201-B7CD-3439-023AFD27AEEA" containerWithKeyObject="87B3F058-A2A0-9C63-6C27-66F93C00794D" localFKIndex="2E347775-3812-2F31-38CB-68A471B92A81" name="Nabavka_materijala_Objekti_FK">
<createdBy>stefa</createdBy>
<createdTime>2023-12-11 22:12:03 UTC</createdTime>
<ownerDesignName>UI DOmaci</ownerDesignName>
<referredTableLongName>Objekti</referredTableLongName>
<deleteRule>NO ACTION</deleteRule>
<referredTableID>FCCBE500-38E5-85AE-164C-F14B4A0B95B8</referredTableID>
<keyObject>B6F6B8B3-6397-C8F9-475C-3FFAA8C21B33</keyObject>
<referredKeyID>B6F6B8B3-6397-C8F9-475C-3FFAA8C21B33</referredKeyID>
<mandatory>true</mandatory>
<refColNames>facilitie_id</refColNames>
<transferable>true</transferable>
<rely>false</rely>
<columnDependencyConstraintGenerateInDDL>true</columnDependencyConstraintGenerateInDDL>
</FKIndexAssociation>