<?xml version = '1.0' encoding = 'UTF-8'?>
<FKIndexAssociation class="oracle.dbtools.crest.model.design.relational.FKIndexAssociation" directorySegmentName="seg_1" id="66AC4641-67E4-0618-D955-122CD94EDEF4" containerWithKeyObject="50D1FAE0-4003-0CFB-183C-5BE9728A92AA" localFKIndex="132BA5CA-38BA-15AD-68EC-6C479EA392B4" name="stac_lecenje_vizita_Vizita_FK">
<createdBy>stefa</createdBy>
<createdTime>2023-12-04 21:50:27 UTC</createdTime>
<ownerDesignName>UI DOmaci</ownerDesignName>
<referredTableLongName>Vizita</referredTableLongName>
<deleteRule>NO ACTION</deleteRule>
<referredTableID>3FBFC425-CE2D-18AD-5B12-8659D9B5B4BC</referredTableID>
<keyObject>523840D7-8D8D-086A-49F0-3ADE176F6884</keyObject>
<referredKeyID>523840D7-8D8D-086A-49F0-3ADE176F6884</referredKeyID>
<mandatory>true</mandatory>
<refColNames>vizita_id</refColNames>
<transferable>true</transferable>
<rely>false</rely>
<columnDependencyConstraintGenerateInDDL>true</columnDependencyConstraintGenerateInDDL>
</FKIndexAssociation>