<?xml version = '1.0' encoding = 'UTF-8'?>
<FKIndexAssociation class="oracle.dbtools.crest.model.design.relational.FKIndexAssociation" directorySegmentName="seg_1" id="6F5E84A8-5EEC-8AB5-0CED-3EF0648DB3D1" containerWithKeyObject="F1790E01-A821-FC42-6E67-9C0A8DD27897" localFKIndex="7515267F-8A23-35E9-EC09-DA005C2EB03F" name="Naplata_izvrsenja_procedure_Izvrsenje_procedure_FK">
<createdBy>stefa</createdBy>
<createdTime>2023-12-11 21:42:40 UTC</createdTime>
<ownerDesignName>UI DOmaci</ownerDesignName>
<referredTableLongName>Izvrsenje_procedure</referredTableLongName>
<deleteRule>NO ACTION</deleteRule>
<referredTableID>7D84A237-3972-7723-B097-F4B6F8B75348</referredTableID>
<keyObject>5C2FBFAB-A74A-6C5B-FDA6-AAA4F6862FA6</keyObject>
<referredKeyID>5C2FBFAB-A74A-6C5B-FDA6-AAA4F6862FA6</referredKeyID>
<mandatory>true</mandatory>
<refColNames>id_izvrsenja</refColNames>
<transferable>true</transferable>
<rely>false</rely>
<columnDependencyConstraintGenerateInDDL>true</columnDependencyConstraintGenerateInDDL>
</FKIndexAssociation>