<?xml version = '1.0' encoding = 'UTF-8'?>
<FKIndexAssociation class="oracle.dbtools.crest.model.design.relational.FKIndexAssociation" directorySegmentName="seg_1" id="76006D9B-3B97-2FE0-347C-E8386890924D" containerWithKeyObject="87B3F058-A2A0-9C63-6C27-66F93C00794D" localFKIndex="A166F09B-57F5-E63C-971F-56C32E13E8E1" name="Nabavka_materijala_Materijal_FK">
<createdBy>stefa</createdBy>
<createdTime>2023-12-11 22:12:06 UTC</createdTime>
<ownerDesignName>UI DOmaci</ownerDesignName>
<referredTableLongName>Materijal</referredTableLongName>
<deleteRule>NO ACTION</deleteRule>
<referredTableID>93E28D85-018F-70FA-0396-32389A627486</referredTableID>
<keyObject>EA33E3A9-23E0-D5FE-2326-58A0D642961A</keyObject>
<referredKeyID>EA33E3A9-23E0-D5FE-2326-58A0D642961A</referredKeyID>
<mandatory>true</mandatory>
<refColNames>materijal_id</refColNames>
<transferable>true</transferable>
<rely>false</rely>
<columnDependencyConstraintGenerateInDDL>true</columnDependencyConstraintGenerateInDDL>
</FKIndexAssociation>