<?xml version = '1.0' encoding = 'UTF-8'?>
<FKIndexAssociation class="oracle.dbtools.crest.model.design.relational.FKIndexAssociation" directorySegmentName="seg_1" id="78AFB86C-7B32-B0AC-D513-7073938D5507" containerWithKeyObject="F1790E01-A821-FC42-6E67-9C0A8DD27897" localFKIndex="3943C49D-FA2D-CB45-36B3-C919BE9226D6" name="Naplata_izvrsenja_procedure_Racun_FK">
<createdBy>stefa</createdBy>
<createdTime>2023-12-11 21:43:10 UTC</createdTime>
<ownerDesignName>UI DOmaci</ownerDesignName>
<referredTableLongName>Racun</referredTableLongName>
<deleteRule>NO ACTION</deleteRule>
<referredTableID>9B97A21F-35D7-7BE0-9218-7D8EE41E106B</referredTableID>
<keyObject>5CC99A2E-9D9A-5A77-40F1-D91A7E764E36</keyObject>
<referredKeyID>5CC99A2E-9D9A-5A77-40F1-D91A7E764E36</referredKeyID>
<mandatory>true</mandatory>
<refColNames>racun_id</refColNames>
<transferable>true</transferable>
<rely>false</rely>
<columnDependencyConstraintGenerateInDDL>true</columnDependencyConstraintGenerateInDDL>
</FKIndexAssociation>