<?xml version = '1.0' encoding = 'UTF-8'?>
<FKIndexAssociation class="oracle.dbtools.crest.model.design.relational.FKIndexAssociation" directorySegmentName="seg_1" id="8844369A-8DE6-3A2A-EDD7-BEE3C5094B70" containerWithKeyObject="B5A64522-B256-698D-7AE3-B5BF830FB191" localFKIndex="15EA6DE0-77DE-4C84-C9FF-FAA02C81A405" name="Trenutno_stanje_materijala_Materijal_FK">
<createdBy>stefa</createdBy>
<createdTime>2023-12-11 22:09:28 UTC</createdTime>
<ownerDesignName>UI DOmaci</ownerDesignName>
<referredTableLongName>Materijal</referredTableLongName>
<deleteRule>NO ACTION</deleteRule>
<referredTableID>93E28D85-018F-70FA-0396-32389A627486</referredTableID>
<keyObject>EA33E3A9-23E0-D5FE-2326-58A0D642961A</keyObject>
<referredKeyID>EA33E3A9-23E0-D5FE-2326-58A0D642961A</referredKeyID>
<mandatory>true</mandatory>
<refColNames>materijal_id</refColNames>
<transferable>true</transferable>
<rely>false</rely>
<columnDependencyConstraintGenerateInDDL>true</columnDependencyConstraintGenerateInDDL>
</FKIndexAssociation>