<?xml version = '1.0' encoding = 'UTF-8'?>
<FKIndexAssociation class="oracle.dbtools.crest.model.design.relational.FKIndexAssociation" directorySegmentName="seg_1" id="8F285B18-DABB-0D08-3C5B-E5726F82CBD1" containerWithKeyObject="4E926F88-F00E-C0E0-88A1-D4D3CEFCF97A" localFKIndex="43645A67-3F5D-A0ED-72A7-63042B4093BB" name="Interni_prenos_leka_Bolnicko_skladiste_FK">
<createdBy>Micko</createdBy>
<createdTime>2023-12-19 13:14:22 UTC</createdTime>
<ownerDesignName>UI DOmaci</ownerDesignName>
<referredTableLongName>Bolnicko_skladiste</referredTableLongName>
<deleteRule>NO ACTION</deleteRule>
<referredTableID>BFB743C0-8661-8FE4-5634-955AE095CBF2</referredTableID>
<keyObject>75A031EB-86DC-D251-49E3-6F8A41CD06FD</keyObject>
<referredKeyID>75A031EB-86DC-D251-49E3-6F8A41CD06FD</referredKeyID>
<mandatory>true</mandatory>
<refColNames>bolnicko_skladiste_id</refColNames>
<transferable>true</transferable>
<rely>false</rely>
<columnDependencyConstraintGenerateInDDL>true</columnDependencyConstraintGenerateInDDL>
</FKIndexAssociation>
