<?xml version = '1.0' encoding = 'UTF-8'?>
<FKIndexAssociation class="oracle.dbtools.crest.model.design.relational.FKIndexAssociation" directorySegmentName="seg_1" id="A9CF906D-706C-76F8-1C85-497E5B8C2BDC" containerWithKeyObject="50D1FAE0-4003-0CFB-183C-5BE9728A92AA" localFKIndex="105D3095-3D73-54A0-E8A2-3E6D79723B35" name="stac_lecenje_vizita_Stacionarno_lecenje_FK">
<createdBy>stefa</createdBy>
<createdTime>2023-12-04 21:50:24 UTC</createdTime>
<ownerDesignName>UI DOmaci</ownerDesignName>
<referredTableLongName>Stacionarno_lecenje</referredTableLongName>
<deleteRule>NO ACTION</deleteRule>
<referredTableID>1D74AE94-D743-FF95-6CF1-A335BD6B14F1</referredTableID>
<keyObject>19833349-142E-6043-678A-F6042B843CE6</keyObject>
<referredKeyID>19833349-142E-6043-678A-F6042B843CE6</referredKeyID>
<mandatory>true</mandatory>
<refColNames>stacionarno_lecenje</refColNames>
<transferable>true</transferable>
<rely>false</rely>
<columnDependencyConstraintGenerateInDDL>true</columnDependencyConstraintGenerateInDDL>
</FKIndexAssociation>