<?xml version = '1.0' encoding = 'UTF-8'?>
<FKIndexAssociation class="oracle.dbtools.crest.model.design.relational.FKIndexAssociation" directorySegmentName="seg_1" id="BAE2EDAE-7A3F-EE75-C86C-8486E9DED9D5" containerWithKeyObject="79572581-2755-FB24-8325-F67756EB0A8E" localFKIndex="AE16D175-19ED-2459-71F4-3D38886BEF06" name="Istorija_trosenja_materijala_Materijal_FK">
<createdBy>stefa</createdBy>
<createdTime>2023-12-11 22:09:35 UTC</createdTime>
<ownerDesignName>UI DOmaci</ownerDesignName>
<referredTableLongName>Materijal</referredTableLongName>
<deleteRule>NO ACTION</deleteRule>
<referredTableID>93E28D85-018F-70FA-0396-32389A627486</referredTableID>
<keyObject>EA33E3A9-23E0-D5FE-2326-58A0D642961A</keyObject>
<referredKeyID>EA33E3A9-23E0-D5FE-2326-58A0D642961A</referredKeyID>
<mandatory>true</mandatory>
<refColNames>materijal_id</refColNames>
<transferable>true</transferable>
<rely>false</rely>
<columnDependencyConstraintGenerateInDDL>true</columnDependencyConstraintGenerateInDDL>
</FKIndexAssociation>