<?xml version = '1.0' encoding = 'UTF-8'?>
<FKIndexAssociation class="oracle.dbtools.crest.model.design.relational.FKIndexAssociation" directorySegmentName="seg_1" id="C53C757D-2DD0-5A05-EFF3-0E40BC354FAE" containerWithKeyObject="CF855A6C-DD4A-2295-B80D-7C509C2059D7" localFKIndex="E5F54434-A2E5-B73C-87FA-5AE2F835954A" name="Troskovi_lecenja_Pacijent_FK">
<createdBy>stefa</createdBy>
<createdTime>2023-12-04 22:08:51 UTC</createdTime>
<ownerDesignName>UI DOmaci</ownerDesignName>
<referredTableLongName>Pacijent</referredTableLongName>
<deleteRule>NO ACTION</deleteRule>
<referredTableID>D1BA6672-34F5-2CBE-56D2-0235F59B63F0</referredTableID>
<keyObject>359FBA72-19BC-E720-71B1-275197E234D6</keyObject>
<referredKeyID>359FBA72-19BC-E720-71B1-275197E234D6</referredKeyID>
<mandatory>true</mandatory>
<refColNames>patient_id</refColNames>
<transferable>true</transferable>
<rely>false</rely>
<columnDependencyConstraintGenerateInDDL>true</columnDependencyConstraintGenerateInDDL>
</FKIndexAssociation>