<?xml version = '1.0' encoding = 'UTF-8'?>
<FKIndexAssociation class="oracle.dbtools.crest.model.design.relational.FKIndexAssociation" directorySegmentName="seg_1" id="C7D00FEC-B358-A28C-B751-9DAF209DDEE7" containerWithKeyObject="34509BB5-1478-9A8A-0288-56605A26B670" localFKIndex="1ED969D2-BE9B-BE8A-4AE9-3A01541A9110" name="Nabavka_Lek_FK">
<createdBy>stefa</createdBy>
<createdTime>2023-12-11 22:02:49 UTC</createdTime>
<ownerDesignName>UI DOmaci</ownerDesignName>
<referredTableLongName>Lek</referredTableLongName>
<deleteRule>NO ACTION</deleteRule>
<referredTableID>A446B593-7F60-A22F-C8D8-E29E73B761C6</referredTableID>
<keyObject>0EA84771-650B-1DE9-0FD4-7E16E0D31D3B</keyObject>
<referredKeyID>0EA84771-650B-1DE9-0FD4-7E16E0D31D3B</referredKeyID>
<mandatory>true</mandatory>
<refColNames>lek_id</refColNames>
<transferable>true</transferable>
<rely>false</rely>
<columnDependencyConstraintGenerateInDDL>true</columnDependencyConstraintGenerateInDDL>
</FKIndexAssociation>