<?xml version = '1.0' encoding = 'UTF-8'?>
<FKIndexAssociation class="oracle.dbtools.crest.model.design.relational.FKIndexAssociation" directorySegmentName="seg_1" id="D9FDA491-690A-D371-9ADE-AD723FA872C8" containerWithKeyObject="9FE0AEB5-FC2D-C435-6EF1-E088CE348996" localFKIndex="F51DFB29-885A-FD4B-71D7-9A9098AA63CA" name="Uput_Tip_uputa_FK">
<createdBy>stefa</createdBy>
<createdTime>2023-12-04 22:04:13 UTC</createdTime>
<ownerDesignName>UI DOmaci</ownerDesignName>
<referredTableLongName>Tip_uputa</referredTableLongName>
<deleteRule>NO ACTION</deleteRule>
<referredTableID>DCF2946C-8C65-0309-E6D7-A9505FD3A678</referredTableID>
<keyObject>830CD288-949D-BDE4-6845-48360146CB12</keyObject>
<referredKeyID>830CD288-949D-BDE4-6845-48360146CB12</referredKeyID>
<mandatory>true</mandatory>
<refColNames>tip_uputa_id</refColNames>
<transferable>true</transferable>
<rely>false</rely>
<columnDependencyConstraintGenerateInDDL>true</columnDependencyConstraintGenerateInDDL>
</FKIndexAssociation>