<?xml version = '1.0' encoding = 'UTF-8'?>
<FKIndexAssociation class="oracle.dbtools.crest.model.design.relational.FKIndexAssociation" directorySegmentName="seg_1" id="DD45B279-EC16-A45F-2207-10CA49BB5FA0" containerWithKeyObject="689B8DBB-F54A-E428-47F6-C1EB99646630" localFKIndex="2ED06048-2360-E2DE-2A21-85A6C32C92B1" name="Istorija_promene_stanja_Lek_FK">
<createdBy>Micko</createdBy>
<createdTime>2023-12-19 12:55:24 UTC</createdTime>
<ownerDesignName>UI DOmaci</ownerDesignName>
<referredTableLongName>Lek</referredTableLongName>
<deleteRule>NO ACTION</deleteRule>
<referredTableID>A446B593-7F60-A22F-C8D8-E29E73B761C6</referredTableID>
<keyObject>0EA84771-650B-1DE9-0FD4-7E16E0D31D3B</keyObject>
<referredKeyID>0EA84771-650B-1DE9-0FD4-7E16E0D31D3B</referredKeyID>
<mandatory>true</mandatory>
<refColNames>lek_id</refColNames>
<transferable>true</transferable>
<rely>false</rely>
<columnDependencyConstraintGenerateInDDL>true</columnDependencyConstraintGenerateInDDL>
</FKIndexAssociation>
