<?xml version = '1.0' encoding = 'UTF-8'?>
<FKIndexAssociation class="oracle.dbtools.crest.model.design.relational.FKIndexAssociation" directorySegmentName="seg_1" id="E16BDD45-4A2A-06BC-B1D0-0A4AE329574B" containerWithKeyObject="CF855A6C-DD4A-2295-B80D-7C509C2059D7" localFKIndex="0A89E620-E03F-C06E-4791-E7EB6890C76E" name="Troskovi_lecenja_Izvestaj_FK">
<createdBy>stefa</createdBy>
<createdTime>2023-12-04 22:09:02 UTC</createdTime>
<ownerDesignName>UI DOmaci</ownerDesignName>
<referredTableLongName>Izvestaj</referredTableLongName>
<deleteRule>NO ACTION</deleteRule>
<referredTableID>8D538C8E-D039-3416-4EAC-C08B35DF450C</referredTableID>
<keyObject>162FD10B-32D2-696F-3240-7A97B9DECFDD</keyObject>
<referredKeyID>162FD10B-32D2-696F-3240-7A97B9DECFDD</referredKeyID>
<mandatory>true</mandatory>
<refColNames>visit_id</refColNames>
<transferable>true</transferable>
<rely>false</rely>
<columnDependencyConstraintGenerateInDDL>true</columnDependencyConstraintGenerateInDDL>
</FKIndexAssociation>