<?xml version = '1.0' encoding = 'UTF-8'?>
<FKIndexAssociation class="oracle.dbtools.crest.model.design.relational.FKIndexAssociation" directorySegmentName="seg_1" id="FBD112E9-A801-2C05-4AF6-182BD059C10F" containerWithKeyObject="CD3F5875-93EA-A6B0-9EF7-8F072448FC58" localFKIndex="9862804C-88A9-6CF5-D37F-4F66A631B3B0" name="Smenski_raspored_Tip_smene_FK">
<createdBy>stefa</createdBy>
<createdTime>2023-12-04 21:44:12 UTC</createdTime>
<ownerDesignName>UI DOmaci</ownerDesignName>
<referredTableLongName>Tip_smene</referredTableLongName>
<deleteRule>NO ACTION</deleteRule>
<referredTableID>82A93AE5-9C50-4B81-1975-A13098121485</referredTableID>
<keyObject>6D39CE61-A3B9-EC41-B8AB-C04090B76B7F</keyObject>
<referredKeyID>6D39CE61-A3B9-EC41-B8AB-C04090B76B7F</referredKeyID>
<mandatory>true</mandatory>
<refColNames>tip_smene_id</refColNames>
<transferable>true</transferable>
<rely>false</rely>
<columnDependencyConstraintGenerateInDDL>true</columnDependencyConstraintGenerateInDDL>
</FKIndexAssociation>