<?xml version = '1.0' encoding = 'UTF-8'?>
<Table class="oracle.dbtools.crest.model.design.relational.Table" directorySegmentName="seg_1" id="0FAF72AD-5302-FF94-CC9A-DB0E8448F9C9" name="tip_promene_stanja_leka">
<createdBy>Micko</createdBy>
<createdTime>2023-12-19 12:56:09 UTC</createdTime>
<ownerDesignName>UI DOmaci</ownerDesignName>
<ordsAlias>table_71</ordsAlias>
<allowColumnReorder>false</allowColumnReorder>
<existDependencyGenerateInDDl>true</existDependencyGenerateInDDl>
<parsed>true</parsed>
<columns itemClass="oracle.dbtools.crest.model.design.relational.Column">
<Column name="tip_promene_id" id="8343E872-36E6-7227-8770-D6FFB1694430">
<createdBy>Micko</createdBy>
<createdTime>2023-12-19 12:56:56 UTC</createdTime>
<ownerDesignName>UI DOmaci</ownerDesignName>
<useDomainConstraints>false</useDomainConstraints>
<use>1</use>
<logicalDatatype>LOGDT027</logicalDatatype>
<ownDataTypeParameters>,,</ownDataTypeParameters>
<autoIncrementCycle>false</autoIncrementCycle>
</Column>
<Column name="naziv" id="DFFB3359-8E12-BD46-C1BE-1636AD1743FD">
<createdBy>Micko</createdBy>
<createdTime>2023-12-19 12:56:56 UTC</createdTime>
<ownerDesignName>UI DOmaci</ownerDesignName>
<nullsAllowed>true</nullsAllowed>
<useDomainConstraints>false</useDomainConstraints>
<use>1</use>
<logicalDatatype>LOGDT024</logicalDatatype>
<ownDataTypeParameters>,,</ownDataTypeParameters>
<autoIncrementCycle>false</autoIncrementCycle>
</Column>
<Column name="opis" id="295EFDE1-1D7D-B444-EF3C-087A7B4F904F">
<createdBy>Micko</createdBy>
<createdTime>2023-12-19 12:56:56 UTC</createdTime>
<ownerDesignName>UI DOmaci</ownerDesignName>
<nullsAllowed>true</nullsAllowed>
<useDomainConstraints>false</useDomainConstraints>
<use>1</use>
<logicalDatatype>LOGDT024</logicalDatatype>
<ownDataTypeParameters>,,</ownDataTypeParameters>
<autoIncrementCycle>false</autoIncrementCycle>
</Column>
</columns>
<indexes itemClass="oracle.dbtools.crest.model.design.relational.Index">
<ind_PK_UK id="328544C6-3C3F-09E4-C1D3-F0032E561AC0" name="tip_promene_stanja_leka_PK">
<createdBy>Micko</createdBy>
<createdTime>2023-12-19 12:56:56 UTC</createdTime>
<ownerDesignName>UI DOmaci</ownerDesignName>
<pk>true</pk>
<indexState>Primary Constraint</indexState>
<isSurrogateKey>false</isSurrogateKey>
<indexColumnUsage>
<colUsage columnID="8343E872-36E6-7227-8770-D6FFB1694430"/>
</indexColumnUsage>
</ind_PK_UK>
</indexes>
</Table>
