<?xml version = '1.0' encoding = 'UTF-8'?>
<Table class="oracle.dbtools.crest.model.design.relational.Table" directorySegmentName="seg_1" id="1661F9E8-CD32-F5DB-3212-03E74CED4EAF" name="tip_promene_st_materijala">
<createdBy>Micko</createdBy>
<createdTime>2023-12-19 13:06:40 UTC</createdTime>
<ownerDesignName>UI DOmaci</ownerDesignName>
<ordsAlias>table_74</ordsAlias>
<allowColumnReorder>false</allowColumnReorder>
<existDependencyGenerateInDDl>true</existDependencyGenerateInDDl>
<parsed>true</parsed>
<columns itemClass="oracle.dbtools.crest.model.design.relational.Column">
<Column name="promena_materijala_id" id="D3E08550-E07A-F64E-9160-25C7DD770D7D">
<createdBy>Micko</createdBy>
<createdTime>2023-12-19 13:07:23 UTC</createdTime>
<ownerDesignName>UI DOmaci</ownerDesignName>
<useDomainConstraints>false</useDomainConstraints>
<use>1</use>
<logicalDatatype>LOGDT027</logicalDatatype>
<ownDataTypeParameters>,,</ownDataTypeParameters>
<autoIncrementCycle>false</autoIncrementCycle>
</Column>
<Column name="naziv" id="13847777-ABC9-D965-DC93-0C23AF1AAE80">
<createdBy>Micko</createdBy>
<createdTime>2023-12-19 13:07:23 UTC</createdTime>
<ownerDesignName>UI DOmaci</ownerDesignName>
<nullsAllowed>true</nullsAllowed>
<useDomainConstraints>false</useDomainConstraints>
<use>1</use>
<logicalDatatype>LOGDT024</logicalDatatype>
<ownDataTypeParameters>,,</ownDataTypeParameters>
<autoIncrementCycle>false</autoIncrementCycle>
</Column>
<Column name="opis" id="44CE1395-A622-5E8D-2E2C-8BC8BD6229BA">
<createdBy>Micko</createdBy>
<createdTime>2023-12-19 13:07:23 UTC</createdTime>
<ownerDesignName>UI DOmaci</ownerDesignName>
<nullsAllowed>true</nullsAllowed>
<useDomainConstraints>false</useDomainConstraints>
<use>1</use>
<logicalDatatype>LOGDT024</logicalDatatype>
<ownDataTypeParameters>,,</ownDataTypeParameters>
<autoIncrementCycle>false</autoIncrementCycle>
</Column>
</columns>
<indexes itemClass="oracle.dbtools.crest.model.design.relational.Index">
<ind_PK_UK id="F97633FF-E38A-BF1C-1612-D6B7FEAD7025" name="tip_promene_st_materijala_PK">
<createdBy>Micko</createdBy>
<createdTime>2023-12-19 13:07:23 UTC</createdTime>
<ownerDesignName>UI DOmaci</ownerDesignName>
<pk>true</pk>
<indexState>Primary Constraint</indexState>
<isSurrogateKey>false</isSurrogateKey>
<indexColumnUsage>
<colUsage columnID="D3E08550-E07A-F64E-9160-25C7DD770D7D"/>
</indexColumnUsage>
</ind_PK_UK>
</indexes>
</Table>
