<?xml version = '1.0' encoding = 'UTF-8'?>
<Table class="oracle.dbtools.crest.model.design.relational.Table" directorySegmentName="seg_0" id="003E0561-1324-4BE8-3481-C6922FCDA3D3" name="Isplata_bonusa">
<createdBy>stefa</createdBy>
<createdTime>2023-12-04 21:27:13 UTC</createdTime>
<ownerDesignName>UI DOmaci</ownerDesignName>
<ordsAlias>table_49</ordsAlias>
<allowColumnReorder>false</allowColumnReorder>
<existDependencyGenerateInDDl>true</existDependencyGenerateInDDl>
<parsed>true</parsed>
<columns itemClass="oracle.dbtools.crest.model.design.relational.Column">
<Column name="isplata_bonusa_id" id="A68F0557-9E27-8559-80A0-7F29707F215C">
<createdBy>stefa</createdBy>
<createdTime>2023-12-04 21:27:32 UTC</createdTime>
<ownerDesignName>UI DOmaci</ownerDesignName>
<useDomainConstraints>false</useDomainConstraints>
<use>1</use>
<logicalDatatype>LOGDT027</logicalDatatype>
<ownDataTypeParameters>,,</ownDataTypeParameters>
<autoIncrementCycle>false</autoIncrementCycle>
</Column>
<Column name="procenat_isplate" id="99538802-E125-1BE2-5082-3DB73EC62083">
<createdBy>stefa</createdBy>
<createdTime>2023-12-04 21:34:40 UTC</createdTime>
<ownerDesignName>UI DOmaci</ownerDesignName>
<nullsAllowed>true</nullsAllowed>
<useDomainConstraints>false</useDomainConstraints>
<use>1</use>
<logicalDatatype>LOGDT020</logicalDatatype>
<ownDataTypeParameters>,,</ownDataTypeParameters>
<autoIncrementCycle>false</autoIncrementCycle>
</Column>
</columns>
<indexes itemClass="oracle.dbtools.crest.model.design.relational.Index">
<ind_PK_UK id="7BA4A5B3-69E0-2489-CD8D-DCB723E21EF8" name="Isplata_bonusa_PK">
<createdBy>stefa</createdBy>
<createdTime>2023-12-04 21:27:32 UTC</createdTime>
<ownerDesignName>UI DOmaci</ownerDesignName>
<pk>true</pk>
<indexState>Primary Constraint</indexState>
<isSurrogateKey>false</isSurrogateKey>
<indexColumnUsage>
<colUsage columnID="A68F0557-9E27-8559-80A0-7F29707F215C"/>
</indexColumnUsage>
</ind_PK_UK>
</indexes>
</Table>