<?xml version = '1.0' encoding = 'UTF-8'?>
<Table class="oracle.dbtools.crest.model.design.relational.Table" directorySegmentName="seg_0" id="075F9301-DFCD-BCB4-C7D1-94F4E690CED7" name="Hitna_pomoc">
<createdBy>stefa</createdBy>
<createdTime>2023-11-06 21:29:03 UTC</createdTime>
<ownerDesignName>UI DOmaci</ownerDesignName>
<ordsAlias>table_28</ordsAlias>
<allowColumnReorder>false</allowColumnReorder>
<existDependencyGenerateInDDl>true</existDependencyGenerateInDDl>
<parsed>true</parsed>
<columns itemClass="oracle.dbtools.crest.model.design.relational.Column">
<Column name="hitna_pomoc_id" id="D09808CD-F4F9-5FC0-3247-8AE28E06C30B">
<createdBy>stefa</createdBy>
<createdTime>2023-11-06 21:29:22 UTC</createdTime>
<ownerDesignName>UI DOmaci</ownerDesignName>
<useDomainConstraints>false</useDomainConstraints>
<use>1</use>
<logicalDatatype>LOGDT027</logicalDatatype>
<ownDataTypeParameters>,,</ownDataTypeParameters>
<autoIncrementCycle>false</autoIncrementCycle>
</Column>
<Column name="Objekti_facilitie_id" id="10AB92C8-CE5F-D3D9-39E4-6BA28A826DA1">
<createdBy>stefa</createdBy>
<createdTime>2023-11-06 21:32:48 UTC</createdTime>
<ownerDesignName>UI DOmaci</ownerDesignName>
<useDomainConstraints>false</useDomainConstraints>
<use>1</use>
<logicalDatatype>LOGDT027</logicalDatatype>
<ownDataTypeParameters>,,</ownDataTypeParameters>
<previousColumn>false</previousColumn>
<autoIncrementCycle>false</autoIncrementCycle>
<associations>
<colAssociation fkAssociation="82E8BDA9-5B96-807C-F46B-A5F9B4DE2DAB" referredColumn="167C5615-BA31-3FB9-4C74-0A05E51263D6"/>
</associations>
</Column>
</columns>
<indexes itemClass="oracle.dbtools.crest.model.design.relational.Index">
<ind_PK_UK id="0F3B1DC3-C372-FD38-A68B-07D3FEB835D1" name="Hitna_pomoc_PK">
<createdBy>stefa</createdBy>
<createdTime>2023-11-06 21:29:22 UTC</createdTime>
<ownerDesignName>UI DOmaci</ownerDesignName>
<pk>true</pk>
<indexState>Primary Constraint</indexState>
<isSurrogateKey>false</isSurrogateKey>
<indexColumnUsage>
<colUsage columnID="D09808CD-F4F9-5FC0-3247-8AE28E06C30B"/>
</indexColumnUsage>
</ind_PK_UK>
<ind_PK_UK id="AC3287AA-04D4-CCCA-D587-2C03C63F3BC4" name="Hitna_pomoc_Objekti_FK">
<createdBy>stefa</createdBy>
<createdTime>2023-11-06 21:32:48 UTC</createdTime>
<ownerDesignName>UI DOmaci</ownerDesignName>
<indexState>Foreign Key</indexState>
<isSurrogateKey>false</isSurrogateKey>
<indexColumnUsage>
<colUsage columnID="10AB92C8-CE5F-D3D9-39E4-6BA28A826DA1"/>
</indexColumnUsage>
</ind_PK_UK>
</indexes>
</Table>