<?xml version = '1.0' encoding = 'UTF-8'?>
<Table class="oracle.dbtools.crest.model.design.relational.Table" directorySegmentName="seg_0" id="1B76A590-0956-E4B3-057C-976D58C0857A" name="Zaposleni">
<createdBy>stefa</createdBy>
<createdTime>2023-10-23 19:19:04 UTC</createdTime>
<ownerDesignName>UI DOmaci</ownerDesignName>
<ordsAlias>table_15</ordsAlias>
<allowColumnReorder>false</allowColumnReorder>
<existDependencyGenerateInDDl>true</existDependencyGenerateInDDl>
<parsed>true</parsed>
<columns itemClass="oracle.dbtools.crest.model.design.relational.Column">
<Column name="person_id" id="D5A6E847-7832-B361-21A0-F43267729A09">
<createdBy>stefa</createdBy>
<createdTime>2023-10-23 19:21:30 UTC</createdTime>
<ownerDesignName>UI DOmaci</ownerDesignName>
<useDomainConstraints>false</useDomainConstraints>
<use>1</use>
<logicalDatatype>LOGDT027</logicalDatatype>
<ownDataTypeParameters>,,</ownDataTypeParameters>
<autoIncrementCycle>false</autoIncrementCycle>
</Column>
<Column name="name" id="FCFF3030-A7B5-7501-0121-DEE7486C7C52">
<createdBy>stefa</createdBy>
<createdTime>2023-10-23 19:21:30 UTC</createdTime>
<ownerDesignName>UI DOmaci</ownerDesignName>
<nullsAllowed>true</nullsAllowed>
<useDomainConstraints>false</useDomainConstraints>
<use>1</use>
<logicalDatatype>LOGDT024</logicalDatatype>
<ownDataTypeParameters>,,</ownDataTypeParameters>
<autoIncrementCycle>false</autoIncrementCycle>
</Column>
<Column name="adress" id="7BA56FCD-3BEA-FBEC-316B-C25D7D681B61">
<createdBy>stefa</createdBy>
<createdTime>2023-10-23 19:21:30 UTC</createdTime>
<ownerDesignName>UI DOmaci</ownerDesignName>
<nullsAllowed>true</nullsAllowed>
<useDomainConstraints>false</useDomainConstraints>
<use>1</use>
<logicalDatatype>LOGDT024</logicalDatatype>
<ownDataTypeParameters>,,</ownDataTypeParameters>
<autoIncrementCycle>false</autoIncrementCycle>
</Column>
<Column name="phone_number" id="356AC902-0174-9BAC-4723-5B754E778182">
<createdBy>stefa</createdBy>
<createdTime>2023-10-23 19:21:30 UTC</createdTime>
<ownerDesignName>UI DOmaci</ownerDesignName>
<nullsAllowed>true</nullsAllowed>
<useDomainConstraints>false</useDomainConstraints>
<use>1</use>
<logicalDatatype>LOGDT024</logicalDatatype>
<ownDataTypeParameters>,,</ownDataTypeParameters>
<autoIncrementCycle>false</autoIncrementCycle>
</Column>
<Column name="email" id="FB6B1215-276D-EE15-A893-5752DE7B1740">
<createdBy>stefa</createdBy>
<createdTime>2023-10-23 19:21:30 UTC</createdTime>
<ownerDesignName>UI DOmaci</ownerDesignName>
<nullsAllowed>true</nullsAllowed>
<useDomainConstraints>false</useDomainConstraints>
<use>1</use>
<logicalDatatype>LOGDT024</logicalDatatype>
<ownDataTypeParameters>,,</ownDataTypeParameters>
<autoIncrementCycle>false</autoIncrementCycle>
</Column>
<Column name="jmbg" id="0371BD04-95EE-FE89-15BF-73105E664CD9">
<createdBy>stefa</createdBy>
<createdTime>2023-10-23 19:21:30 UTC</createdTime>
<ownerDesignName>UI DOmaci</ownerDesignName>
<nullsAllowed>true</nullsAllowed>
<useDomainConstraints>false</useDomainConstraints>
<use>1</use>
<logicalDatatype>LOGDT024</logicalDatatype>
<ownDataTypeParameters>,,</ownDataTypeParameters>
<autoIncrementCycle>false</autoIncrementCycle>
</Column>
<Column name="pozicija_pozicija_id" id="9AB062FC-3A1B-4B42-3EF7-5A8335A617F4">
<createdBy>stefa</createdBy>
<createdTime>2023-11-13 22:18:42 UTC</createdTime>
<ownerDesignName>UI DOmaci</ownerDesignName>
<useDomainConstraints>false</useDomainConstraints>
<use>1</use>
<logicalDatatype>LOGDT027</logicalDatatype>
<ownDataTypeParameters>,,</ownDataTypeParameters>
<previousColumn>false</previousColumn>
<autoIncrementCycle>false</autoIncrementCycle>
<associations>
<colAssociation fkAssociation="82A78441-6FE9-414D-CE28-946D399AEF18" referredColumn="6E07A010-F873-22D2-3C94-BE7606765C74"/>
</associations>
</Column>
<Column name="Ugovor_ugovor_id" id="48EF5B2B-3157-3243-49AE-C999C568A922">
<createdBy>stefa</createdBy>
<createdTime>2023-11-13 22:20:56 UTC</createdTime>
<ownerDesignName>UI DOmaci</ownerDesignName>
<useDomainConstraints>false</useDomainConstraints>
<use>1</use>
<logicalDatatype>LOGDT027</logicalDatatype>
<ownDataTypeParameters>,,</ownDataTypeParameters>
<previousColumn>false</previousColumn>
<autoIncrementCycle>false</autoIncrementCycle>
<associations>
<colAssociation fkAssociation="EC1E8C49-F5CE-1D76-ED67-22E0D6536258" referredColumn="49B9DC2A-1C67-A41D-B10C-EB35732099BC"/>
</associations>
</Column>
<Column name="Sertifikat_sertifikat_id" id="836E945B-9437-CAD3-2F7A-A59DE76DAD96">
<createdBy>stefa</createdBy>
<createdTime>2023-11-13 22:26:08 UTC</createdTime>
<ownerDesignName>UI DOmaci</ownerDesignName>
<useDomainConstraints>false</useDomainConstraints>
<use>1</use>
<logicalDatatype>LOGDT027</logicalDatatype>
<ownDataTypeParameters>,,</ownDataTypeParameters>
<previousColumn>false</previousColumn>
<autoIncrementCycle>false</autoIncrementCycle>
<associations>
<colAssociation fkAssociation="EC06755E-489C-1B14-B479-CA4D51C425A6" referredColumn="40C665C4-24BB-8116-197D-89B4F3D67C6E"/>
</associations>
</Column>
</columns>
<indexes itemClass="oracle.dbtools.crest.model.design.relational.Index">
<ind_PK_UK id="286870B4-0C28-5358-672C-23A7AA16957B" name="Person_PK">
<createdBy>stefa</createdBy>
<createdTime>2023-10-23 19:21:30 UTC</createdTime>
<ownerDesignName>UI DOmaci</ownerDesignName>
<pk>true</pk>
<indexState>Primary Constraint</indexState>
<isSurrogateKey>false</isSurrogateKey>
<indexColumnUsage>
<colUsage columnID="D5A6E847-7832-B361-21A0-F43267729A09"/>
</indexColumnUsage>
</ind_PK_UK>
<ind_PK_UK id="0B671997-B45F-527A-3C45-3A70B99F4221" name="Zaposleni_pozicija_FK">
<createdBy>stefa</createdBy>
<createdTime>2023-11-13 22:18:42 UTC</createdTime>
<ownerDesignName>UI DOmaci</ownerDesignName>
<indexState>Foreign Key</indexState>
<isSurrogateKey>false</isSurrogateKey>
<indexColumnUsage>
<colUsage columnID="9AB062FC-3A1B-4B42-3EF7-5A8335A617F4"/>
</indexColumnUsage>
</ind_PK_UK>
<ind_PK_UK id="10E9DAC9-D588-0F61-25A0-6F96EA5D12B2" name="Zaposleni_Ugovor_FK">
<createdBy>stefa</createdBy>
<createdTime>2023-11-13 22:20:56 UTC</createdTime>
<ownerDesignName>UI DOmaci</ownerDesignName>
<indexState>Foreign Key</indexState>
<isSurrogateKey>false</isSurrogateKey>
<indexColumnUsage>
<colUsage columnID="48EF5B2B-3157-3243-49AE-C999C568A922"/>
</indexColumnUsage>
</ind_PK_UK>
<ind_PK_UK id="4B4C0695-F827-4678-1FC4-A31A2F937EB7" name="Zaposleni_Sertifikat_FK">
<createdBy>stefa</createdBy>
<createdTime>2023-11-13 22:26:08 UTC</createdTime>
<ownerDesignName>UI DOmaci</ownerDesignName>
<indexState>Foreign Key</indexState>
<isSurrogateKey>false</isSurrogateKey>
<indexColumnUsage>
<colUsage columnID="836E945B-9437-CAD3-2F7A-A59DE76DAD96"/>
</indexColumnUsage>
</ind_PK_UK>
</indexes>
</Table>