<?xml version = '1.0' encoding = 'UTF-8'?>
<Table class="oracle.dbtools.crest.model.design.relational.Table" directorySegmentName="seg_0" id="1BA8F4AF-E0F9-9BC5-AE17-CB1DB1D029ED" name="Naplata_lekova">
<createdBy>stefa</createdBy>
<createdTime>2023-12-11 21:44:47 UTC</createdTime>
<ownerDesignName>UI DOmaci</ownerDesignName>
<ordsAlias>table_64</ordsAlias>
<allowColumnReorder>false</allowColumnReorder>
<existDependencyGenerateInDDl>true</existDependencyGenerateInDDl>
<parsed>true</parsed>
<columns itemClass="oracle.dbtools.crest.model.design.relational.Column">
<Column name="naplata_lekova_id" id="380AB40C-82AA-508C-6F05-804AA9D00D2B">
<createdBy>stefa</createdBy>
<createdTime>2023-12-11 21:45:27 UTC</createdTime>
<ownerDesignName>UI DOmaci</ownerDesignName>
<useDomainConstraints>false</useDomainConstraints>
<use>1</use>
<logicalDatatype>LOGDT027</logicalDatatype>
<ownDataTypeParameters>,,</ownDataTypeParameters>
<autoIncrementCycle>false</autoIncrementCycle>
</Column>
<Column name="vreme" id="DAFF97AF-CDEC-FC5F-3AEF-9FF20DB62E56">
<createdBy>stefa</createdBy>
<createdTime>2023-12-11 21:45:27 UTC</createdTime>
<ownerDesignName>UI DOmaci</ownerDesignName>
<nullsAllowed>true</nullsAllowed>
<useDomainConstraints>false</useDomainConstraints>
<use>1</use>
<logicalDatatype>LOGDT007</logicalDatatype>
<ownDataTypeParameters>,,</ownDataTypeParameters>
<autoIncrementCycle>false</autoIncrementCycle>
</Column>
<Column name="pokrice_osiguranja" id="79DFD1F8-2CBB-F4B8-4548-1D3B10EBEBB6">
<createdBy>stefa</createdBy>
<createdTime>2023-12-11 21:45:27 UTC</createdTime>
<ownerDesignName>UI DOmaci</ownerDesignName>
<nullsAllowed>true</nullsAllowed>
<useDomainConstraints>false</useDomainConstraints>
<use>1</use>
<logicalDatatype>LOGDT021</logicalDatatype>
<ownDataTypeParameters>,,</ownDataTypeParameters>
<autoIncrementCycle>false</autoIncrementCycle>
</Column>
<Column name="Lek_lek_id" id="F10D73C0-F2DE-5CE2-10DF-F11FB8C356B6">
<createdBy>stefa</createdBy>
<createdTime>2023-12-11 21:52:41 UTC</createdTime>
<ownerDesignName>UI DOmaci</ownerDesignName>
<useDomainConstraints>false</useDomainConstraints>
<use>1</use>
<logicalDatatype>LOGDT027</logicalDatatype>
<ownDataTypeParameters>,,</ownDataTypeParameters>
<previousColumn>false</previousColumn>
<autoIncrementCycle>false</autoIncrementCycle>
<associations>
<colAssociation fkAssociation="0F380E30-F533-57FC-BFE0-E0D05D67746D" referredColumn="EB5768F8-E4D9-595B-2BBC-79926D73C8A5"/>
</associations>
</Column>
</columns>
<indexes itemClass="oracle.dbtools.crest.model.design.relational.Index">
<ind_PK_UK id="FA403F93-0ECC-B7C0-4EBA-557D5433B373" name="Naplata_lekova_PK">
<createdBy>stefa</createdBy>
<createdTime>2023-12-11 21:45:27 UTC</createdTime>
<ownerDesignName>UI DOmaci</ownerDesignName>
<pk>true</pk>
<indexState>Primary Constraint</indexState>
<isSurrogateKey>false</isSurrogateKey>
<indexColumnUsage>
<colUsage columnID="380AB40C-82AA-508C-6F05-804AA9D00D2B"/>
</indexColumnUsage>
</ind_PK_UK>
<ind_PK_UK id="EB3C84BD-7AA0-4125-7219-5526CD35AF71" name="Naplata_lekova_Lek_FK">
<createdBy>stefa</createdBy>
<createdTime>2023-12-11 21:52:41 UTC</createdTime>
<ownerDesignName>UI DOmaci</ownerDesignName>
<indexState>Foreign Key</indexState>
<isSurrogateKey>false</isSurrogateKey>
<indexColumnUsage>
<colUsage columnID="F10D73C0-F2DE-5CE2-10DF-F11FB8C356B6"/>
</indexColumnUsage>
</ind_PK_UK>
</indexes>
</Table>