<?xml version = '1.0' encoding = 'UTF-8'?>
<Table class="oracle.dbtools.crest.model.design.relational.Table" directorySegmentName="seg_0" id="1D74AE94-D743-FF95-6CF1-A335BD6B14F1" name="Stacionarno_lecenje">
<createdBy>stefa</createdBy>
<createdTime>2023-10-23 20:17:06 UTC</createdTime>
<ownerDesignName>UI DOmaci</ownerDesignName>
<ordsAlias>table_29</ordsAlias>
<allowColumnReorder>false</allowColumnReorder>
<existDependencyGenerateInDDl>true</existDependencyGenerateInDDl>
<parsed>true</parsed>
<columns itemClass="oracle.dbtools.crest.model.design.relational.Column">
<Column name="stacionarno_lecenje" id="6B27A531-EE9B-DEA2-E823-96BF741F2D1C">
<createdBy>stefa</createdBy>
<createdTime>2023-10-23 20:22:29 UTC</createdTime>
<ownerDesignName>UI DOmaci</ownerDesignName>
<useDomainConstraints>false</useDomainConstraints>
<use>1</use>
<logicalDatatype>LOGDT027</logicalDatatype>
<ownDataTypeParameters>,,</ownDataTypeParameters>
<autoIncrementCycle>false</autoIncrementCycle>
</Column>
<Column name="Terapija_terapija_id" id="B2C9728C-C45E-BB4F-DBAE-494AA9530341">
<createdBy>stefa</createdBy>
<createdTime>2023-10-23 20:22:37 UTC</createdTime>
<ownerDesignName>UI DOmaci</ownerDesignName>
<useDomainConstraints>false</useDomainConstraints>
<use>1</use>
<logicalDatatype>LOGDT027</logicalDatatype>
<ownDataTypeParameters>,,</ownDataTypeParameters>
<previousColumn>false</previousColumn>
<autoIncrementCycle>false</autoIncrementCycle>
<associations>
<colAssociation fkAssociation="EEE9CFF6-795B-2015-5C10-76821DF3CB94" referredColumn="891DB041-2AE7-0CCA-23C3-1F904D8FDB26"/>
</associations>
</Column>
<Column name="Bed_bed_id" id="3C5EC420-E288-4E7B-8A3D-80D854757F4F">
<createdBy>stefa</createdBy>
<createdTime>2023-10-23 20:31:59 UTC</createdTime>
<ownerDesignName>UI DOmaci</ownerDesignName>
<useDomainConstraints>false</useDomainConstraints>
<use>1</use>
<logicalDatatype>LOGDT027</logicalDatatype>
<ownDataTypeParameters>,,</ownDataTypeParameters>
<previousColumn>false</previousColumn>
<autoIncrementCycle>false</autoIncrementCycle>
<associations>
<colAssociation fkAssociation="03219146-AC30-C05D-AF73-9D0BA6FE2728" referredColumn="FBB04E7B-5AD2-7BD3-90C7-AFFEA730C7D1"/>
</associations>
</Column>
<Column name="Pacijent_patient_id" id="65751B06-1643-A0E4-A3FC-4A3D51070EFD">
<createdBy>stefa</createdBy>
<createdTime>2023-11-06 21:45:26 UTC</createdTime>
<ownerDesignName>UI DOmaci</ownerDesignName>
<useDomainConstraints>false</useDomainConstraints>
<use>1</use>
<logicalDatatype>LOGDT027</logicalDatatype>
<ownDataTypeParameters>,,</ownDataTypeParameters>
<previousColumn>false</previousColumn>
<autoIncrementCycle>false</autoIncrementCycle>
<associations>
<colAssociation fkAssociation="4F31A8F1-0C6A-3F25-1072-9DD3C981E838" referredColumn="C769D8C3-CE98-B779-F610-0A0C7CFEE0D5"/>
</associations>
</Column>
<Column name="Vizita_vizita_id" id="787E6A3D-4245-3FBB-8417-E3E7C0E2FAD5">
<createdBy>stefa</createdBy>
<createdTime>2023-11-06 21:57:42 UTC</createdTime>
<ownerDesignName>UI DOmaci</ownerDesignName>
<useDomainConstraints>false</useDomainConstraints>
<use>1</use>
<ownDataTypeParameters>,,</ownDataTypeParameters>
<previousColumn>false</previousColumn>
<autoIncrementCycle>false</autoIncrementCycle>
<associations>
<colAssociation fkAssociation="D7AF48DB-DFF8-A09F-1FAE-C506A225CA05" referredColumn="26D8411F-42C0-8CD7-4E4F-C03CE8A6BF58"/>
</associations>
</Column>
<Column name="Prijem(event)_prijem_id" id="7420A1A9-F662-D87A-16B7-1E1F1AFC32AD">
<createdBy>stefa</createdBy>
<createdTime>2023-11-13 21:28:58 UTC</createdTime>
<ownerDesignName>UI DOmaci</ownerDesignName>
<useDomainConstraints>false</useDomainConstraints>
<use>1</use>
<logicalDatatype>LOGDT027</logicalDatatype>
<ownDataTypeParameters>,,</ownDataTypeParameters>
<previousColumn>false</previousColumn>
<autoIncrementCycle>false</autoIncrementCycle>
<associations>
<colAssociation fkAssociation="F95B1705-0D67-0C0B-3623-BE64E1FF2478" referredColumn="BBF2E379-614D-62D3-8E21-631C8A1B627B"/>
</associations>
</Column>
</columns>
<indexes itemClass="oracle.dbtools.crest.model.design.relational.Index">
<ind_PK_UK id="19833349-142E-6043-678A-F6042B843CE6" name="Prijem_PK">
<createdBy>stefa</createdBy>
<createdTime>2023-10-23 20:22:29 UTC</createdTime>
<ownerDesignName>UI DOmaci</ownerDesignName>
<pk>true</pk>
<indexState>Primary Constraint</indexState>
<isSurrogateKey>false</isSurrogateKey>
<indexColumnUsage>
<colUsage columnID="6B27A531-EE9B-DEA2-E823-96BF741F2D1C"/>
</indexColumnUsage>
</ind_PK_UK>
<ind_PK_UK id="76BCD19C-14FF-2446-38FB-E69B8681DDF9" name="Prijem_Terapija_FK">
<createdBy>stefa</createdBy>
<createdTime>2023-10-23 20:22:37 UTC</createdTime>
<ownerDesignName>UI DOmaci</ownerDesignName>
<indexState>Foreign Key</indexState>
<isSurrogateKey>false</isSurrogateKey>
<indexColumnUsage>
<colUsage columnID="B2C9728C-C45E-BB4F-DBAE-494AA9530341"/>
</indexColumnUsage>
</ind_PK_UK>
<ind_PK_UK id="8040ACCB-7E0F-E360-117A-7E5FB41E2448" name="Prijem_Bed_FK">
<createdBy>stefa</createdBy>
<createdTime>2023-10-23 20:31:59 UTC</createdTime>
<ownerDesignName>UI DOmaci</ownerDesignName>
<indexState>Foreign Key</indexState>
<isSurrogateKey>false</isSurrogateKey>
<indexColumnUsage>
<colUsage columnID="3C5EC420-E288-4E7B-8A3D-80D854757F4F"/>
</indexColumnUsage>
</ind_PK_UK>
<ind_PK_UK id="9425CFA5-1EB2-5511-6BBE-B1E034E9072D" name="Prijem_Pacijent_FK">
<createdBy>stefa</createdBy>
<createdTime>2023-11-06 21:45:26 UTC</createdTime>
<ownerDesignName>UI DOmaci</ownerDesignName>
<indexState>Foreign Key</indexState>
<isSurrogateKey>false</isSurrogateKey>
<indexColumnUsage>
<colUsage columnID="65751B06-1643-A0E4-A3FC-4A3D51070EFD"/>
</indexColumnUsage>
</ind_PK_UK>
<ind_PK_UK id="CA3AB340-2E28-DD05-A58C-87428AD86542" name="Prijem_Vizita_FK">
<createdBy>stefa</createdBy>
<createdTime>2023-11-06 21:57:42 UTC</createdTime>
<ownerDesignName>UI DOmaci</ownerDesignName>
<indexState>Foreign Key</indexState>
<isSurrogateKey>false</isSurrogateKey>
<indexColumnUsage>
<colUsage columnID="787E6A3D-4245-3FBB-8417-E3E7C0E2FAD5"/>
</indexColumnUsage>
</ind_PK_UK>
<ind_PK_UK id="AEA28761-0BDB-BDB1-A5F8-9C8DABE72A91" name="Stacionarno_lecenje_Prijem(event)_FK">
<createdBy>stefa</createdBy>
<createdTime>2023-11-13 21:28:58 UTC</createdTime>
<ownerDesignName>UI DOmaci</ownerDesignName>
<indexState>Foreign Key</indexState>
<isSurrogateKey>false</isSurrogateKey>
<indexColumnUsage>
<colUsage columnID="7420A1A9-F662-D87A-16B7-1E1F1AFC32AD"/>
</indexColumnUsage>
</ind_PK_UK>
</indexes>
</Table>