<?xml version = '1.0' encoding = 'UTF-8'?>
<Table class="oracle.dbtools.crest.model.design.relational.Table" directorySegmentName="seg_0" id="202B8905-6C21-E41D-EC2E-87BEADA770D5" name="Stazista">
<createdBy>stefa</createdBy>
<createdTime>2023-12-04 22:22:27 UTC</createdTime>
<ownerDesignName>UI DOmaci</ownerDesignName>
<ordsAlias>table_71</ordsAlias>
<allowColumnReorder>false</allowColumnReorder>
<existDependencyGenerateInDDl>true</existDependencyGenerateInDDl>
<parsed>true</parsed>
<columns itemClass="oracle.dbtools.crest.model.design.relational.Column">
<Column name="stazista_id" id="86E96F44-2DC0-05C2-A5A0-0D1CC4FAAB7C">
<createdBy>stefa</createdBy>
<createdTime>2023-12-04 22:23:05 UTC</createdTime>
<ownerDesignName>UI DOmaci</ownerDesignName>
<useDomainConstraints>false</useDomainConstraints>
<use>1</use>
<logicalDatatype>LOGDT027</logicalDatatype>
<ownDataTypeParameters>,,</ownDataTypeParameters>
<autoIncrementCycle>false</autoIncrementCycle>
</Column>
<Column name="broj_indeksa" id="0C9160B1-DA83-5DB0-CA91-C56829F3E466">
<createdBy>stefa</createdBy>
<createdTime>2023-12-04 22:23:05 UTC</createdTime>
<ownerDesignName>UI DOmaci</ownerDesignName>
<nullsAllowed>true</nullsAllowed>
<useDomainConstraints>false</useDomainConstraints>
<use>1</use>
<logicalDatatype>LOGDT024</logicalDatatype>
<ownDataTypeParameters>,,</ownDataTypeParameters>
<autoIncrementCycle>false</autoIncrementCycle>
</Column>
<Column name="Zaposleni_person_id" id="150166D2-3FDC-1B5D-0B96-DA93FDC45542">
<createdBy>stefa</createdBy>
<createdTime>2023-12-04 22:23:17 UTC</createdTime>
<ownerDesignName>UI DOmaci</ownerDesignName>
<useDomainConstraints>false</useDomainConstraints>
<use>1</use>
<logicalDatatype>LOGDT027</logicalDatatype>
<ownDataTypeParameters>,,</ownDataTypeParameters>
<previousColumn>false</previousColumn>
<autoIncrementCycle>false</autoIncrementCycle>
<associations>
<colAssociation fkAssociation="5013D85C-C6C0-2CFD-C61C-3565DCB873BD" referredColumn="D5A6E847-7832-B361-21A0-F43267729A09"/>
</associations>
</Column>
</columns>
<indexes itemClass="oracle.dbtools.crest.model.design.relational.Index">
<ind_PK_UK id="A86B82B4-464D-53B7-FD0A-4D3F514DD9A9" name="Stazista_PK">
<createdBy>stefa</createdBy>
<createdTime>2023-12-04 22:23:05 UTC</createdTime>
<ownerDesignName>UI DOmaci</ownerDesignName>
<pk>true</pk>
<indexState>Primary Constraint</indexState>
<isSurrogateKey>false</isSurrogateKey>
<indexColumnUsage>
<colUsage columnID="86E96F44-2DC0-05C2-A5A0-0D1CC4FAAB7C"/>
</indexColumnUsage>
</ind_PK_UK>
<ind_PK_UK id="264C036E-8349-3FE8-191C-CAEB0F14EC63" name="Stazista_Zaposleni_FK">
<createdBy>stefa</createdBy>
<createdTime>2023-12-04 22:23:17 UTC</createdTime>
<ownerDesignName>UI DOmaci</ownerDesignName>
<indexState>Foreign Key</indexState>
<isSurrogateKey>false</isSurrogateKey>
<indexColumnUsage>
<colUsage columnID="150166D2-3FDC-1B5D-0B96-DA93FDC45542"/>
</indexColumnUsage>
</ind_PK_UK>
</indexes>
</Table>