<?xml version = '1.0' encoding = 'UTF-8'?>
<Table class="oracle.dbtools.crest.model.design.relational.Table" directorySegmentName="seg_0" id="2370AD2E-84E5-8270-42C1-228AD6680366" name="Medicinsko_osoblje">
<createdBy>stefa</createdBy>
<createdTime>2023-10-06 12:49:02 UTC</createdTime>
<ownerDesignName>UI DOmaci</ownerDesignName>
<ordsAlias>table_7</ordsAlias>
<allowColumnReorder>false</allowColumnReorder>
<existDependencyGenerateInDDl>true</existDependencyGenerateInDDl>
<parsed>true</parsed>
<columns itemClass="oracle.dbtools.crest.model.design.relational.Column">
<Column name="staff_id" id="ACBF48D2-1FDB-511B-A67D-374DB2D593F8">
<createdBy>stefa</createdBy>
<createdTime>2023-10-06 13:11:20 UTC</createdTime>
<ownerDesignName>UI DOmaci</ownerDesignName>
<useDomainConstraints>false</useDomainConstraints>
<use>1</use>
<logicalDatatype>LOGDT027</logicalDatatype>
<ownDataTypeParameters>,,</ownDataTypeParameters>
<autoIncrementCycle>false</autoIncrementCycle>
</Column>
<Column name="Person_person_id" id="30242C6F-8E1C-B75C-3BA8-CEA37BD01F81">
<createdBy>stefa</createdBy>
<createdTime>2023-10-23 20:04:21 UTC</createdTime>
<ownerDesignName>UI DOmaci</ownerDesignName>
<useDomainConstraints>false</useDomainConstraints>
<use>1</use>
<logicalDatatype>LOGDT027</logicalDatatype>
<ownDataTypeParameters>,,</ownDataTypeParameters>
<previousColumn>false</previousColumn>
<autoIncrementCycle>false</autoIncrementCycle>
<associations>
<colAssociation fkAssociation="5ABDC22A-D25C-1257-4EF7-9816369D5803" referredColumn="D5A6E847-7832-B361-21A0-F43267729A09"/>
</associations>
</Column>
<Column name="Odeljenje_floor_id" id="69CA52CE-0F09-5D1C-2BE2-968EE819063E">
<createdBy>stefa</createdBy>
<createdTime>2023-10-23 20:32:45 UTC</createdTime>
<ownerDesignName>UI DOmaci</ownerDesignName>
<useDomainConstraints>false</useDomainConstraints>
<use>1</use>
<logicalDatatype>LOGDT027</logicalDatatype>
<ownDataTypeParameters>,,</ownDataTypeParameters>
<previousColumn>false</previousColumn>
<autoIncrementCycle>false</autoIncrementCycle>
<associations>
<colAssociation fkAssociation="29F70EA6-A007-18F2-2803-7F8485602033" referredColumn="3D74757A-9815-E72C-F4FE-A27DA10E02FF"/>
</associations>
</Column>
</columns>
<indexes itemClass="oracle.dbtools.crest.model.design.relational.Index">
<ind_PK_UK id="35F9A9A6-EF88-0747-0733-42B46F82BE95" name="Medical_staff_PK">
<createdBy>stefa</createdBy>
<createdTime>2023-10-06 13:12:32 UTC</createdTime>
<ownerDesignName>UI DOmaci</ownerDesignName>
<pk>true</pk>
<indexState>Primary Constraint</indexState>
<isSurrogateKey>false</isSurrogateKey>
<indexColumnUsage>
<colUsage columnID="ACBF48D2-1FDB-511B-A67D-374DB2D593F8"/>
</indexColumnUsage>
</ind_PK_UK>
<ind_PK_UK id="5E56F0CF-FF69-73D4-027A-9355DA8CC5DA" name="Medical_staff_Person_FK">
<createdBy>stefa</createdBy>
<createdTime>2023-10-23 20:04:21 UTC</createdTime>
<ownerDesignName>UI DOmaci</ownerDesignName>
<indexState>Foreign Key</indexState>
<isSurrogateKey>false</isSurrogateKey>
<indexColumnUsage>
<colUsage columnID="30242C6F-8E1C-B75C-3BA8-CEA37BD01F81"/>
</indexColumnUsage>
</ind_PK_UK>
<ind_PK_UK id="CFD9B7B6-E60B-10F4-E409-610E0CAB2436" name="Medical_staff_Odeljenje_FK">
<createdBy>stefa</createdBy>
<createdTime>2023-10-23 20:32:45 UTC</createdTime>
<ownerDesignName>UI DOmaci</ownerDesignName>
<indexState>Foreign Key</indexState>
<isSurrogateKey>false</isSurrogateKey>
<indexColumnUsage>
<colUsage columnID="69CA52CE-0F09-5D1C-2BE2-968EE819063E"/>
</indexColumnUsage>
</ind_PK_UK>
</indexes>
</Table>