<?xml version = '1.0' encoding = 'UTF-8'?>
<Table class="oracle.dbtools.crest.model.design.relational.Table" directorySegmentName="seg_0" id="2B7251AF-FB10-C4D4-BA8A-8B8B17434BF6" name="Istorija_trosenja_leka">
<createdBy>stefa</createdBy>
<createdTime>2023-12-11 21:58:11 UTC</createdTime>
<ownerDesignName>UI DOmaci</ownerDesignName>
<ordsAlias>table_67</ordsAlias>
<allowColumnReorder>false</allowColumnReorder>
<existDependencyGenerateInDDl>true</existDependencyGenerateInDDl>
<parsed>true</parsed>
<columns itemClass="oracle.dbtools.crest.model.design.relational.Column">
<Column name="istorija_trosenja_id" id="DC1385B4-CD00-19DB-9632-EDFCA8B48180">
<createdBy>stefa</createdBy>
<createdTime>2023-12-11 21:59:29 UTC</createdTime>
<ownerDesignName>UI DOmaci</ownerDesignName>
<useDomainConstraints>false</useDomainConstraints>
<use>1</use>
<logicalDatatype>LOGDT027</logicalDatatype>
<ownDataTypeParameters>,,</ownDataTypeParameters>
<autoIncrementCycle>false</autoIncrementCycle>
</Column>
<Column name="Lek_lek_id" id="2F07DD5C-738C-9F07-85CC-6F7DEA8983AB">
<createdBy>stefa</createdBy>
<createdTime>2023-12-11 22:02:17 UTC</createdTime>
<ownerDesignName>UI DOmaci</ownerDesignName>
<useDomainConstraints>false</useDomainConstraints>
<use>1</use>
<logicalDatatype>LOGDT027</logicalDatatype>
<ownDataTypeParameters>,,</ownDataTypeParameters>
<previousColumn>false</previousColumn>
<autoIncrementCycle>false</autoIncrementCycle>
<associations>
<colAssociation fkAssociation="33AF3684-2AAC-8312-54D0-0D8EC7706BDB" referredColumn="EB5768F8-E4D9-595B-2BBC-79926D73C8A5"/>
</associations>
</Column>
<Column name="kolicina" id="00648896-716E-6659-9E49-70884CB54707">
<createdBy>stefa</createdBy>
<createdTime>2023-12-11 22:02:43 UTC</createdTime>
<ownerDesignName>UI DOmaci</ownerDesignName>
<nullsAllowed>true</nullsAllowed>
<useDomainConstraints>false</useDomainConstraints>
<use>1</use>
<logicalDatatype>LOGDT027</logicalDatatype>
<ownDataTypeParameters>,,</ownDataTypeParameters>
<autoIncrementCycle>false</autoIncrementCycle>
</Column>
<Column name="mesec" id="5EE5DBA7-E474-9BC8-54AD-D30F22024E2F">
<createdBy>stefa</createdBy>
<createdTime>2023-12-11 22:02:43 UTC</createdTime>
<ownerDesignName>UI DOmaci</ownerDesignName>
<nullsAllowed>true</nullsAllowed>
<useDomainConstraints>false</useDomainConstraints>
<use>1</use>
<logicalDatatype>LOGDT007</logicalDatatype>
<ownDataTypeParameters>,,</ownDataTypeParameters>
<autoIncrementCycle>false</autoIncrementCycle>
</Column>
</columns>
<indexes itemClass="oracle.dbtools.crest.model.design.relational.Index">
<ind_PK_UK id="D0BA6FAD-F4C5-0C74-E1FA-31E1F8A1305C" name="Istorija_trosenja_PK">
<createdBy>stefa</createdBy>
<createdTime>2023-12-11 21:59:29 UTC</createdTime>
<ownerDesignName>UI DOmaci</ownerDesignName>
<pk>true</pk>
<indexState>Primary Constraint</indexState>
<isSurrogateKey>false</isSurrogateKey>
<indexColumnUsage>
<colUsage columnID="DC1385B4-CD00-19DB-9632-EDFCA8B48180"/>
</indexColumnUsage>
</ind_PK_UK>
<ind_PK_UK id="AC13FAD8-B858-2D7A-789C-6E50D71B5FDB" name="Istorija_trosenja_Lek_FK">
<createdBy>stefa</createdBy>
<createdTime>2023-12-11 22:02:16 UTC</createdTime>
<ownerDesignName>UI DOmaci</ownerDesignName>
<indexState>Foreign Key</indexState>
<isSurrogateKey>false</isSurrogateKey>
<indexColumnUsage>
<colUsage columnID="2F07DD5C-738C-9F07-85CC-6F7DEA8983AB"/>
</indexColumnUsage>
</ind_PK_UK>
</indexes>
</Table>