<?xml version = '1.0' encoding = 'UTF-8'?>
<Table class="oracle.dbtools.crest.model.design.relational.Table" directorySegmentName="seg_0" id="2D598576-F588-E94C-2701-09E79A9DBE2D" name="Tip_posete">
<createdBy>stefa</createdBy>
<createdTime>2023-11-06 21:43:31 UTC</createdTime>
<ownerDesignName>UI DOmaci</ownerDesignName>
<ordsAlias>table_32</ordsAlias>
<allowColumnReorder>false</allowColumnReorder>
<existDependencyGenerateInDDl>true</existDependencyGenerateInDDl>
<parsed>true</parsed>
<columns itemClass="oracle.dbtools.crest.model.design.relational.Column">
<Column name="tip_posete_id" id="873BCFA4-29E2-2CAF-D6AC-BBF6DDDC7895">
<createdBy>stefa</createdBy>
<createdTime>2023-11-06 21:43:56 UTC</createdTime>
<ownerDesignName>UI DOmaci</ownerDesignName>
<useDomainConstraints>false</useDomainConstraints>
<use>1</use>
<logicalDatatype>LOGDT027</logicalDatatype>
<ownDataTypeParameters>,,</ownDataTypeParameters>
<autoIncrementCycle>false</autoIncrementCycle>
</Column>
<Column name="tip" id="29353869-5E7B-36CE-ED21-09BD904D0E01">
<createdBy>stefa</createdBy>
<createdTime>2023-11-06 21:43:56 UTC</createdTime>
<ownerDesignName>UI DOmaci</ownerDesignName>
<nullsAllowed>true</nullsAllowed>
<useDomainConstraints>false</useDomainConstraints>
<use>1</use>
<logicalDatatype>LOGDT024</logicalDatatype>
<ownDataTypeParameters>,,</ownDataTypeParameters>
<autoIncrementCycle>false</autoIncrementCycle>
</Column>
</columns>
<indexes itemClass="oracle.dbtools.crest.model.design.relational.Index">
<ind_PK_UK id="38CDD1D1-C137-18F4-142A-DD142735223F" name="Tip_posete_PK">
<createdBy>stefa</createdBy>
<createdTime>2023-11-06 21:43:56 UTC</createdTime>
<ownerDesignName>UI DOmaci</ownerDesignName>
<pk>true</pk>
<indexState>Primary Constraint</indexState>
<isSurrogateKey>false</isSurrogateKey>
<indexColumnUsage>
<colUsage columnID="873BCFA4-29E2-2CAF-D6AC-BBF6DDDC7895"/>
</indexColumnUsage>
</ind_PK_UK>
</indexes>
</Table>