<?xml version = '1.0' encoding = 'UTF-8'?>
<Table class="oracle.dbtools.crest.model.design.relational.Table" directorySegmentName="seg_0" id="32E88CCA-E0E1-DFA9-69DC-A58B617FBE40" name="Radni_sati">
<createdBy>stefa</createdBy>
<createdTime>2023-11-13 22:23:31 UTC</createdTime>
<ownerDesignName>UI DOmaci</ownerDesignName>
<ordsAlias>table_55</ordsAlias>
<allowColumnReorder>false</allowColumnReorder>
<existDependencyGenerateInDDl>true</existDependencyGenerateInDDl>
<parsed>true</parsed>
<columns itemClass="oracle.dbtools.crest.model.design.relational.Column">
<Column name="radni_sati_id" id="ACDE81E5-C8CD-C8A0-3EBA-DDEFEF0D1E92">
<createdBy>stefa</createdBy>
<createdTime>2023-11-13 22:24:45 UTC</createdTime>
<ownerDesignName>UI DOmaci</ownerDesignName>
<useDomainConstraints>false</useDomainConstraints>
<use>1</use>
<logicalDatatype>LOGDT027</logicalDatatype>
<ownDataTypeParameters>,,</ownDataTypeParameters>
<autoIncrementCycle>false</autoIncrementCycle>
</Column>
<Column name="pocetno_vrema" id="F97AD1F4-444F-279B-A144-38750712B1F1">
<createdBy>stefa</createdBy>
<createdTime>2023-11-13 22:24:45 UTC</createdTime>
<ownerDesignName>UI DOmaci</ownerDesignName>
<nullsAllowed>true</nullsAllowed>
<useDomainConstraints>false</useDomainConstraints>
<use>1</use>
<logicalDatatype>LOGDT008</logicalDatatype>
<ownDataTypeParameters>,,</ownDataTypeParameters>
<autoIncrementCycle>false</autoIncrementCycle>
</Column>
<Column name="zavrsno_vreme" id="7B0810C9-FB0C-154B-1E2B-A4042F3A3D22">
<createdBy>stefa</createdBy>
<createdTime>2023-11-13 22:24:45 UTC</createdTime>
<ownerDesignName>UI DOmaci</ownerDesignName>
<nullsAllowed>true</nullsAllowed>
<useDomainConstraints>false</useDomainConstraints>
<use>1</use>
<logicalDatatype>LOGDT008</logicalDatatype>
<ownDataTypeParameters>,,</ownDataTypeParameters>
<autoIncrementCycle>false</autoIncrementCycle>
</Column>
<Column name="Zaposleni_person_id" id="503E3790-0774-9740-399C-064EA61E1EAE">
<createdBy>stefa</createdBy>
<createdTime>2023-11-13 22:24:55 UTC</createdTime>
<ownerDesignName>UI DOmaci</ownerDesignName>
<useDomainConstraints>false</useDomainConstraints>
<use>1</use>
<logicalDatatype>LOGDT027</logicalDatatype>
<ownDataTypeParameters>,,</ownDataTypeParameters>
<previousColumn>false</previousColumn>
<autoIncrementCycle>false</autoIncrementCycle>
<associations>
<colAssociation fkAssociation="290CFF3D-6023-911C-2E31-0D5240CDC716" referredColumn="D5A6E847-7832-B361-21A0-F43267729A09"/>
</associations>
</Column>
</columns>
<indexes itemClass="oracle.dbtools.crest.model.design.relational.Index">
<ind_PK_UK id="D4F10085-D8C5-1819-3E45-01EE0B12D1CB" name="Radni_sati_PK">
<createdBy>stefa</createdBy>
<createdTime>2023-11-13 22:24:45 UTC</createdTime>
<ownerDesignName>UI DOmaci</ownerDesignName>
<pk>true</pk>
<indexState>Primary Constraint</indexState>
<isSurrogateKey>false</isSurrogateKey>
<indexColumnUsage>
<colUsage columnID="ACDE81E5-C8CD-C8A0-3EBA-DDEFEF0D1E92"/>
</indexColumnUsage>
</ind_PK_UK>
<ind_PK_UK id="60B6141D-483E-55DE-1DDB-AAC15812EA3D" name="Radni_sati_Zaposleni_FK">
<createdBy>stefa</createdBy>
<createdTime>2023-11-13 22:24:55 UTC</createdTime>
<ownerDesignName>UI DOmaci</ownerDesignName>
<indexState>Foreign Key</indexState>
<isSurrogateKey>false</isSurrogateKey>
<indexColumnUsage>
<colUsage columnID="503E3790-0774-9740-399C-064EA61E1EAE"/>
</indexColumnUsage>
</ind_PK_UK>
</indexes>
</Table>