<?xml version = '1.0' encoding = 'UTF-8'?>
<Table class="oracle.dbtools.crest.model.design.relational.Table" directorySegmentName="seg_0" id="34509BB5-1478-9A8A-0288-56605A26B670" name="Nabavka_leka">
<createdBy>stefa</createdBy>
<createdTime>2023-12-11 22:00:25 UTC</createdTime>
<ownerDesignName>UI DOmaci</ownerDesignName>
<ordsAlias>table_68</ordsAlias>
<allowColumnReorder>false</allowColumnReorder>
<existDependencyGenerateInDDl>true</existDependencyGenerateInDDl>
<parsed>true</parsed>
<columns itemClass="oracle.dbtools.crest.model.design.relational.Column">
<Column name="nabavka_id" id="BC2B342C-605D-8007-0DDB-3E9C6F0A404A">
<createdBy>stefa</createdBy>
<createdTime>2023-12-11 22:00:52 UTC</createdTime>
<ownerDesignName>UI DOmaci</ownerDesignName>
<useDomainConstraints>false</useDomainConstraints>
<use>1</use>
<logicalDatatype>LOGDT027</logicalDatatype>
<ownDataTypeParameters>,,</ownDataTypeParameters>
<autoIncrementCycle>false</autoIncrementCycle>
</Column>
<Column name="datum_nabavke" id="AF58AB76-2E2E-73B3-6110-F391086B4DB1">
<createdBy>stefa</createdBy>
<createdTime>2023-12-11 22:00:52 UTC</createdTime>
<ownerDesignName>UI DOmaci</ownerDesignName>
<nullsAllowed>true</nullsAllowed>
<useDomainConstraints>false</useDomainConstraints>
<use>1</use>
<logicalDatatype>LOGDT007</logicalDatatype>
<ownDataTypeParameters>,,</ownDataTypeParameters>
<autoIncrementCycle>false</autoIncrementCycle>
</Column>
<Column name="ukupna_cena" id="B3661D8D-42F1-BDFB-C2C9-30E75C60A83F">
<createdBy>stefa</createdBy>
<createdTime>2023-12-11 22:03:48 UTC</createdTime>
<ownerDesignName>UI DOmaci</ownerDesignName>
<nullsAllowed>true</nullsAllowed>
<useDomainConstraints>false</useDomainConstraints>
<use>1</use>
<logicalDatatype>LOGDT027</logicalDatatype>
<ownDataTypeParameters>,,</ownDataTypeParameters>
<autoIncrementCycle>false</autoIncrementCycle>
</Column>
<Column name="Bolnicko_skladiste_bolnicko_skladiste_id" id="FB73E0D9-3EB1-9880-6B80-A60599723560">
<createdBy>Micko</createdBy>
<createdTime>2023-12-19 13:08:31 UTC</createdTime>
<ownerDesignName>UI DOmaci</ownerDesignName>
<useDomainConstraints>false</useDomainConstraints>
<use>1</use>
<logicalDatatype>LOGDT027</logicalDatatype>
<ownDataTypeParameters>,,</ownDataTypeParameters>
<previousColumn>false</previousColumn>
<autoIncrementCycle>false</autoIncrementCycle>
<associations>
<colAssociation fkAssociation="B8226DDD-879F-831A-442E-5AD093B4B853" referredColumn="A149177B-C30D-E707-FA4A-396A157D0CB7"/>
</associations>
</Column>
</columns>
<indexes itemClass="oracle.dbtools.crest.model.design.relational.Index">
<ind_PK_UK id="FE9506BD-16AA-8634-49CD-79065D92AB65" name="Nabavka_PK">
<createdBy>stefa</createdBy>
<createdTime>2023-12-11 22:00:52 UTC</createdTime>
<ownerDesignName>UI DOmaci</ownerDesignName>
<pk>true</pk>
<indexState>Primary Constraint</indexState>
<isSurrogateKey>false</isSurrogateKey>
<indexColumnUsage>
<colUsage columnID="BC2B342C-605D-8007-0DDB-3E9C6F0A404A"/>
</indexColumnUsage>
</ind_PK_UK>
<ind_PK_UK id="CD7825CE-F9F2-9F63-A466-5A36E9399C35" name="Nabavka_leka_Bolnicko_skladiste_FK">
<createdBy>Micko</createdBy>
<createdTime>2023-12-19 13:08:31 UTC</createdTime>
<ownerDesignName>UI DOmaci</ownerDesignName>
<indexState>Foreign Key</indexState>
<isSurrogateKey>false</isSurrogateKey>
<indexColumnUsage>
<colUsage columnID="FB73E0D9-3EB1-9880-6B80-A60599723560"/>
</indexColumnUsage>
</ind_PK_UK>
</indexes>
</Table>
