<?xml version = '1.0' encoding = 'UTF-8'?>
<Table class="oracle.dbtools.crest.model.design.relational.Table" directorySegmentName="seg_0" id="34509BB5-1478-9A8A-0288-56605A26B670" name="Nabavka_leka">
<createdBy>stefa</createdBy>
<createdTime>2023-12-11 22:00:25 UTC</createdTime>
<ownerDesignName>UI DOmaci</ownerDesignName>
<ordsAlias>table_68</ordsAlias>
<allowColumnReorder>false</allowColumnReorder>
<existDependencyGenerateInDDl>true</existDependencyGenerateInDDl>
<parsed>true</parsed>
<columns itemClass="oracle.dbtools.crest.model.design.relational.Column">
<Column name="nabavka_id" id="BC2B342C-605D-8007-0DDB-3E9C6F0A404A">
<createdBy>stefa</createdBy>
<createdTime>2023-12-11 22:00:52 UTC</createdTime>
<ownerDesignName>UI DOmaci</ownerDesignName>
<useDomainConstraints>false</useDomainConstraints>
<use>1</use>
<logicalDatatype>LOGDT027</logicalDatatype>
<ownDataTypeParameters>,,</ownDataTypeParameters>
<autoIncrementCycle>false</autoIncrementCycle>
</Column>
<Column name="datum" id="AF58AB76-2E2E-73B3-6110-F391086B4DB1">
<createdBy>stefa</createdBy>
<createdTime>2023-12-11 22:00:52 UTC</createdTime>
<ownerDesignName>UI DOmaci</ownerDesignName>
<nullsAllowed>true</nullsAllowed>
<useDomainConstraints>false</useDomainConstraints>
<use>1</use>
<logicalDatatype>LOGDT007</logicalDatatype>
<ownDataTypeParameters>,,</ownDataTypeParameters>
<autoIncrementCycle>false</autoIncrementCycle>
</Column>
<Column name="Lek_lek_id" id="B308E712-42DC-AFB0-3DDB-E959D846B695">
<createdBy>stefa</createdBy>
<createdTime>2023-12-11 22:02:49 UTC</createdTime>
<ownerDesignName>UI DOmaci</ownerDesignName>
<useDomainConstraints>false</useDomainConstraints>
<use>1</use>
<logicalDatatype>LOGDT027</logicalDatatype>
<ownDataTypeParameters>,,</ownDataTypeParameters>
<previousColumn>false</previousColumn>
<autoIncrementCycle>false</autoIncrementCycle>
<associations>
<colAssociation fkAssociation="C7D00FEC-B358-A28C-B751-9DAF209DDEE7" referredColumn="EB5768F8-E4D9-595B-2BBC-79926D73C8A5"/>
</associations>
</Column>
<Column name="kolicina" id="B3661D8D-42F1-BDFB-C2C9-30E75C60A83F">
<createdBy>stefa</createdBy>
<createdTime>2023-12-11 22:03:48 UTC</createdTime>
<ownerDesignName>UI DOmaci</ownerDesignName>
<nullsAllowed>true</nullsAllowed>
<useDomainConstraints>false</useDomainConstraints>
<use>1</use>
<logicalDatatype>LOGDT027</logicalDatatype>
<ownDataTypeParameters>,,</ownDataTypeParameters>
<autoIncrementCycle>false</autoIncrementCycle>
</Column>
<Column name="Objekti_facilitie_id" id="3C4C66F2-9F60-1457-6570-C11EEDAB0A11">
<createdBy>stefa</createdBy>
<createdTime>2023-12-11 22:04:01 UTC</createdTime>
<ownerDesignName>UI DOmaci</ownerDesignName>
<useDomainConstraints>false</useDomainConstraints>
<use>1</use>
<logicalDatatype>LOGDT027</logicalDatatype>
<ownDataTypeParameters>,,</ownDataTypeParameters>
<previousColumn>false</previousColumn>
<autoIncrementCycle>false</autoIncrementCycle>
<associations>
<colAssociation fkAssociation="9156FC82-9F76-3691-BB6D-C5EA33930844" referredColumn="167C5615-BA31-3FB9-4C74-0A05E51263D6"/>
</associations>
</Column>
</columns>
<indexes itemClass="oracle.dbtools.crest.model.design.relational.Index">
<ind_PK_UK id="FE9506BD-16AA-8634-49CD-79065D92AB65" name="Nabavka_PK">
<createdBy>stefa</createdBy>
<createdTime>2023-12-11 22:00:52 UTC</createdTime>
<ownerDesignName>UI DOmaci</ownerDesignName>
<pk>true</pk>
<indexState>Primary Constraint</indexState>
<isSurrogateKey>false</isSurrogateKey>
<indexColumnUsage>
<colUsage columnID="BC2B342C-605D-8007-0DDB-3E9C6F0A404A"/>
</indexColumnUsage>
</ind_PK_UK>
<ind_PK_UK id="1ED969D2-BE9B-BE8A-4AE9-3A01541A9110" name="Nabavka_Lek_FK">
<createdBy>stefa</createdBy>
<createdTime>2023-12-11 22:02:49 UTC</createdTime>
<ownerDesignName>UI DOmaci</ownerDesignName>
<indexState>Foreign Key</indexState>
<isSurrogateKey>false</isSurrogateKey>
<indexColumnUsage>
<colUsage columnID="B308E712-42DC-AFB0-3DDB-E959D846B695"/>
</indexColumnUsage>
</ind_PK_UK>
<ind_PK_UK id="20B55088-B97E-24D4-323F-016792F789EB" name="Nabavka_Objekti_FK">
<createdBy>stefa</createdBy>
<createdTime>2023-12-11 22:04:01 UTC</createdTime>
<ownerDesignName>UI DOmaci</ownerDesignName>
<indexState>Foreign Key</indexState>
<isSurrogateKey>false</isSurrogateKey>
<indexColumnUsage>
<colUsage columnID="3C4C66F2-9F60-1457-6570-C11EEDAB0A11"/>
</indexColumnUsage>
</ind_PK_UK>
</indexes>
</Table>