<?xml version = '1.0' encoding = 'UTF-8'?>
<Table class="oracle.dbtools.crest.model.design.relational.Table" directorySegmentName="seg_0" id="3D97FF21-95AF-04A0-F76B-48A5A619E1D5" name="Bonus">
<createdBy>stefa</createdBy>
<createdTime>2023-12-04 21:23:12 UTC</createdTime>
<ownerDesignName>UI DOmaci</ownerDesignName>
<ordsAlias>table_46</ordsAlias>
<allowColumnReorder>false</allowColumnReorder>
<existDependencyGenerateInDDl>true</existDependencyGenerateInDDl>
<parsed>true</parsed>
<columns itemClass="oracle.dbtools.crest.model.design.relational.Column">
<Column name="bonus_id" id="7F80305E-6018-3DFE-E9FA-88477365FBDB">
<createdBy>stefa</createdBy>
<createdTime>2023-12-04 21:23:43 UTC</createdTime>
<ownerDesignName>UI DOmaci</ownerDesignName>
<useDomainConstraints>false</useDomainConstraints>
<use>1</use>
<logicalDatatype>LOGDT027</logicalDatatype>
<ownDataTypeParameters>,,</ownDataTypeParameters>
<autoIncrementCycle>false</autoIncrementCycle>
</Column>
<Column name="Isplata_bonusa_isplata_bonusa_id" id="372F2F88-A32B-FCAF-4938-688DED31BF25">
<createdBy>stefa</createdBy>
<createdTime>2023-12-04 21:33:06 UTC</createdTime>
<ownerDesignName>UI DOmaci</ownerDesignName>
<useDomainConstraints>false</useDomainConstraints>
<use>1</use>
<logicalDatatype>LOGDT027</logicalDatatype>
<ownDataTypeParameters>,,</ownDataTypeParameters>
<previousColumn>false</previousColumn>
<autoIncrementCycle>false</autoIncrementCycle>
<associations>
<colAssociation fkAssociation="C4B773F1-C3B8-61E9-39D0-7B87B93591D9" referredColumn="A68F0557-9E27-8559-80A0-7F29707F215C"/>
</associations>
</Column>
<Column name="naziv_bonusa" id="F3C588F8-F075-233F-ED7F-F88F12B1F92F">
<createdBy>stefa</createdBy>
<createdTime>2023-12-04 21:34:58 UTC</createdTime>
<ownerDesignName>UI DOmaci</ownerDesignName>
<nullsAllowed>true</nullsAllowed>
<useDomainConstraints>false</useDomainConstraints>
<use>1</use>
<logicalDatatype>LOGDT024</logicalDatatype>
<ownDataTypeParameters>,,</ownDataTypeParameters>
<autoIncrementCycle>false</autoIncrementCycle>
</Column>
</columns>
<indexes itemClass="oracle.dbtools.crest.model.design.relational.Index">
<ind_PK_UK id="5062A216-58EE-39B0-CFA0-ACA9B2F1672F" name="Modifikacija_PK">
<createdBy>stefa</createdBy>
<createdTime>2023-12-04 21:23:43 UTC</createdTime>
<ownerDesignName>UI DOmaci</ownerDesignName>
<pk>true</pk>
<indexState>Primary Constraint</indexState>
<isSurrogateKey>false</isSurrogateKey>
<indexColumnUsage>
<colUsage columnID="7F80305E-6018-3DFE-E9FA-88477365FBDB"/>
</indexColumnUsage>
</ind_PK_UK>
<ind_PK_UK id="8B2F9DF7-AE43-886B-7884-B9A634261C98" name="Bonus_Isplata_bonusa_FK">
<createdBy>stefa</createdBy>
<createdTime>2023-12-04 21:33:06 UTC</createdTime>
<ownerDesignName>UI DOmaci</ownerDesignName>
<indexState>Foreign Key</indexState>
<isSurrogateKey>false</isSurrogateKey>
<indexColumnUsage>
<colUsage columnID="372F2F88-A32B-FCAF-4938-688DED31BF25"/>
</indexColumnUsage>
</ind_PK_UK>
</indexes>
</Table>