<?xml version = '1.0' encoding = 'UTF-8'?>
<Table class="oracle.dbtools.crest.model.design.relational.Table" directorySegmentName="seg_0" id="3FBFC425-CE2D-18AD-5B12-8659D9B5B4BC" name="Vizita">
<createdBy>stefa</createdBy>
<createdTime>2023-11-06 21:54:09 UTC</createdTime>
<ownerDesignName>UI DOmaci</ownerDesignName>
<ordsAlias>table_36</ordsAlias>
<allowColumnReorder>false</allowColumnReorder>
<existDependencyGenerateInDDl>true</existDependencyGenerateInDDl>
<parsed>true</parsed>
<columns itemClass="oracle.dbtools.crest.model.design.relational.Column">
<Column name="vizita_id" id="26D8411F-42C0-8CD7-4E4F-C03CE8A6BF58">
<createdBy>stefa</createdBy>
<createdTime>2023-11-06 21:54:25 UTC</createdTime>
<ownerDesignName>UI DOmaci</ownerDesignName>
<useDomainConstraints>false</useDomainConstraints>
<use>1</use>
<ownDataTypeParameters>,,</ownDataTypeParameters>
<autoIncrementCycle>false</autoIncrementCycle>
</Column>
<Column name="vreme" id="E1D74903-AD89-507E-3824-8D7B5E031622">
<createdBy>stefa</createdBy>
<createdTime>2023-11-06 21:58:57 UTC</createdTime>
<ownerDesignName>UI DOmaci</ownerDesignName>
<nullsAllowed>true</nullsAllowed>
<useDomainConstraints>false</useDomainConstraints>
<use>1</use>
<logicalDatatype>LOGDT007</logicalDatatype>
<ownDataTypeParameters>,,</ownDataTypeParameters>
<autoIncrementCycle>false</autoIncrementCycle>
</Column>
<Column name="Doktor_lekar_id" id="D0C26FEC-4DE5-1D36-8E80-B55A0AF835E3">
<createdBy>stefa</createdBy>
<createdTime>2023-11-06 21:59:30 UTC</createdTime>
<ownerDesignName>UI DOmaci</ownerDesignName>
<useDomainConstraints>false</useDomainConstraints>
<use>1</use>
<logicalDatatype>LOGDT027</logicalDatatype>
<ownDataTypeParameters>,,</ownDataTypeParameters>
<previousColumn>false</previousColumn>
<autoIncrementCycle>false</autoIncrementCycle>
<associations>
<colAssociation fkAssociation="E98688E1-063D-9532-5074-8599803FABB6" referredColumn="9EE0C981-D2AE-7E4F-7485-92BC14AC52A0"/>
</associations>
</Column>
</columns>
<indexes itemClass="oracle.dbtools.crest.model.design.relational.Index">
<ind_PK_UK id="523840D7-8D8D-086A-49F0-3ADE176F6884" name="Vizita_PK">
<createdBy>stefa</createdBy>
<createdTime>2023-11-06 21:54:25 UTC</createdTime>
<ownerDesignName>UI DOmaci</ownerDesignName>
<pk>true</pk>
<indexState>Primary Constraint</indexState>
<isSurrogateKey>false</isSurrogateKey>
<indexColumnUsage>
<colUsage columnID="26D8411F-42C0-8CD7-4E4F-C03CE8A6BF58"/>
</indexColumnUsage>
</ind_PK_UK>
<ind_PK_UK id="57CC141F-D282-7C61-845C-4D0CFE210D6F" name="Vizita_Doktor_FK">
<createdBy>stefa</createdBy>
<createdTime>2023-11-06 21:59:30 UTC</createdTime>
<ownerDesignName>UI DOmaci</ownerDesignName>
<indexState>Foreign Key</indexState>
<isSurrogateKey>false</isSurrogateKey>
<indexColumnUsage>
<colUsage columnID="D0C26FEC-4DE5-1D36-8E80-B55A0AF835E3"/>
</indexColumnUsage>
</ind_PK_UK>
</indexes>
</Table>