<?xml version = '1.0' encoding = 'UTF-8'?>
<Table class="oracle.dbtools.crest.model.design.relational.Table" directorySegmentName="seg_0" id="492D66E9-E4A0-15BF-24CD-29BBEF522DA9" name="Ugovor">
<createdBy>stefa</createdBy>
<createdTime>2023-11-13 22:15:48 UTC</createdTime>
<ownerDesignName>UI DOmaci</ownerDesignName>
<ordsAlias>table_52</ordsAlias>
<allowColumnReorder>false</allowColumnReorder>
<existDependencyGenerateInDDl>true</existDependencyGenerateInDDl>
<parsed>true</parsed>
<columns itemClass="oracle.dbtools.crest.model.design.relational.Column">
<Column name="ugovor_id" id="49B9DC2A-1C67-A41D-B10C-EB35732099BC">
<createdBy>stefa</createdBy>
<createdTime>2023-11-13 22:16:23 UTC</createdTime>
<ownerDesignName>UI DOmaci</ownerDesignName>
<useDomainConstraints>false</useDomainConstraints>
<use>1</use>
<logicalDatatype>LOGDT027</logicalDatatype>
<ownDataTypeParameters>,,</ownDataTypeParameters>
<autoIncrementCycle>false</autoIncrementCycle>
</Column>
<Column name="detalji_ugovora" id="73242F98-E3C7-9149-DBD3-34F4EE2BC05D">
<createdBy>stefa</createdBy>
<createdTime>2023-11-13 22:16:23 UTC</createdTime>
<ownerDesignName>UI DOmaci</ownerDesignName>
<nullsAllowed>true</nullsAllowed>
<useDomainConstraints>false</useDomainConstraints>
<use>1</use>
<logicalDatatype>LOGDT024</logicalDatatype>
<ownDataTypeParameters>,,</ownDataTypeParameters>
<autoIncrementCycle>false</autoIncrementCycle>
</Column>
</columns>
<indexes itemClass="oracle.dbtools.crest.model.design.relational.Index">
<ind_PK_UK id="D3DFECC3-E378-ACBB-D3AB-22F9DA8EC9BE" name="Ugovor_PK">
<createdBy>stefa</createdBy>
<createdTime>2023-11-13 22:16:23 UTC</createdTime>
<ownerDesignName>UI DOmaci</ownerDesignName>
<pk>true</pk>
<indexState>Primary Constraint</indexState>
<isSurrogateKey>false</isSurrogateKey>
<indexColumnUsage>
<colUsage columnID="49B9DC2A-1C67-A41D-B10C-EB35732099BC"/>
</indexColumnUsage>
</ind_PK_UK>
</indexes>
</Table>