<?xml version = '1.0' encoding = 'UTF-8'?>
<Table class="oracle.dbtools.crest.model.design.relational.Table" directorySegmentName="seg_0" id="4B625B6A-54B1-536E-95AA-AAC8505607A1" name="Lekovi_izdati_u_terapiji">
<createdBy>Micko</createdBy>
<createdTime>2023-12-19 12:29:45 UTC</createdTime>
<ownerDesignName>UI DOmaci</ownerDesignName>
<ordsAlias>table_69</ordsAlias>
<allowColumnReorder>false</allowColumnReorder>
<existDependencyGenerateInDDl>true</existDependencyGenerateInDDl>
<parsed>true</parsed>
<columns itemClass="oracle.dbtools.crest.model.design.relational.Column">
<Column name="lekovi_terapija_id" id="32FF0CDA-5C68-769D-4E6C-464F6B4E912E">
<createdBy>Micko</createdBy>
<createdTime>2023-12-19 12:31:34 UTC</createdTime>
<ownerDesignName>UI DOmaci</ownerDesignName>
<useDomainConstraints>false</useDomainConstraints>
<use>1</use>
<logicalDatatype>LOGDT027</logicalDatatype>
<ownDataTypeParameters>,,</ownDataTypeParameters>
<autoIncrementCycle>false</autoIncrementCycle>
</Column>
<Column name="doza" id="9866BB7D-694A-0A13-5419-559590BA84E3">
<createdBy>Micko</createdBy>
<createdTime>2023-12-19 12:31:34 UTC</createdTime>
<ownerDesignName>UI DOmaci</ownerDesignName>
<nullsAllowed>true</nullsAllowed>
<useDomainConstraints>false</useDomainConstraints>
<use>1</use>
<logicalDatatype>LOGDT024</logicalDatatype>
<ownDataTypeParameters>,,</ownDataTypeParameters>
<autoIncrementCycle>false</autoIncrementCycle>
</Column>
<Column name="Terapija_terapija_id" id="A7580517-26FB-C05F-FC1E-357740DD9093">
<createdBy>Micko</createdBy>
<createdTime>2023-12-19 12:32:50 UTC</createdTime>
<ownerDesignName>UI DOmaci</ownerDesignName>
<useDomainConstraints>false</useDomainConstraints>
<use>1</use>
<logicalDatatype>LOGDT027</logicalDatatype>
<ownDataTypeParameters>,,</ownDataTypeParameters>
<previousColumn>false</previousColumn>
<autoIncrementCycle>false</autoIncrementCycle>
<associations>
<colAssociation fkAssociation="A2E9BE26-E13F-4F6A-612A-0C6064E25425" referredColumn="891DB041-2AE7-0CCA-23C3-1F904D8FDB26"/>
</associations>
</Column>
<Column name="Lek_lek_id" id="5D8402EF-6B62-43D2-E72F-CCAADC7646D3">
<createdBy>Micko</createdBy>
<createdTime>2023-12-19 12:32:59 UTC</createdTime>
<ownerDesignName>UI DOmaci</ownerDesignName>
<useDomainConstraints>false</useDomainConstraints>
<use>1</use>
<logicalDatatype>LOGDT027</logicalDatatype>
<ownDataTypeParameters>,,</ownDataTypeParameters>
<previousColumn>false</previousColumn>
<autoIncrementCycle>false</autoIncrementCycle>
<associations>
<colAssociation fkAssociation="72C29CC3-2671-F5A1-F97B-243F2CED1464" referredColumn="EB5768F8-E4D9-595B-2BBC-79926D73C8A5"/>
</associations>
</Column>
</columns>
<indexes itemClass="oracle.dbtools.crest.model.design.relational.Index">
<ind_PK_UK id="6F8A4C85-F0F0-7C53-252E-A9F6430306F1" name="Lekovi_izdati_u_terapiji_PK">
<createdBy>Micko</createdBy>
<createdTime>2023-12-19 12:31:34 UTC</createdTime>
<ownerDesignName>UI DOmaci</ownerDesignName>
<pk>true</pk>
<indexState>Primary Constraint</indexState>
<isSurrogateKey>false</isSurrogateKey>
<indexColumnUsage>
<colUsage columnID="32FF0CDA-5C68-769D-4E6C-464F6B4E912E"/>
</indexColumnUsage>
</ind_PK_UK>
<ind_PK_UK id="F9FE8B1E-AB88-B46E-C8A6-36A53E69BB44" name="Lekovi_izdati_u_terapiji_Terapija_FK">
<createdBy>Micko</createdBy>
<createdTime>2023-12-19 12:32:50 UTC</createdTime>
<ownerDesignName>UI DOmaci</ownerDesignName>
<indexState>Foreign Key</indexState>
<isSurrogateKey>false</isSurrogateKey>
<indexColumnUsage>
<colUsage columnID="A7580517-26FB-C05F-FC1E-357740DD9093"/>
</indexColumnUsage>
</ind_PK_UK>
<ind_PK_UK id="1ACB2F86-C81E-9F6C-077A-2EACA1A5AEAE" name="Lekovi_izdati_u_terapiji_Lek_FK">
<createdBy>Micko</createdBy>
<createdTime>2023-12-19 12:32:59 UTC</createdTime>
<ownerDesignName>UI DOmaci</ownerDesignName>
<indexState>Foreign Key</indexState>
<isSurrogateKey>false</isSurrogateKey>
<indexColumnUsage>
<colUsage columnID="5D8402EF-6B62-43D2-E72F-CCAADC7646D3"/>
</indexColumnUsage>
</ind_PK_UK>
</indexes>
</Table>
