<?xml version = '1.0' encoding = 'UTF-8'?>
<Table class="oracle.dbtools.crest.model.design.relational.Table" directorySegmentName="seg_0" id="4BDCD453-AEB8-E418-E568-32D020183718" name="Zaposlenje">
<createdBy>stefa</createdBy>
<createdTime>2023-10-23 20:07:06 UTC</createdTime>
<ownerDesignName>UI DOmaci</ownerDesignName>
<ordsAlias>table_27</ordsAlias>
<allowColumnReorder>false</allowColumnReorder>
<existDependencyGenerateInDDl>true</existDependencyGenerateInDDl>
<parsed>true</parsed>
<columns itemClass="oracle.dbtools.crest.model.design.relational.Column">
<Column name="work_id" id="2E803429-323D-7CF3-DE36-10415CFA7C82">
<createdBy>stefa</createdBy>
<createdTime>2023-10-23 20:12:05 UTC</createdTime>
<ownerDesignName>UI DOmaci</ownerDesignName>
<useDomainConstraints>false</useDomainConstraints>
<use>1</use>
<logicalDatatype>LOGDT027</logicalDatatype>
<ownDataTypeParameters>,,</ownDataTypeParameters>
<autoIncrementCycle>false</autoIncrementCycle>
</Column>
<Column name="start_day" id="A7252F74-732C-27F8-C74B-B8EEA29FA14E">
<createdBy>stefa</createdBy>
<createdTime>2023-10-23 20:12:05 UTC</createdTime>
<ownerDesignName>UI DOmaci</ownerDesignName>
<nullsAllowed>true</nullsAllowed>
<useDomainConstraints>false</useDomainConstraints>
<use>1</use>
<logicalDatatype>LOGDT007</logicalDatatype>
<ownDataTypeParameters>,,</ownDataTypeParameters>
<autoIncrementCycle>false</autoIncrementCycle>
</Column>
<Column name="end_day" id="BB4AA228-A3E9-438D-FD94-057D88EC118C">
<createdBy>stefa</createdBy>
<createdTime>2023-10-23 20:12:05 UTC</createdTime>
<ownerDesignName>UI DOmaci</ownerDesignName>
<nullsAllowed>true</nullsAllowed>
<useDomainConstraints>false</useDomainConstraints>
<use>1</use>
<logicalDatatype>LOGDT007</logicalDatatype>
<ownDataTypeParameters>,,</ownDataTypeParameters>
<autoIncrementCycle>false</autoIncrementCycle>
</Column>
<Column name="Hospital_hostpital_id" id="49207C3D-B1B7-058C-696A-0C1FCF76E61A">
<createdBy>stefa</createdBy>
<createdTime>2023-10-23 20:14:22 UTC</createdTime>
<ownerDesignName>UI DOmaci</ownerDesignName>
<useDomainConstraints>false</useDomainConstraints>
<use>1</use>
<logicalDatatype>LOGDT027</logicalDatatype>
<ownDataTypeParameters>,,</ownDataTypeParameters>
<previousColumn>false</previousColumn>
<autoIncrementCycle>false</autoIncrementCycle>
<associations>
<colAssociation fkAssociation="DF64CAC0-FBE9-022C-67B9-4AEDDF15BAAA" referredColumn="A14ED1D6-15C6-E113-B505-2FFAC7773084"/>
</associations>
</Column>
<Column name="pozicija_pozicija_id" id="6E9E8874-8D3E-5A96-3313-DDCAC53F4F15">
<createdBy>stefa</createdBy>
<createdTime>2023-11-13 21:49:21 UTC</createdTime>
<ownerDesignName>UI DOmaci</ownerDesignName>
<useDomainConstraints>false</useDomainConstraints>
<use>1</use>
<logicalDatatype>LOGDT027</logicalDatatype>
<ownDataTypeParameters>,,</ownDataTypeParameters>
<previousColumn>false</previousColumn>
<autoIncrementCycle>false</autoIncrementCycle>
<associations>
<colAssociation fkAssociation="ADE84BAD-0B6A-BA6B-4461-A64FF4B6E31E" referredColumn="6E07A010-F873-22D2-3C94-BE7606765C74"/>
</associations>
</Column>
<Column name="Zaposleni_person_id" id="A581FAC3-5505-0D75-F6E3-2C86F79E7F05">
<createdBy>stefa</createdBy>
<createdTime>2023-11-13 22:20:32 UTC</createdTime>
<ownerDesignName>UI DOmaci</ownerDesignName>
<useDomainConstraints>false</useDomainConstraints>
<use>1</use>
<logicalDatatype>LOGDT027</logicalDatatype>
<ownDataTypeParameters>,,</ownDataTypeParameters>
<previousColumn>false</previousColumn>
<autoIncrementCycle>false</autoIncrementCycle>
<associations>
<colAssociation fkAssociation="BFCB3EEA-4339-7268-F070-7D6159EE1B5D" referredColumn="D5A6E847-7832-B361-21A0-F43267729A09"/>
</associations>
</Column>
</columns>
<indexes itemClass="oracle.dbtools.crest.model.design.relational.Index">
<ind_PK_UK id="53B67F12-3296-A258-AFE3-1594D0149361" name="Work_history_PK">
<createdBy>stefa</createdBy>
<createdTime>2023-10-23 20:12:05 UTC</createdTime>
<ownerDesignName>UI DOmaci</ownerDesignName>
<pk>true</pk>
<indexState>Primary Constraint</indexState>
<isSurrogateKey>false</isSurrogateKey>
<indexColumnUsage>
<colUsage columnID="2E803429-323D-7CF3-DE36-10415CFA7C82"/>
</indexColumnUsage>
</ind_PK_UK>
<ind_PK_UK id="AE9C62CD-420D-087C-FF17-1D276778D654" name="Work_history_Hospital_FK">
<createdBy>stefa</createdBy>
<createdTime>2023-10-23 20:14:22 UTC</createdTime>
<ownerDesignName>UI DOmaci</ownerDesignName>
<indexState>Foreign Key</indexState>
<isSurrogateKey>false</isSurrogateKey>
<indexColumnUsage>
<colUsage columnID="49207C3D-B1B7-058C-696A-0C1FCF76E61A"/>
</indexColumnUsage>
</ind_PK_UK>
<ind_PK_UK id="1317E5D9-DB64-996E-DBE2-C1847DBC8989" name="Istorija_rada_pozicija_FK">
<createdBy>stefa</createdBy>
<createdTime>2023-11-13 21:49:21 UTC</createdTime>
<ownerDesignName>UI DOmaci</ownerDesignName>
<indexState>Foreign Key</indexState>
<isSurrogateKey>false</isSurrogateKey>
<indexColumnUsage>
<colUsage columnID="6E9E8874-8D3E-5A96-3313-DDCAC53F4F15"/>
</indexColumnUsage>
</ind_PK_UK>
<ind_PK_UK id="06790F14-8EEF-38F0-49F0-C5F3F517743F" name="Istorija_rada_Zaposleni_FK">
<createdBy>stefa</createdBy>
<createdTime>2023-11-13 22:20:32 UTC</createdTime>
<ownerDesignName>UI DOmaci</ownerDesignName>
<indexState>Foreign Key</indexState>
<isSurrogateKey>false</isSurrogateKey>
<indexColumnUsage>
<colUsage columnID="A581FAC3-5505-0D75-F6E3-2C86F79E7F05"/>
</indexColumnUsage>
</ind_PK_UK>
</indexes>
</Table>