<?xml version = '1.0' encoding = 'UTF-8'?>
<Table class="oracle.dbtools.crest.model.design.relational.Table" directorySegmentName="seg_0" id="50D1FAE0-4003-0CFB-183C-5BE9728A92AA" name="stac_lecenje_vizita">
<createdBy>stefa</createdBy>
<createdTime>2023-12-04 21:49:34 UTC</createdTime>
<ownerDesignName>UI DOmaci</ownerDesignName>
<ordsAlias>table_58</ordsAlias>
<allowColumnReorder>false</allowColumnReorder>
<existDependencyGenerateInDDl>true</existDependencyGenerateInDDl>
<parsed>true</parsed>
<columns itemClass="oracle.dbtools.crest.model.design.relational.Column">
<Column name="stac_lec_vizita_id" id="DA1D480D-846B-5154-0AC0-084361579C34">
<createdBy>stefa</createdBy>
<createdTime>2023-12-04 21:50:21 UTC</createdTime>
<ownerDesignName>UI DOmaci</ownerDesignName>
<useDomainConstraints>false</useDomainConstraints>
<use>1</use>
<logicalDatatype>LOGDT027</logicalDatatype>
<ownDataTypeParameters>,,</ownDataTypeParameters>
<autoIncrementCycle>false</autoIncrementCycle>
</Column>
<Column name="Stacionarno_lecenje_stacionarno_lecenje" id="5BECACC7-A895-76EA-BBB8-A3CB263D4928">
<createdBy>stefa</createdBy>
<createdTime>2023-12-04 21:50:24 UTC</createdTime>
<ownerDesignName>UI DOmaci</ownerDesignName>
<useDomainConstraints>false</useDomainConstraints>
<use>1</use>
<logicalDatatype>LOGDT027</logicalDatatype>
<ownDataTypeParameters>,,</ownDataTypeParameters>
<previousColumn>false</previousColumn>
<autoIncrementCycle>false</autoIncrementCycle>
<associations>
<colAssociation fkAssociation="A9CF906D-706C-76F8-1C85-497E5B8C2BDC" referredColumn="6B27A531-EE9B-DEA2-E823-96BF741F2D1C"/>
</associations>
</Column>
<Column name="Vizita_vizita_id" id="437F24C8-6559-3180-ACA7-7B149C89ED90">
<createdBy>stefa</createdBy>
<createdTime>2023-12-04 21:50:27 UTC</createdTime>
<ownerDesignName>UI DOmaci</ownerDesignName>
<useDomainConstraints>false</useDomainConstraints>
<use>1</use>
<ownDataTypeParameters>,,</ownDataTypeParameters>
<previousColumn>false</previousColumn>
<autoIncrementCycle>false</autoIncrementCycle>
<associations>
<colAssociation fkAssociation="66AC4641-67E4-0618-D955-122CD94EDEF4" referredColumn="26D8411F-42C0-8CD7-4E4F-C03CE8A6BF58"/>
</associations>
</Column>
</columns>
<indexes itemClass="oracle.dbtools.crest.model.design.relational.Index">
<ind_PK_UK id="3D4C9D48-BA22-93CC-6B79-022167F86827" name="stac_lecenje_vizita_PK">
<createdBy>stefa</createdBy>
<createdTime>2023-12-04 21:50:21 UTC</createdTime>
<ownerDesignName>UI DOmaci</ownerDesignName>
<pk>true</pk>
<indexState>Primary Constraint</indexState>
<isSurrogateKey>false</isSurrogateKey>
<indexColumnUsage>
<colUsage columnID="DA1D480D-846B-5154-0AC0-084361579C34"/>
</indexColumnUsage>
</ind_PK_UK>
<ind_PK_UK id="105D3095-3D73-54A0-E8A2-3E6D79723B35" name="stac_lecenje_vizita_Stacionarno_lecenje_FK">
<createdBy>stefa</createdBy>
<createdTime>2023-12-04 21:50:24 UTC</createdTime>
<ownerDesignName>UI DOmaci</ownerDesignName>
<indexState>Foreign Key</indexState>
<isSurrogateKey>false</isSurrogateKey>
<indexColumnUsage>
<colUsage columnID="5BECACC7-A895-76EA-BBB8-A3CB263D4928"/>
</indexColumnUsage>
</ind_PK_UK>
<ind_PK_UK id="132BA5CA-38BA-15AD-68EC-6C479EA392B4" name="stac_lecenje_vizita_Vizita_FK">
<createdBy>stefa</createdBy>
<createdTime>2023-12-04 21:50:27 UTC</createdTime>
<ownerDesignName>UI DOmaci</ownerDesignName>
<indexState>Foreign Key</indexState>
<isSurrogateKey>false</isSurrogateKey>
<indexColumnUsage>
<colUsage columnID="437F24C8-6559-3180-ACA7-7B149C89ED90"/>
</indexColumnUsage>
</ind_PK_UK>
</indexes>
</Table>