<?xml version = '1.0' encoding = 'UTF-8'?>
<Table class="oracle.dbtools.crest.model.design.relational.Table" directorySegmentName="seg_0" id="54D789BE-F446-41C7-79A8-04E333AC2983" name="Zdravstvena_knjizica">
<createdBy>stefa</createdBy>
<createdTime>2023-11-06 22:04:12 UTC</createdTime>
<ownerDesignName>UI DOmaci</ownerDesignName>
<ordsAlias>table_37</ordsAlias>
<allowColumnReorder>false</allowColumnReorder>
<existDependencyGenerateInDDl>true</existDependencyGenerateInDDl>
<parsed>true</parsed>
<columns itemClass="oracle.dbtools.crest.model.design.relational.Column">
<Column name="knjizica_id" id="F95ACF3F-E5E7-FD4D-D48E-639C87312103">
<createdBy>stefa</createdBy>
<createdTime>2023-11-06 22:05:34 UTC</createdTime>
<ownerDesignName>UI DOmaci</ownerDesignName>
<useDomainConstraints>false</useDomainConstraints>
<use>1</use>
<logicalDatatype>LOGDT027</logicalDatatype>
<ownDataTypeParameters>,,</ownDataTypeParameters>
<autoIncrementCycle>false</autoIncrementCycle>
</Column>
<Column name="datum_overe" id="64107347-5A3A-09D1-D019-FEFD6C4D68F2">
<createdBy>stefa</createdBy>
<createdTime>2023-11-06 22:05:34 UTC</createdTime>
<ownerDesignName>UI DOmaci</ownerDesignName>
<nullsAllowed>true</nullsAllowed>
<useDomainConstraints>false</useDomainConstraints>
<use>1</use>
<logicalDatatype>LOGDT007</logicalDatatype>
<ownDataTypeParameters>,,</ownDataTypeParameters>
<autoIncrementCycle>false</autoIncrementCycle>
</Column>
<Column name="datum_isteka" id="E9729E25-2A86-917B-53F1-783F64E4FE12">
<createdBy>stefa</createdBy>
<createdTime>2023-11-06 22:05:34 UTC</createdTime>
<ownerDesignName>UI DOmaci</ownerDesignName>
<nullsAllowed>true</nullsAllowed>
<useDomainConstraints>false</useDomainConstraints>
<use>1</use>
<logicalDatatype>LOGDT007</logicalDatatype>
<ownDataTypeParameters>,,</ownDataTypeParameters>
<autoIncrementCycle>false</autoIncrementCycle>
</Column>
<Column name="Polisa_osiguranja_polisa_id" id="46917A9A-32FB-320D-58FE-65D340B35BD2">
<createdBy>stefa</createdBy>
<createdTime>2023-11-06 22:12:32 UTC</createdTime>
<ownerDesignName>UI DOmaci</ownerDesignName>
<useDomainConstraints>false</useDomainConstraints>
<use>1</use>
<logicalDatatype>LOGDT027</logicalDatatype>
<ownDataTypeParameters>,,</ownDataTypeParameters>
<previousColumn>false</previousColumn>
<autoIncrementCycle>false</autoIncrementCycle>
<associations>
<colAssociation fkAssociation="09DB2621-A5CC-6C8D-13FD-84A9F68498D0" referredColumn="96CB61F9-F934-40B6-D5EE-EFF1BFD66BF7"/>
</associations>
</Column>
</columns>
<indexes itemClass="oracle.dbtools.crest.model.design.relational.Index">
<ind_PK_UK id="1B52777D-842F-F419-A897-AB6B92BE8AF5" name="Zdravstvena_knjizica_PK">
<createdBy>stefa</createdBy>
<createdTime>2023-11-06 22:05:34 UTC</createdTime>
<ownerDesignName>UI DOmaci</ownerDesignName>
<pk>true</pk>
<indexState>Primary Constraint</indexState>
<isSurrogateKey>false</isSurrogateKey>
<indexColumnUsage>
<colUsage columnID="F95ACF3F-E5E7-FD4D-D48E-639C87312103"/>
</indexColumnUsage>
</ind_PK_UK>
<ind_PK_UK id="F5A429B1-908E-E9D7-D204-C456B337CC09" name="Zdravstvena_knjizica_Polisa_osiguranja_FK">
<createdBy>stefa</createdBy>
<createdTime>2023-11-06 22:12:32 UTC</createdTime>
<ownerDesignName>UI DOmaci</ownerDesignName>
<indexState>Foreign Key</indexState>
<isSurrogateKey>false</isSurrogateKey>
<indexColumnUsage>
<colUsage columnID="46917A9A-32FB-320D-58FE-65D340B35BD2"/>
</indexColumnUsage>
</ind_PK_UK>
</indexes>
</Table>