<?xml version = '1.0' encoding = 'UTF-8'?>
<Table class="oracle.dbtools.crest.model.design.relational.Table" directorySegmentName="seg_0" id="558F09E3-1694-A59F-5839-ECE4D3F79A74" name="pozicija">
<createdBy>stefa</createdBy>
<createdTime>2023-11-13 21:47:36 UTC</createdTime>
<ownerDesignName>UI DOmaci</ownerDesignName>
<ordsAlias>table_45</ordsAlias>
<allowColumnReorder>false</allowColumnReorder>
<existDependencyGenerateInDDl>true</existDependencyGenerateInDDl>
<parsed>true</parsed>
<columns itemClass="oracle.dbtools.crest.model.design.relational.Column">
<Column name="pozicija_id" id="6E07A010-F873-22D2-3C94-BE7606765C74">
<createdBy>stefa</createdBy>
<createdTime>2023-11-13 21:49:03 UTC</createdTime>
<ownerDesignName>UI DOmaci</ownerDesignName>
<useDomainConstraints>false</useDomainConstraints>
<use>1</use>
<logicalDatatype>LOGDT027</logicalDatatype>
<ownDataTypeParameters>,,</ownDataTypeParameters>
<autoIncrementCycle>false</autoIncrementCycle>
</Column>
<Column name="uloga" id="1DE8E318-A61D-C392-0B7B-6C4205068384">
<createdBy>stefa</createdBy>
<createdTime>2023-11-13 21:49:03 UTC</createdTime>
<ownerDesignName>UI DOmaci</ownerDesignName>
<nullsAllowed>true</nullsAllowed>
<useDomainConstraints>false</useDomainConstraints>
<use>1</use>
<logicalDatatype>LOGDT024</logicalDatatype>
<ownDataTypeParameters>,,</ownDataTypeParameters>
<autoIncrementCycle>false</autoIncrementCycle>
</Column>
</columns>
<indexes itemClass="oracle.dbtools.crest.model.design.relational.Index">
<ind_PK_UK id="40DB1728-4425-0CF0-4663-6F3FCAD89B16" name="pozicija_PK">
<createdBy>stefa</createdBy>
<createdTime>2023-11-13 21:49:03 UTC</createdTime>
<ownerDesignName>UI DOmaci</ownerDesignName>
<pk>true</pk>
<indexState>Primary Constraint</indexState>
<isSurrogateKey>false</isSurrogateKey>
<indexColumnUsage>
<colUsage columnID="6E07A010-F873-22D2-3C94-BE7606765C74"/>
</indexColumnUsage>
</ind_PK_UK>
</indexes>
</Table>