<?xml version = '1.0' encoding = 'UTF-8'?>
<Table class="oracle.dbtools.crest.model.design.relational.Table" directorySegmentName="seg_0" id="5815D993-E7EC-1263-92E6-C5FFDB45A759" name="Tip_odsustva">
<createdBy>stefa</createdBy>
<createdTime>2023-12-04 21:41:17 UTC</createdTime>
<ownerDesignName>UI DOmaci</ownerDesignName>
<ordsAlias>table_55</ordsAlias>
<allowColumnReorder>false</allowColumnReorder>
<existDependencyGenerateInDDl>true</existDependencyGenerateInDDl>
<parsed>true</parsed>
<columns itemClass="oracle.dbtools.crest.model.design.relational.Column">
<Column name="tip_odsustva_id" id="CCC4152F-26E1-3021-75CC-A753142E2A05">
<createdBy>stefa</createdBy>
<createdTime>2023-12-04 21:41:56 UTC</createdTime>
<ownerDesignName>UI DOmaci</ownerDesignName>
<useDomainConstraints>false</useDomainConstraints>
<use>1</use>
<logicalDatatype>LOGDT027</logicalDatatype>
<ownDataTypeParameters>,,</ownDataTypeParameters>
<autoIncrementCycle>false</autoIncrementCycle>
</Column>
<Column name="naziv_odsustva" id="425773CA-33D2-9FED-3777-81EA3AD62F92">
<createdBy>stefa</createdBy>
<createdTime>2023-12-04 21:41:56 UTC</createdTime>
<ownerDesignName>UI DOmaci</ownerDesignName>
<nullsAllowed>true</nullsAllowed>
<useDomainConstraints>false</useDomainConstraints>
<use>1</use>
<logicalDatatype>LOGDT024</logicalDatatype>
<ownDataTypeParameters>,,</ownDataTypeParameters>
<autoIncrementCycle>false</autoIncrementCycle>
</Column>
</columns>
<indexes itemClass="oracle.dbtools.crest.model.design.relational.Index">
<ind_PK_UK id="3664D007-5F7D-E0DA-B4A7-A5F9C96AA93B" name="Tip_odsustva_PK">
<createdBy>stefa</createdBy>
<createdTime>2023-12-04 21:41:56 UTC</createdTime>
<ownerDesignName>UI DOmaci</ownerDesignName>
<pk>true</pk>
<indexState>Primary Constraint</indexState>
<isSurrogateKey>false</isSurrogateKey>
<indexColumnUsage>
<colUsage columnID="CCC4152F-26E1-3021-75CC-A753142E2A05"/>
</indexColumnUsage>
</ind_PK_UK>
</indexes>
</Table>