<?xml version = '1.0' encoding = 'UTF-8'?>
<Table class="oracle.dbtools.crest.model.design.relational.Table" directorySegmentName="seg_0" id="689B8DBB-F54A-E428-47F6-C1EB99646630" name="Trenutno_stranje_leka">
<createdBy>stefa</createdBy>
<createdTime>2023-12-11 21:56:26 UTC</createdTime>
<ownerDesignName>UI DOmaci</ownerDesignName>
<ordsAlias>table_65</ordsAlias>
<allowColumnReorder>false</allowColumnReorder>
<existDependencyGenerateInDDl>true</existDependencyGenerateInDDl>
<parsed>true</parsed>
<columns itemClass="oracle.dbtools.crest.model.design.relational.Column">
<Column name="trenutno_stanje_leka" id="B517089F-A507-5AB5-6A15-8946B07F91E0">
<createdBy>stefa</createdBy>
<createdTime>2023-12-11 21:56:57 UTC</createdTime>
<ownerDesignName>UI DOmaci</ownerDesignName>
<useDomainConstraints>false</useDomainConstraints>
<use>1</use>
<logicalDatatype>LOGDT027</logicalDatatype>
<ownDataTypeParameters>,,</ownDataTypeParameters>
<autoIncrementCycle>false</autoIncrementCycle>
</Column>
<Column name="Lek_lek_id" id="CCDA6700-CF1F-FDBC-8F2F-33D27E4EC72B">
<createdBy>stefa</createdBy>
<createdTime>2023-12-11 22:01:05 UTC</createdTime>
<ownerDesignName>UI DOmaci</ownerDesignName>
<useDomainConstraints>false</useDomainConstraints>
<use>1</use>
<logicalDatatype>LOGDT027</logicalDatatype>
<ownDataTypeParameters>,,</ownDataTypeParameters>
<previousColumn>false</previousColumn>
<autoIncrementCycle>false</autoIncrementCycle>
<associations>
<colAssociation fkAssociation="D5B4D616-4799-13D7-6211-A954657835D1" referredColumn="EB5768F8-E4D9-595B-2BBC-79926D73C8A5"/>
</associations>
</Column>
<Column name="kolicina" id="28FDC058-F310-2064-F183-9220C7F33F31">
<createdBy>stefa</createdBy>
<createdTime>2023-12-11 22:01:19 UTC</createdTime>
<ownerDesignName>UI DOmaci</ownerDesignName>
<nullsAllowed>true</nullsAllowed>
<useDomainConstraints>false</useDomainConstraints>
<use>1</use>
<logicalDatatype>LOGDT027</logicalDatatype>
<ownDataTypeParameters>,,</ownDataTypeParameters>
<autoIncrementCycle>false</autoIncrementCycle>
</Column>
<Column name="rezervisano" id="6BEA2833-EAED-480B-615F-313B60AADAB0">
<createdBy>stefa</createdBy>
<createdTime>2023-12-11 22:02:09 UTC</createdTime>
<ownerDesignName>UI DOmaci</ownerDesignName>
<nullsAllowed>true</nullsAllowed>
<useDomainConstraints>false</useDomainConstraints>
<use>1</use>
<logicalDatatype>LOGDT027</logicalDatatype>
<ownDataTypeParameters>,,</ownDataTypeParameters>
<autoIncrementCycle>false</autoIncrementCycle>
</Column>
</columns>
<indexes itemClass="oracle.dbtools.crest.model.design.relational.Index">
<ind_PK_UK id="8BBBD2FD-2E32-A96E-C3AC-BC1B09207D38" name="Trenutno_stranje_PK">
<createdBy>stefa</createdBy>
<createdTime>2023-12-11 21:56:57 UTC</createdTime>
<ownerDesignName>UI DOmaci</ownerDesignName>
<pk>true</pk>
<indexState>Primary Constraint</indexState>
<isSurrogateKey>false</isSurrogateKey>
<indexColumnUsage>
<colUsage columnID="B517089F-A507-5AB5-6A15-8946B07F91E0"/>
</indexColumnUsage>
</ind_PK_UK>
<ind_PK_UK id="3492D59D-4F84-3226-8355-7FAF322253D3" name="Trenutno_stranje_Lek_FK">
<createdBy>stefa</createdBy>
<createdTime>2023-12-11 22:01:05 UTC</createdTime>
<ownerDesignName>UI DOmaci</ownerDesignName>
<indexState>Foreign Key</indexState>
<isSurrogateKey>false</isSurrogateKey>
<indexColumnUsage>
<colUsage columnID="CCDA6700-CF1F-FDBC-8F2F-33D27E4EC72B"/>
</indexColumnUsage>
</ind_PK_UK>
</indexes>
</Table>