<?xml version = '1.0' encoding = 'UTF-8'?>
<Table class="oracle.dbtools.crest.model.design.relational.Table" directorySegmentName="seg_0" id="760D90D5-417A-AB5D-4040-94A39696F65D" name="Tip_objekta">
<createdBy>stefa</createdBy>
<createdTime>2023-11-06 21:02:21 UTC</createdTime>
<ownerDesignName>UI DOmaci</ownerDesignName>
<ordsAlias>table_23</ordsAlias>
<allowColumnReorder>false</allowColumnReorder>
<existDependencyGenerateInDDl>true</existDependencyGenerateInDDl>
<parsed>true</parsed>
<columns itemClass="oracle.dbtools.crest.model.design.relational.Column">
<Column name="tip_obekta_id" id="84EB2B10-CE47-C442-2AEE-9B6AC040B0D6">
<createdBy>stefa</createdBy>
<createdTime>2023-11-06 21:10:46 UTC</createdTime>
<ownerDesignName>UI DOmaci</ownerDesignName>
<useDomainConstraints>false</useDomainConstraints>
<use>1</use>
<logicalDatatype>LOGDT027</logicalDatatype>
<ownDataTypeParameters>,,</ownDataTypeParameters>
<autoIncrementCycle>false</autoIncrementCycle>
</Column>
<Column name="tip" id="ED072C55-A9A8-9C5E-7B7E-24968F5522D7">
<createdBy>stefa</createdBy>
<createdTime>2023-11-06 21:10:57 UTC</createdTime>
<ownerDesignName>UI DOmaci</ownerDesignName>
<nullsAllowed>true</nullsAllowed>
<useDomainConstraints>false</useDomainConstraints>
<use>1</use>
<logicalDatatype>LOGDT024</logicalDatatype>
<ownDataTypeParameters>,,</ownDataTypeParameters>
<autoIncrementCycle>false</autoIncrementCycle>
</Column>
</columns>
<indexes itemClass="oracle.dbtools.crest.model.design.relational.Index">
<ind_PK_UK id="B05FC6DB-7045-140A-644C-FF4DE98C8B2D" name="Tip_objekta_PK">
<createdBy>stefa</createdBy>
<createdTime>2023-11-06 21:10:46 UTC</createdTime>
<ownerDesignName>UI DOmaci</ownerDesignName>
<pk>true</pk>
<indexState>Primary Constraint</indexState>
<isSurrogateKey>false</isSurrogateKey>
<indexColumnUsage>
<colUsage columnID="84EB2B10-CE47-C442-2AEE-9B6AC040B0D6"/>
</indexColumnUsage>
</ind_PK_UK>
</indexes>
</Table>