<?xml version = '1.0' encoding = 'UTF-8'?>
<Table class="oracle.dbtools.crest.model.design.relational.Table" directorySegmentName="seg_0" id="778ABA2D-7698-DD96-3D71-95248D896C8B" name="Procedura">
<createdBy>stefa</createdBy>
<createdTime>2023-10-23 20:33:41 UTC</createdTime>
<ownerDesignName>UI DOmaci</ownerDesignName>
<ordsAlias>table_31</ordsAlias>
<allowColumnReorder>false</allowColumnReorder>
<existDependencyGenerateInDDl>true</existDependencyGenerateInDDl>
<parsed>true</parsed>
<columns itemClass="oracle.dbtools.crest.model.design.relational.Column">
<Column name="procedura_id" id="EC960B4C-C3D4-2F13-96A0-92F1417EE112">
<createdBy>stefa</createdBy>
<createdTime>2023-10-23 20:37:01 UTC</createdTime>
<ownerDesignName>UI DOmaci</ownerDesignName>
<useDomainConstraints>false</useDomainConstraints>
<use>1</use>
<logicalDatatype>LOGDT027</logicalDatatype>
<ownDataTypeParameters>,,</ownDataTypeParameters>
<autoIncrementCycle>false</autoIncrementCycle>
</Column>
<Column name="Opis" id="BBBB7893-2501-9083-95CF-3D5B9FCB1E89">
<createdBy>stefa</createdBy>
<createdTime>2023-10-23 20:37:01 UTC</createdTime>
<ownerDesignName>UI DOmaci</ownerDesignName>
<nullsAllowed>true</nullsAllowed>
<useDomainConstraints>false</useDomainConstraints>
<use>1</use>
<logicalDatatype>LOGDT024</logicalDatatype>
<ownDataTypeParameters>,,</ownDataTypeParameters>
<autoIncrementCycle>false</autoIncrementCycle>
</Column>
<Column name="Cena_cenovnik_id" id="22FE0866-520D-5A49-2F8D-3CCE3ABCC0B3">
<createdBy>stefa</createdBy>
<createdTime>2023-12-04 22:11:22 UTC</createdTime>
<ownerDesignName>UI DOmaci</ownerDesignName>
<useDomainConstraints>false</useDomainConstraints>
<use>1</use>
<logicalDatatype>LOGDT027</logicalDatatype>
<ownDataTypeParameters>,,</ownDataTypeParameters>
<previousColumn>false</previousColumn>
<autoIncrementCycle>false</autoIncrementCycle>
</Column>
<Column name="Lek_lek_id" id="CF091F9C-ED6F-6F37-4531-5BE0A077A408">
<createdBy>stefa</createdBy>
<createdTime>2023-12-11 21:52:02 UTC</createdTime>
<ownerDesignName>UI DOmaci</ownerDesignName>
<useDomainConstraints>false</useDomainConstraints>
<use>1</use>
<logicalDatatype>LOGDT027</logicalDatatype>
<ownDataTypeParameters>,,</ownDataTypeParameters>
<previousColumn>false</previousColumn>
<autoIncrementCycle>false</autoIncrementCycle>
<associations>
<colAssociation fkAssociation="7EF1FD27-415E-1BEF-67EC-AD13A15A10EB" referredColumn="EB5768F8-E4D9-595B-2BBC-79926D73C8A5"/>
</associations>
</Column>
</columns>
<indexes itemClass="oracle.dbtools.crest.model.design.relational.Index">
<ind_PK_UK id="748704F6-CFD9-019A-85D8-A2C666409E48" name="Procedura_PK">
<createdBy>stefa</createdBy>
<createdTime>2023-10-23 20:37:01 UTC</createdTime>
<ownerDesignName>UI DOmaci</ownerDesignName>
<pk>true</pk>
<indexState>Primary Constraint</indexState>
<isSurrogateKey>false</isSurrogateKey>
<indexColumnUsage>
<colUsage columnID="EC960B4C-C3D4-2F13-96A0-92F1417EE112"/>
</indexColumnUsage>
</ind_PK_UK>
<ind_PK_UK id="0FBAA2D1-10D1-C772-1303-FFF3A9B731A6" name="Procedura_Lek_FK">
<createdBy>stefa</createdBy>
<createdTime>2023-12-11 21:52:02 UTC</createdTime>
<ownerDesignName>UI DOmaci</ownerDesignName>
<indexState>Foreign Key</indexState>
<isSurrogateKey>false</isSurrogateKey>
<indexColumnUsage>
<colUsage columnID="CF091F9C-ED6F-6F37-4531-5BE0A077A408"/>
</indexColumnUsage>
</ind_PK_UK>
</indexes>
</Table>