<?xml version = '1.0' encoding = 'UTF-8'?>
<Table class="oracle.dbtools.crest.model.design.relational.Table" directorySegmentName="seg_0" id="79572581-2755-FB24-8325-F67756EB0A8E" name="Istorija_trosenja_materijala">
<createdBy>stefa</createdBy>
<createdTime>2023-12-11 22:08:41 UTC</createdTime>
<ownerDesignName>UI DOmaci</ownerDesignName>
<ordsAlias>table_72</ordsAlias>
<allowColumnReorder>false</allowColumnReorder>
<existDependencyGenerateInDDl>true</existDependencyGenerateInDDl>
<parsed>true</parsed>
<columns itemClass="oracle.dbtools.crest.model.design.relational.Column">
<Column name="ist_tros_mat" id="252BE00E-F371-BBC8-2008-DB5D79FB3E49">
<createdBy>stefa</createdBy>
<createdTime>2023-12-11 22:09:09 UTC</createdTime>
<ownerDesignName>UI DOmaci</ownerDesignName>
<useDomainConstraints>false</useDomainConstraints>
<use>1</use>
<logicalDatatype>LOGDT027</logicalDatatype>
<ownDataTypeParameters>,,</ownDataTypeParameters>
<autoIncrementCycle>false</autoIncrementCycle>
</Column>
<Column name="Materijal_materijal_id" id="285D1F3C-FA02-B43E-8EE9-619073E151AD">
<createdBy>stefa</createdBy>
<createdTime>2023-12-11 22:09:35 UTC</createdTime>
<ownerDesignName>UI DOmaci</ownerDesignName>
<useDomainConstraints>false</useDomainConstraints>
<use>1</use>
<logicalDatatype>LOGDT027</logicalDatatype>
<ownDataTypeParameters>,,</ownDataTypeParameters>
<previousColumn>false</previousColumn>
<autoIncrementCycle>false</autoIncrementCycle>
<associations>
<colAssociation fkAssociation="BAE2EDAE-7A3F-EE75-C86C-8486E9DED9D5" referredColumn="23C17F2B-B4F7-6C86-9F93-AD1723D70647"/>
</associations>
</Column>
</columns>
<indexes itemClass="oracle.dbtools.crest.model.design.relational.Index">
<ind_PK_UK id="48FE0742-D935-0229-0DC2-2946AD87FC94" name="Istorija_trosenja_materijala_PK">
<createdBy>stefa</createdBy>
<createdTime>2023-12-11 22:09:09 UTC</createdTime>
<ownerDesignName>UI DOmaci</ownerDesignName>
<pk>true</pk>
<indexState>Primary Constraint</indexState>
<isSurrogateKey>false</isSurrogateKey>
<indexColumnUsage>
<colUsage columnID="252BE00E-F371-BBC8-2008-DB5D79FB3E49"/>
</indexColumnUsage>
</ind_PK_UK>
<ind_PK_UK id="AE16D175-19ED-2459-71F4-3D38886BEF06" name="Istorija_trosenja_materijala_Materijal_FK">
<createdBy>stefa</createdBy>
<createdTime>2023-12-11 22:09:35 UTC</createdTime>
<ownerDesignName>UI DOmaci</ownerDesignName>
<indexState>Foreign Key</indexState>
<isSurrogateKey>false</isSurrogateKey>
<indexColumnUsage>
<colUsage columnID="285D1F3C-FA02-B43E-8EE9-619073E151AD"/>
</indexColumnUsage>
</ind_PK_UK>
</indexes>
</Table>