<?xml version = '1.0' encoding = 'UTF-8'?>
<Table class="oracle.dbtools.crest.model.design.relational.Table" directorySegmentName="seg_0" id="7C05B650-117C-55E6-DC26-10D03654A987" name="Istorija_osiguranja">
<createdBy>stefa</createdBy>
<createdTime>2023-11-06 22:13:45 UTC</createdTime>
<ownerDesignName>UI DOmaci</ownerDesignName>
<ordsAlias>table_39</ordsAlias>
<allowColumnReorder>false</allowColumnReorder>
<existDependencyGenerateInDDl>true</existDependencyGenerateInDDl>
<parsed>true</parsed>
<columns itemClass="oracle.dbtools.crest.model.design.relational.Column">
<Column name="istorija_osiguranja_id" id="CAA22598-F26E-5F23-791A-F003E1F9B1C0">
<createdBy>stefa</createdBy>
<createdTime>2023-11-06 22:14:38 UTC</createdTime>
<ownerDesignName>UI DOmaci</ownerDesignName>
<useDomainConstraints>false</useDomainConstraints>
<use>1</use>
<logicalDatatype>LOGDT027</logicalDatatype>
<ownDataTypeParameters>,,</ownDataTypeParameters>
<autoIncrementCycle>false</autoIncrementCycle>
</Column>
<Column name="poetak" id="1E7718BE-AA24-9D3C-D264-46D01704A9AA">
<createdBy>stefa</createdBy>
<createdTime>2023-11-06 22:14:38 UTC</createdTime>
<ownerDesignName>UI DOmaci</ownerDesignName>
<nullsAllowed>true</nullsAllowed>
<useDomainConstraints>false</useDomainConstraints>
<use>1</use>
<logicalDatatype>LOGDT007</logicalDatatype>
<ownDataTypeParameters>,,</ownDataTypeParameters>
<autoIncrementCycle>false</autoIncrementCycle>
</Column>
<Column name="zavrsetak" id="1A9B7271-E456-CF31-39FA-65CEF829A2D3">
<createdBy>stefa</createdBy>
<createdTime>2023-11-06 22:14:38 UTC</createdTime>
<ownerDesignName>UI DOmaci</ownerDesignName>
<nullsAllowed>true</nullsAllowed>
<useDomainConstraints>false</useDomainConstraints>
<use>1</use>
<logicalDatatype>LOGDT007</logicalDatatype>
<ownDataTypeParameters>,,</ownDataTypeParameters>
<autoIncrementCycle>false</autoIncrementCycle>
</Column>
<Column name="Polisa_osiguranja_polisa_id" id="34D7B838-85D1-E631-ADC3-B39B6274CF08">
<createdBy>stefa</createdBy>
<createdTime>2023-11-06 22:17:20 UTC</createdTime>
<ownerDesignName>UI DOmaci</ownerDesignName>
<useDomainConstraints>false</useDomainConstraints>
<use>1</use>
<logicalDatatype>LOGDT027</logicalDatatype>
<ownDataTypeParameters>,,</ownDataTypeParameters>
<previousColumn>false</previousColumn>
<autoIncrementCycle>false</autoIncrementCycle>
<associations>
<colAssociation fkAssociation="52C5F6E6-ECE1-34BF-E5E2-D7D40FED0468" referredColumn="96CB61F9-F934-40B6-D5EE-EFF1BFD66BF7"/>
</associations>
</Column>
<Column name="Pacijent_patient_id" id="72490C6E-BC50-D44D-CA78-8DA463BA072F">
<createdBy>stefa</createdBy>
<createdTime>2023-11-06 22:21:08 UTC</createdTime>
<ownerDesignName>UI DOmaci</ownerDesignName>
<useDomainConstraints>false</useDomainConstraints>
<use>1</use>
<logicalDatatype>LOGDT027</logicalDatatype>
<ownDataTypeParameters>,,</ownDataTypeParameters>
<previousColumn>false</previousColumn>
<autoIncrementCycle>false</autoIncrementCycle>
<associations>
<colAssociation fkAssociation="E5982723-4E5C-7ABA-66D7-70CA860630DA" referredColumn="C769D8C3-CE98-B779-F610-0A0C7CFEE0D5"/>
</associations>
</Column>
</columns>
<indexes itemClass="oracle.dbtools.crest.model.design.relational.Index">
<ind_PK_UK id="AAF33EF8-ACCD-037D-5980-095819E7B363" name="Istorija_osiguranja_PK">
<createdBy>stefa</createdBy>
<createdTime>2023-11-06 22:14:38 UTC</createdTime>
<ownerDesignName>UI DOmaci</ownerDesignName>
<pk>true</pk>
<indexState>Primary Constraint</indexState>
<isSurrogateKey>false</isSurrogateKey>
<indexColumnUsage>
<colUsage columnID="CAA22598-F26E-5F23-791A-F003E1F9B1C0"/>
</indexColumnUsage>
</ind_PK_UK>
<ind_PK_UK id="AFBAEB93-0F30-F3AA-E8F8-906394E0C588" name="Istorija_osiguranja_Polisa_osiguranja_FK">
<createdBy>stefa</createdBy>
<createdTime>2023-11-06 22:17:20 UTC</createdTime>
<ownerDesignName>UI DOmaci</ownerDesignName>
<indexState>Foreign Key</indexState>
<isSurrogateKey>false</isSurrogateKey>
<indexColumnUsage>
<colUsage columnID="34D7B838-85D1-E631-ADC3-B39B6274CF08"/>
</indexColumnUsage>
</ind_PK_UK>
<ind_PK_UK id="B74F6FEB-BDCB-8573-63C2-9469D89C7C48" name="Istorija_osiguranja_Pacijent_FK">
<createdBy>stefa</createdBy>
<createdTime>2023-11-06 22:21:08 UTC</createdTime>
<ownerDesignName>UI DOmaci</ownerDesignName>
<indexState>Foreign Key</indexState>
<isSurrogateKey>false</isSurrogateKey>
<indexColumnUsage>
<colUsage columnID="72490C6E-BC50-D44D-CA78-8DA463BA072F"/>
</indexColumnUsage>
</ind_PK_UK>
</indexes>
</Table>