<?xml version = '1.0' encoding = 'UTF-8'?>
<Table class="oracle.dbtools.crest.model.design.relational.Table" directorySegmentName="seg_0" id="7D84A237-3972-7723-B097-F4B6F8B75348" name="Izvrsenje_procedure">
<createdBy>stefa</createdBy>
<createdTime>2023-10-23 20:34:39 UTC</createdTime>
<ownerDesignName>UI DOmaci</ownerDesignName>
<ordsAlias>table_32</ordsAlias>
<allowColumnReorder>false</allowColumnReorder>
<existDependencyGenerateInDDl>true</existDependencyGenerateInDDl>
<parsed>true</parsed>
<columns itemClass="oracle.dbtools.crest.model.design.relational.Column">
<Column name="id_izvrsenja" id="A3FD10DE-4064-7790-6F52-FAB3CD29567D">
<createdBy>stefa</createdBy>
<createdTime>2023-10-23 20:37:58 UTC</createdTime>
<ownerDesignName>UI DOmaci</ownerDesignName>
<useDomainConstraints>false</useDomainConstraints>
<use>1</use>
<logicalDatatype>LOGDT027</logicalDatatype>
<ownDataTypeParameters>,,</ownDataTypeParameters>
<autoIncrementCycle>false</autoIncrementCycle>
</Column>
<Column name="Medical_staff_staff_id" id="61EE9B6D-CCA4-E36C-AC24-580A49792875">
<createdBy>stefa</createdBy>
<createdTime>2023-10-23 20:38:20 UTC</createdTime>
<ownerDesignName>UI DOmaci</ownerDesignName>
<useDomainConstraints>false</useDomainConstraints>
<use>1</use>
<logicalDatatype>LOGDT027</logicalDatatype>
<ownDataTypeParameters>,,</ownDataTypeParameters>
<previousColumn>false</previousColumn>
<autoIncrementCycle>false</autoIncrementCycle>
<associations>
<colAssociation fkAssociation="22D96517-6DDB-22C5-754D-757A11E9D061" referredColumn="ACBF48D2-1FDB-511B-A67D-374DB2D593F8"/>
</associations>
</Column>
<Column name="Prijem_prijem_id" id="2A8BD45C-6EBF-3778-21F3-F1FBEC8B4DF9">
<createdBy>stefa</createdBy>
<createdTime>2023-10-23 20:38:46 UTC</createdTime>
<ownerDesignName>UI DOmaci</ownerDesignName>
<useDomainConstraints>false</useDomainConstraints>
<use>1</use>
<logicalDatatype>LOGDT027</logicalDatatype>
<ownDataTypeParameters>,,</ownDataTypeParameters>
<previousColumn>false</previousColumn>
<autoIncrementCycle>false</autoIncrementCycle>
<associations>
<colAssociation fkAssociation="FF098D26-EF45-DC2A-69F9-AEEEEA732E3F" referredColumn="6B27A531-EE9B-DEA2-E823-96BF741F2D1C"/>
</associations>
</Column>
<Column name="Procedura_procedura_id" id="4B035C12-986A-7282-8664-D891811B93CD">
<createdBy>stefa</createdBy>
<createdTime>2023-10-23 20:38:56 UTC</createdTime>
<ownerDesignName>UI DOmaci</ownerDesignName>
<useDomainConstraints>false</useDomainConstraints>
<use>1</use>
<logicalDatatype>LOGDT027</logicalDatatype>
<ownDataTypeParameters>,,</ownDataTypeParameters>
<previousColumn>false</previousColumn>
<autoIncrementCycle>false</autoIncrementCycle>
<associations>
<colAssociation fkAssociation="6B1DD603-927A-91C0-9309-BEAEB7E8ECE3" referredColumn="EC960B4C-C3D4-2F13-96A0-92F1417EE112"/>
</associations>
</Column>
<Column name="Doktor_lekar_id" id="5474BA41-27D4-975C-EEE4-61AE25D52C69">
<createdBy>stefa</createdBy>
<createdTime>2023-11-13 22:08:32 UTC</createdTime>
<ownerDesignName>UI DOmaci</ownerDesignName>
<useDomainConstraints>false</useDomainConstraints>
<use>1</use>
<logicalDatatype>LOGDT027</logicalDatatype>
<ownDataTypeParameters>,,</ownDataTypeParameters>
<previousColumn>false</previousColumn>
<autoIncrementCycle>false</autoIncrementCycle>
<associations>
<colAssociation fkAssociation="EBB40C4F-2042-C893-2EC4-B41E2C98B620" referredColumn="9EE0C981-D2AE-7E4F-7485-92BC14AC52A0"/>
</associations>
</Column>
</columns>
<indexes itemClass="oracle.dbtools.crest.model.design.relational.Index">
<ind_PK_UK id="5C2FBFAB-A74A-6C5B-FDA6-AAA4F6862FA6" name="Izvrsenje_procedure_PK">
<createdBy>stefa</createdBy>
<createdTime>2023-10-23 20:38:05 UTC</createdTime>
<ownerDesignName>UI DOmaci</ownerDesignName>
<pk>true</pk>
<indexState>Primary Constraint</indexState>
<isSurrogateKey>false</isSurrogateKey>
<indexColumnUsage>
<colUsage columnID="A3FD10DE-4064-7790-6F52-FAB3CD29567D"/>
</indexColumnUsage>
</ind_PK_UK>
<ind_PK_UK id="01E980FC-385C-3B99-6A00-4E1CDEB6A5D2" name="Izvrsenje_procedure_Medical_staff_FK">
<createdBy>stefa</createdBy>
<createdTime>2023-10-23 20:38:20 UTC</createdTime>
<ownerDesignName>UI DOmaci</ownerDesignName>
<indexState>Foreign Key</indexState>
<isSurrogateKey>false</isSurrogateKey>
<indexColumnUsage>
<colUsage columnID="61EE9B6D-CCA4-E36C-AC24-580A49792875"/>
</indexColumnUsage>
</ind_PK_UK>
<ind_PK_UK id="82DD8280-CDA3-5C3A-CEFC-0B55F76ECE37" name="Izvrsenje_procedure_Prijem_FK">
<createdBy>stefa</createdBy>
<createdTime>2023-10-23 20:38:46 UTC</createdTime>
<ownerDesignName>UI DOmaci</ownerDesignName>
<indexState>Foreign Key</indexState>
<isSurrogateKey>false</isSurrogateKey>
<indexColumnUsage>
<colUsage columnID="2A8BD45C-6EBF-3778-21F3-F1FBEC8B4DF9"/>
</indexColumnUsage>
</ind_PK_UK>
<ind_PK_UK id="2DEE91D3-E555-6664-9AE9-0E49DA71E2CB" name="Izvrsenje_procedure_Procedura_FK">
<createdBy>stefa</createdBy>
<createdTime>2023-10-23 20:38:56 UTC</createdTime>
<ownerDesignName>UI DOmaci</ownerDesignName>
<indexState>Foreign Key</indexState>
<isSurrogateKey>false</isSurrogateKey>
<indexColumnUsage>
<colUsage columnID="4B035C12-986A-7282-8664-D891811B93CD"/>
</indexColumnUsage>
</ind_PK_UK>
<ind_PK_UK id="9844E8A6-681D-0DA3-F2B6-B749B71D6214" name="Izvrsenje_procedure_Doktor_FK">
<createdBy>stefa</createdBy>
<createdTime>2023-11-13 22:08:32 UTC</createdTime>
<ownerDesignName>UI DOmaci</ownerDesignName>
<indexState>Foreign Key</indexState>
<isSurrogateKey>false</isSurrogateKey>
<indexColumnUsage>
<colUsage columnID="5474BA41-27D4-975C-EEE4-61AE25D52C69"/>
</indexColumnUsage>
</ind_PK_UK>
</indexes>
</Table>