<?xml version = '1.0' encoding = 'UTF-8'?>
<Table class="oracle.dbtools.crest.model.design.relational.Table" directorySegmentName="seg_0" id="80249B5D-E387-0A64-CF74-F13E9E783A30" name="Godisnji_odmor">
<createdBy>stefa</createdBy>
<createdTime>2023-12-04 22:16:21 UTC</createdTime>
<ownerDesignName>UI DOmaci</ownerDesignName>
<ordsAlias>table_69</ordsAlias>
<allowColumnReorder>false</allowColumnReorder>
<existDependencyGenerateInDDl>true</existDependencyGenerateInDDl>
<parsed>true</parsed>
<columns itemClass="oracle.dbtools.crest.model.design.relational.Column">
<Column name="godisnji_odmor_id" id="447ADEB8-12F4-271F-5BB2-9433E54F1E9F">
<createdBy>stefa</createdBy>
<createdTime>2023-12-04 22:16:50 UTC</createdTime>
<ownerDesignName>UI DOmaci</ownerDesignName>
<useDomainConstraints>false</useDomainConstraints>
<use>1</use>
<logicalDatatype>LOGDT027</logicalDatatype>
<ownDataTypeParameters>,,</ownDataTypeParameters>
<autoIncrementCycle>false</autoIncrementCycle>
</Column>
<Column name="broj_dana" id="6BFBE773-57EF-7680-C529-31EB35471E60">
<createdBy>stefa</createdBy>
<createdTime>2023-12-04 22:16:50 UTC</createdTime>
<ownerDesignName>UI DOmaci</ownerDesignName>
<nullsAllowed>true</nullsAllowed>
<useDomainConstraints>false</useDomainConstraints>
<use>1</use>
<logicalDatatype>LOGDT027</logicalDatatype>
<ownDataTypeParameters>,,</ownDataTypeParameters>
<autoIncrementCycle>false</autoIncrementCycle>
</Column>
</columns>
<indexes itemClass="oracle.dbtools.crest.model.design.relational.Index">
<ind_PK_UK id="C31757AD-E849-11CF-8F9B-F8171321CA80" name="Godisnji_odmor_PK">
<createdBy>stefa</createdBy>
<createdTime>2023-12-04 22:16:50 UTC</createdTime>
<ownerDesignName>UI DOmaci</ownerDesignName>
<pk>true</pk>
<indexState>Primary Constraint</indexState>
<isSurrogateKey>false</isSurrogateKey>
<indexColumnUsage>
<colUsage columnID="447ADEB8-12F4-271F-5BB2-9433E54F1E9F"/>
</indexColumnUsage>
</ind_PK_UK>
</indexes>
</Table>