<?xml version = '1.0' encoding = 'UTF-8'?>
<Table class="oracle.dbtools.crest.model.design.relational.Table" directorySegmentName="seg_0" id="807A60EC-BCAD-A5C8-1858-8A13A44A5564" name="Portir">
<createdBy>stefa</createdBy>
<createdTime>2023-11-06 21:33:21 UTC</createdTime>
<ownerDesignName>UI DOmaci</ownerDesignName>
<ordsAlias>table_29</ordsAlias>
<allowColumnReorder>false</allowColumnReorder>
<existDependencyGenerateInDDl>true</existDependencyGenerateInDDl>
<parsed>true</parsed>
<columns itemClass="oracle.dbtools.crest.model.design.relational.Column">
<Column name="portir_id" id="0BEF63D2-E1F2-A56B-3823-5B067D9CFCC5">
<createdBy>stefa</createdBy>
<createdTime>2023-11-06 21:34:18 UTC</createdTime>
<ownerDesignName>UI DOmaci</ownerDesignName>
<useDomainConstraints>false</useDomainConstraints>
<use>1</use>
<logicalDatatype>LOGDT027</logicalDatatype>
<ownDataTypeParameters>,,</ownDataTypeParameters>
<autoIncrementCycle>false</autoIncrementCycle>
</Column>
<Column name="smena" id="126D9465-8B98-805A-8677-4A514C8C4A39">
<createdBy>stefa</createdBy>
<createdTime>2023-11-06 21:34:18 UTC</createdTime>
<ownerDesignName>UI DOmaci</ownerDesignName>
<nullsAllowed>true</nullsAllowed>
<useDomainConstraints>false</useDomainConstraints>
<use>1</use>
<logicalDatatype>LOGDT024</logicalDatatype>
<ownDataTypeParameters>,,</ownDataTypeParameters>
<autoIncrementCycle>false</autoIncrementCycle>
</Column>
<Column name="Zaposleni_person_id" id="D8AD93C5-6487-7595-CB15-092C560BFADB">
<createdBy>stefa</createdBy>
<createdTime>2023-11-06 21:34:48 UTC</createdTime>
<ownerDesignName>UI DOmaci</ownerDesignName>
<useDomainConstraints>false</useDomainConstraints>
<use>1</use>
<logicalDatatype>LOGDT027</logicalDatatype>
<ownDataTypeParameters>,,</ownDataTypeParameters>
<previousColumn>false</previousColumn>
<autoIncrementCycle>false</autoIncrementCycle>
<associations>
<colAssociation fkAssociation="C3FD3B00-C049-E7CB-634A-05D39D71B730" referredColumn="D5A6E847-7832-B361-21A0-F43267729A09"/>
</associations>
</Column>
</columns>
<indexes itemClass="oracle.dbtools.crest.model.design.relational.Index">
<ind_PK_UK id="3B589D4A-84F9-AED7-8858-83AFDB41E7E3" name="Portir_PK">
<createdBy>stefa</createdBy>
<createdTime>2023-11-06 21:34:18 UTC</createdTime>
<ownerDesignName>UI DOmaci</ownerDesignName>
<pk>true</pk>
<indexState>Primary Constraint</indexState>
<isSurrogateKey>false</isSurrogateKey>
<indexColumnUsage>
<colUsage columnID="0BEF63D2-E1F2-A56B-3823-5B067D9CFCC5"/>
</indexColumnUsage>
</ind_PK_UK>
<ind_PK_UK id="BD162AAC-3495-9C99-E3FD-06B86462B972" name="Portir_Zaposleni_FK">
<createdBy>stefa</createdBy>
<createdTime>2023-11-06 21:34:48 UTC</createdTime>
<ownerDesignName>UI DOmaci</ownerDesignName>
<indexState>Foreign Key</indexState>
<isSurrogateKey>false</isSurrogateKey>
<indexColumnUsage>
<colUsage columnID="D8AD93C5-6487-7595-CB15-092C560BFADB"/>
</indexColumnUsage>
</ind_PK_UK>
</indexes>
</Table>