<?xml version = '1.0' encoding = 'UTF-8'?>
<Table class="oracle.dbtools.crest.model.design.relational.Table" directorySegmentName="seg_0" id="82A93AE5-9C50-4B81-1975-A13098121485" name="Tip_smene">
<createdBy>stefa</createdBy>
<createdTime>2023-12-04 21:43:42 UTC</createdTime>
<ownerDesignName>UI DOmaci</ownerDesignName>
<ordsAlias>table_57</ordsAlias>
<allowColumnReorder>false</allowColumnReorder>
<existDependencyGenerateInDDl>true</existDependencyGenerateInDDl>
<parsed>true</parsed>
<columns itemClass="oracle.dbtools.crest.model.design.relational.Column">
<Column name="tip_smene_id" id="8BBFFECB-EF4C-B906-D78B-221375F8A8FB">
<createdBy>stefa</createdBy>
<createdTime>2023-12-04 21:44:09 UTC</createdTime>
<ownerDesignName>UI DOmaci</ownerDesignName>
<useDomainConstraints>false</useDomainConstraints>
<use>1</use>
<logicalDatatype>LOGDT027</logicalDatatype>
<ownDataTypeParameters>,,</ownDataTypeParameters>
<autoIncrementCycle>false</autoIncrementCycle>
</Column>
<Column name="naziv_tipa" id="790CEE1F-A16B-A7EF-224A-DE4E7FBB5A53">
<createdBy>stefa</createdBy>
<createdTime>2023-12-04 21:44:09 UTC</createdTime>
<ownerDesignName>UI DOmaci</ownerDesignName>
<nullsAllowed>true</nullsAllowed>
<useDomainConstraints>false</useDomainConstraints>
<use>1</use>
<logicalDatatype>LOGDT024</logicalDatatype>
<ownDataTypeParameters>,,</ownDataTypeParameters>
<autoIncrementCycle>false</autoIncrementCycle>
</Column>
</columns>
<indexes itemClass="oracle.dbtools.crest.model.design.relational.Index">
<ind_PK_UK id="6D39CE61-A3B9-EC41-B8AB-C04090B76B7F" name="Tip_smene_PK">
<createdBy>stefa</createdBy>
<createdTime>2023-12-04 21:44:09 UTC</createdTime>
<ownerDesignName>UI DOmaci</ownerDesignName>
<pk>true</pk>
<indexState>Primary Constraint</indexState>
<isSurrogateKey>false</isSurrogateKey>
<indexColumnUsage>
<colUsage columnID="8BBFFECB-EF4C-B906-D78B-221375F8A8FB"/>
</indexColumnUsage>
</ind_PK_UK>
</indexes>
</Table>