<?xml version = '1.0' encoding = 'UTF-8'?>
<Table class="oracle.dbtools.crest.model.design.relational.Table" directorySegmentName="seg_0" id="87B3F058-A2A0-9C63-6C27-66F93C00794D" name="Nabavka_materijala">
<createdBy>stefa</createdBy>
<createdTime>2023-12-11 22:11:11 UTC</createdTime>
<ownerDesignName>UI DOmaci</ownerDesignName>
<ordsAlias>table_74</ordsAlias>
<allowColumnReorder>false</allowColumnReorder>
<existDependencyGenerateInDDl>true</existDependencyGenerateInDDl>
<parsed>true</parsed>
<columns itemClass="oracle.dbtools.crest.model.design.relational.Column">
<Column name="nabavka_mat_id" id="4F636DF8-4264-E81C-3C01-0C54B538AE6C">
<createdBy>stefa</createdBy>
<createdTime>2023-12-11 22:11:51 UTC</createdTime>
<ownerDesignName>UI DOmaci</ownerDesignName>
<useDomainConstraints>false</useDomainConstraints>
<use>1</use>
<logicalDatatype>LOGDT027</logicalDatatype>
<ownDataTypeParameters>,,</ownDataTypeParameters>
<autoIncrementCycle>false</autoIncrementCycle>
</Column>
<Column name="daturm" id="3D624ED1-F88C-3774-6D2D-CE008ACDFCFE">
<createdBy>stefa</createdBy>
<createdTime>2023-12-11 22:11:51 UTC</createdTime>
<ownerDesignName>UI DOmaci</ownerDesignName>
<nullsAllowed>true</nullsAllowed>
<useDomainConstraints>false</useDomainConstraints>
<use>1</use>
<logicalDatatype>LOGDT007</logicalDatatype>
<ownDataTypeParameters>,,</ownDataTypeParameters>
<autoIncrementCycle>false</autoIncrementCycle>
</Column>
<Column name="kolicina" id="FA077904-472C-647C-9345-9B9FE7476A0E">
<createdBy>stefa</createdBy>
<createdTime>2023-12-11 22:11:51 UTC</createdTime>
<ownerDesignName>UI DOmaci</ownerDesignName>
<nullsAllowed>true</nullsAllowed>
<useDomainConstraints>false</useDomainConstraints>
<use>1</use>
<logicalDatatype>LOGDT027</logicalDatatype>
<ownDataTypeParameters>,,</ownDataTypeParameters>
<autoIncrementCycle>false</autoIncrementCycle>
</Column>
<Column name="Objekti_facilitie_id" id="5619C1F1-9C6B-3F79-FFD1-A2BD8030BD8D">
<createdBy>stefa</createdBy>
<createdTime>2023-12-11 22:12:03 UTC</createdTime>
<ownerDesignName>UI DOmaci</ownerDesignName>
<useDomainConstraints>false</useDomainConstraints>
<use>1</use>
<logicalDatatype>LOGDT027</logicalDatatype>
<ownDataTypeParameters>,,</ownDataTypeParameters>
<previousColumn>false</previousColumn>
<autoIncrementCycle>false</autoIncrementCycle>
<associations>
<colAssociation fkAssociation="3DBD4798-2201-B7CD-3439-023AFD27AEEA" referredColumn="167C5615-BA31-3FB9-4C74-0A05E51263D6"/>
</associations>
</Column>
<Column name="Materijal_materijal_id" id="7B385216-B09C-C19F-036D-40D3404C80DF">
<createdBy>stefa</createdBy>
<createdTime>2023-12-11 22:12:06 UTC</createdTime>
<ownerDesignName>UI DOmaci</ownerDesignName>
<useDomainConstraints>false</useDomainConstraints>
<use>1</use>
<logicalDatatype>LOGDT027</logicalDatatype>
<ownDataTypeParameters>,,</ownDataTypeParameters>
<previousColumn>false</previousColumn>
<autoIncrementCycle>false</autoIncrementCycle>
<associations>
<colAssociation fkAssociation="76006D9B-3B97-2FE0-347C-E8386890924D" referredColumn="23C17F2B-B4F7-6C86-9F93-AD1723D70647"/>
</associations>
</Column>
</columns>
<indexes itemClass="oracle.dbtools.crest.model.design.relational.Index">
<ind_PK_UK id="1180D365-1C39-8C0A-10FA-12E07E97383E" name="Nabavka_materijala_PK">
<createdBy>stefa</createdBy>
<createdTime>2023-12-11 22:11:51 UTC</createdTime>
<ownerDesignName>UI DOmaci</ownerDesignName>
<pk>true</pk>
<indexState>Primary Constraint</indexState>
<isSurrogateKey>false</isSurrogateKey>
<indexColumnUsage>
<colUsage columnID="4F636DF8-4264-E81C-3C01-0C54B538AE6C"/>
</indexColumnUsage>
</ind_PK_UK>
<ind_PK_UK id="2E347775-3812-2F31-38CB-68A471B92A81" name="Nabavka_materijala_Objekti_FK">
<createdBy>stefa</createdBy>
<createdTime>2023-12-11 22:12:03 UTC</createdTime>
<ownerDesignName>UI DOmaci</ownerDesignName>
<indexState>Foreign Key</indexState>
<isSurrogateKey>false</isSurrogateKey>
<indexColumnUsage>
<colUsage columnID="5619C1F1-9C6B-3F79-FFD1-A2BD8030BD8D"/>
</indexColumnUsage>
</ind_PK_UK>
<ind_PK_UK id="A166F09B-57F5-E63C-971F-56C32E13E8E1" name="Nabavka_materijala_Materijal_FK">
<createdBy>stefa</createdBy>
<createdTime>2023-12-11 22:12:06 UTC</createdTime>
<ownerDesignName>UI DOmaci</ownerDesignName>
<indexState>Foreign Key</indexState>
<isSurrogateKey>false</isSurrogateKey>
<indexColumnUsage>
<colUsage columnID="7B385216-B09C-C19F-036D-40D3404C80DF"/>
</indexColumnUsage>
</ind_PK_UK>
</indexes>
</Table>