<?xml version = '1.0' encoding = 'UTF-8'?>
<Table class="oracle.dbtools.crest.model.design.relational.Table" directorySegmentName="seg_0" id="8BF55CA9-FB0B-9D62-9583-F2950F1BEDBA" name="istorija_dijagnoza">
<createdBy>stefa</createdBy>
<createdTime>2023-11-13 21:58:10 UTC</createdTime>
<ownerDesignName>UI DOmaci</ownerDesignName>
<ordsAlias>table_48</ordsAlias>
<allowColumnReorder>false</allowColumnReorder>
<existDependencyGenerateInDDl>true</existDependencyGenerateInDDl>
<parsed>true</parsed>
<columns itemClass="oracle.dbtools.crest.model.design.relational.Column">
<Column name="istorija_dijagnoza_id" id="33F88A59-474E-F308-C638-78CCBC6FD5B4">
<createdBy>stefa</createdBy>
<createdTime>2023-11-13 21:59:00 UTC</createdTime>
<ownerDesignName>UI DOmaci</ownerDesignName>
<useDomainConstraints>false</useDomainConstraints>
<use>1</use>
<logicalDatatype>LOGDT027</logicalDatatype>
<ownDataTypeParameters>,,</ownDataTypeParameters>
<autoIncrementCycle>false</autoIncrementCycle>
</Column>
<Column name="datum_uspostavljanja" id="A4710DCD-634F-ED35-0D8D-E9C87CA29137">
<createdBy>stefa</createdBy>
<createdTime>2023-11-13 21:59:00 UTC</createdTime>
<ownerDesignName>UI DOmaci</ownerDesignName>
<nullsAllowed>true</nullsAllowed>
<useDomainConstraints>false</useDomainConstraints>
<use>1</use>
<logicalDatatype>LOGDT008</logicalDatatype>
<ownDataTypeParameters>,,</ownDataTypeParameters>
<autoIncrementCycle>false</autoIncrementCycle>
</Column>
<Column name="status" id="1B6FC018-1BDA-6C31-C2DD-5D93A8FE7F05">
<createdBy>stefa</createdBy>
<createdTime>2023-11-13 21:59:00 UTC</createdTime>
<ownerDesignName>UI DOmaci</ownerDesignName>
<nullsAllowed>true</nullsAllowed>
<useDomainConstraints>false</useDomainConstraints>
<use>1</use>
<logicalDatatype>LOGDT006</logicalDatatype>
<dataTypeSize>1</dataTypeSize>
<ownDataTypeParameters>1,,</ownDataTypeParameters>
<autoIncrementCycle>false</autoIncrementCycle>
</Column>
<Column name="Dijagnoza_dijagnoza_id" id="E020A748-2CA1-666C-DF73-DE24B2047EAB">
<createdBy>stefa</createdBy>
<createdTime>2023-11-13 21:59:40 UTC</createdTime>
<ownerDesignName>UI DOmaci</ownerDesignName>
<useDomainConstraints>false</useDomainConstraints>
<use>1</use>
<logicalDatatype>LOGDT027</logicalDatatype>
<ownDataTypeParameters>,,</ownDataTypeParameters>
<previousColumn>false</previousColumn>
<autoIncrementCycle>false</autoIncrementCycle>
<associations>
<colAssociation fkAssociation="0B17818B-C90D-032A-4C1E-F50B1A98AD3D" referredColumn="12070CDF-08E0-56B4-2371-45D74C3489F5"/>
</associations>
</Column>
<Column name="Pacijent_patient_id" id="B2099D3B-F832-89EE-DC14-5FE211D7EA0B">
<createdBy>stefa</createdBy>
<createdTime>2023-11-13 21:59:47 UTC</createdTime>
<ownerDesignName>UI DOmaci</ownerDesignName>
<useDomainConstraints>false</useDomainConstraints>
<use>1</use>
<logicalDatatype>LOGDT027</logicalDatatype>
<ownDataTypeParameters>,,</ownDataTypeParameters>
<previousColumn>false</previousColumn>
<autoIncrementCycle>false</autoIncrementCycle>
<associations>
<colAssociation fkAssociation="D10ED1AF-533A-16BB-308D-5418601AF8FA" referredColumn="C769D8C3-CE98-B779-F610-0A0C7CFEE0D5"/>
</associations>
</Column>
</columns>
<indexes itemClass="oracle.dbtools.crest.model.design.relational.Index">
<ind_PK_UK id="1ADC1C3D-45A8-44A4-F853-15F64AE5B283" name="istorija_dijagnoza_PK">
<createdBy>stefa</createdBy>
<createdTime>2023-11-13 21:59:00 UTC</createdTime>
<ownerDesignName>UI DOmaci</ownerDesignName>
<pk>true</pk>
<indexState>Primary Constraint</indexState>
<isSurrogateKey>false</isSurrogateKey>
<indexColumnUsage>
<colUsage columnID="33F88A59-474E-F308-C638-78CCBC6FD5B4"/>
</indexColumnUsage>
</ind_PK_UK>
<ind_PK_UK id="7AE4050C-DDDD-E01C-724C-5CB0D625F1D4" name="istorija_dijagnoza_Dijagnoza_FK">
<createdBy>stefa</createdBy>
<createdTime>2023-11-13 21:59:40 UTC</createdTime>
<ownerDesignName>UI DOmaci</ownerDesignName>
<indexState>Foreign Key</indexState>
<isSurrogateKey>false</isSurrogateKey>
<indexColumnUsage>
<colUsage columnID="E020A748-2CA1-666C-DF73-DE24B2047EAB"/>
</indexColumnUsage>
</ind_PK_UK>
<ind_PK_UK id="16B824AF-1836-B0D0-8559-348FA9B43F93" name="istorija_dijagnoza_Pacijent_FK">
<createdBy>stefa</createdBy>
<createdTime>2023-11-13 21:59:47 UTC</createdTime>
<ownerDesignName>UI DOmaci</ownerDesignName>
<indexState>Foreign Key</indexState>
<isSurrogateKey>false</isSurrogateKey>
<indexColumnUsage>
<colUsage columnID="B2099D3B-F832-89EE-DC14-5FE211D7EA0B"/>
</indexColumnUsage>
</ind_PK_UK>
</indexes>
</Table>