<?xml version = '1.0' encoding = 'UTF-8'?>
<Table class="oracle.dbtools.crest.model.design.relational.Table" directorySegmentName="seg_0" id="8CDB876C-3921-4FBF-D143-86CEFC90824C" name="Stavka_nabavke_leka">
<createdBy>Micko</createdBy>
<createdTime>2023-12-19 13:08:44 UTC</createdTime>
<ownerDesignName>UI DOmaci</ownerDesignName>
<ordsAlias>table_75</ordsAlias>
<allowColumnReorder>false</allowColumnReorder>
<existDependencyGenerateInDDl>true</existDependencyGenerateInDDl>
<parsed>true</parsed>
<columns itemClass="oracle.dbtools.crest.model.design.relational.Column">
<Column name="st_nabavke_id" id="A6FDBC71-AF2B-9B39-7FD5-B4F1C3842678">
<createdBy>Micko</createdBy>
<createdTime>2023-12-19 13:09:19 UTC</createdTime>
<ownerDesignName>UI DOmaci</ownerDesignName>
<useDomainConstraints>false</useDomainConstraints>
<use>1</use>
<logicalDatatype>LOGDT027</logicalDatatype>
<ownDataTypeParameters>,,</ownDataTypeParameters>
<autoIncrementCycle>false</autoIncrementCycle>
</Column>
<Column name="kolicina" id="3F7DA685-1B0F-38F5-C8E1-0ADD7A2F9BE6">
<createdBy>Micko</createdBy>
<createdTime>2023-12-19 13:09:19 UTC</createdTime>
<ownerDesignName>UI DOmaci</ownerDesignName>
<nullsAllowed>true</nullsAllowed>
<useDomainConstraints>false</useDomainConstraints>
<use>1</use>
<logicalDatatype>LOGDT027</logicalDatatype>
<ownDataTypeParameters>,,</ownDataTypeParameters>
<autoIncrementCycle>false</autoIncrementCycle>
</Column>
<Column name="Lek_lek_id" id="0A562169-2982-7563-2851-E986E54584A8">
<createdBy>Micko</createdBy>
<createdTime>2023-12-19 13:09:23 UTC</createdTime>
<ownerDesignName>UI DOmaci</ownerDesignName>
<useDomainConstraints>false</useDomainConstraints>
<use>1</use>
<logicalDatatype>LOGDT027</logicalDatatype>
<ownDataTypeParameters>,,</ownDataTypeParameters>
<previousColumn>false</previousColumn>
<autoIncrementCycle>false</autoIncrementCycle>
<associations>
<colAssociation fkAssociation="C40669B4-6F99-09E8-4F0E-7454D577DE7B" referredColumn="EB5768F8-E4D9-595B-2BBC-79926D73C8A5"/>
</associations>
</Column>
<Column name="Nabavka_leka_nabavka_id" id="E2A9A35E-553C-D8A0-2305-45D1AFA20B99">
<createdBy>Micko</createdBy>
<createdTime>2023-12-19 13:09:26 UTC</createdTime>
<ownerDesignName>UI DOmaci</ownerDesignName>
<useDomainConstraints>false</useDomainConstraints>
<use>1</use>
<logicalDatatype>LOGDT027</logicalDatatype>
<ownDataTypeParameters>,,</ownDataTypeParameters>
<previousColumn>false</previousColumn>
<autoIncrementCycle>false</autoIncrementCycle>
<associations>
<colAssociation fkAssociation="549899FC-FF69-DD88-3A37-DCF3424270C3" referredColumn="BC2B342C-605D-8007-0DDB-3E9C6F0A404A"/>
</associations>
</Column>
</columns>
<indexes itemClass="oracle.dbtools.crest.model.design.relational.Index">
<ind_PK_UK id="0BEEE6CC-63A5-5D6C-C8E8-F760C881A4B4" name="Stavka_nabavke_leka_PK">
<createdBy>Micko</createdBy>
<createdTime>2023-12-19 13:09:19 UTC</createdTime>
<ownerDesignName>UI DOmaci</ownerDesignName>
<pk>true</pk>
<indexState>Primary Constraint</indexState>
<isSurrogateKey>false</isSurrogateKey>
<indexColumnUsage>
<colUsage columnID="A6FDBC71-AF2B-9B39-7FD5-B4F1C3842678"/>
</indexColumnUsage>
</ind_PK_UK>
<ind_PK_UK id="9AA69256-03AF-40A0-1E71-DA952446A632" name="Stavka_nabavke_leka_Lek_FK">
<createdBy>Micko</createdBy>
<createdTime>2023-12-19 13:09:23 UTC</createdTime>
<ownerDesignName>UI DOmaci</ownerDesignName>
<indexState>Foreign Key</indexState>
<isSurrogateKey>false</isSurrogateKey>
<indexColumnUsage>
<colUsage columnID="0A562169-2982-7563-2851-E986E54584A8"/>
</indexColumnUsage>
</ind_PK_UK>
<ind_PK_UK id="800CB9A1-49C7-8E2D-35F0-07569B62B324" name="Stavka_nabavke_leka_Nabavka_leka_FK">
<createdBy>Micko</createdBy>
<createdTime>2023-12-19 13:09:26 UTC</createdTime>
<ownerDesignName>UI DOmaci</ownerDesignName>
<indexState>Foreign Key</indexState>
<isSurrogateKey>false</isSurrogateKey>
<indexColumnUsage>
<colUsage columnID="E2A9A35E-553C-D8A0-2305-45D1AFA20B99"/>
</indexColumnUsage>
</ind_PK_UK>
</indexes>
</Table>
