<?xml version = '1.0' encoding = 'UTF-8'?>
<Table class="oracle.dbtools.crest.model.design.relational.Table" directorySegmentName="seg_0" id="8D538C8E-D039-3416-4EAC-C08B35DF450C" name="Izvestaj">
<createdBy>stefa</createdBy>
<createdTime>2023-10-23 19:22:19 UTC</createdTime>
<ownerDesignName>UI DOmaci</ownerDesignName>
<ordsAlias>table_18</ordsAlias>
<allowColumnReorder>false</allowColumnReorder>
<existDependencyGenerateInDDl>true</existDependencyGenerateInDDl>
<parsed>true</parsed>
<columns itemClass="oracle.dbtools.crest.model.design.relational.Column">
<Column name="visit_id" id="762FC2EE-66BF-E69A-CB2F-467CCB6508FD">
<createdBy>stefa</createdBy>
<createdTime>2023-10-23 19:30:27 UTC</createdTime>
<ownerDesignName>UI DOmaci</ownerDesignName>
<useDomainConstraints>false</useDomainConstraints>
<use>1</use>
<logicalDatatype>LOGDT027</logicalDatatype>
<ownDataTypeParameters>,,</ownDataTypeParameters>
<autoIncrementCycle>false</autoIncrementCycle>
</Column>
<Column name="report" id="961E1D1E-F553-4AAE-1EA2-9B85CBA9A09C">
<createdBy>stefa</createdBy>
<createdTime>2023-10-23 19:30:27 UTC</createdTime>
<ownerDesignName>UI DOmaci</ownerDesignName>
<nullsAllowed>true</nullsAllowed>
<useDomainConstraints>false</useDomainConstraints>
<use>1</use>
<logicalDatatype>LOGDT024</logicalDatatype>
<ownDataTypeParameters>,,</ownDataTypeParameters>
<autoIncrementCycle>false</autoIncrementCycle>
</Column>
<Column name="Patient_patient_id" id="E042B671-5D24-E9FE-ED15-D53888E981AF">
<createdBy>stefa</createdBy>
<createdTime>2023-10-23 20:03:57 UTC</createdTime>
<ownerDesignName>UI DOmaci</ownerDesignName>
<useDomainConstraints>false</useDomainConstraints>
<use>1</use>
<logicalDatatype>LOGDT027</logicalDatatype>
<ownDataTypeParameters>,,</ownDataTypeParameters>
<previousColumn>false</previousColumn>
<autoIncrementCycle>false</autoIncrementCycle>
<associations>
<colAssociation fkAssociation="50A2493C-E122-F6E6-91D3-480EC0F1CC18" referredColumn="C769D8C3-CE98-B779-F610-0A0C7CFEE0D5"/>
</associations>
</Column>
<Column name="Doctor_doctor_id" id="D55E795E-753F-0FDF-6666-0032BB6E9846">
<createdBy>stefa</createdBy>
<createdTime>2023-10-23 20:04:03 UTC</createdTime>
<ownerDesignName>UI DOmaci</ownerDesignName>
<useDomainConstraints>false</useDomainConstraints>
<use>1</use>
<logicalDatatype>LOGDT027</logicalDatatype>
<ownDataTypeParameters>,,</ownDataTypeParameters>
<previousColumn>false</previousColumn>
<autoIncrementCycle>false</autoIncrementCycle>
<associations>
<colAssociation fkAssociation="A5E5D126-6942-3E56-5AA5-F3C9F4F3F0A3" referredColumn="9EE0C981-D2AE-7E4F-7485-92BC14AC52A0"/>
</associations>
</Column>
<Column name="Terapija_terapija_id" id="BE21FF55-22BC-9E58-8413-66136F604E31">
<createdBy>stefa</createdBy>
<createdTime>2023-10-23 20:22:08 UTC</createdTime>
<ownerDesignName>UI DOmaci</ownerDesignName>
<useDomainConstraints>false</useDomainConstraints>
<use>1</use>
<logicalDatatype>LOGDT027</logicalDatatype>
<ownDataTypeParameters>,,</ownDataTypeParameters>
<previousColumn>false</previousColumn>
<autoIncrementCycle>false</autoIncrementCycle>
<associations>
<colAssociation fkAssociation="8224DF6C-DD23-AE43-6E55-EED7D2AE8748" referredColumn="891DB041-2AE7-0CCA-23C3-1F904D8FDB26"/>
</associations>
</Column>
<Column name="tip_izvestaja_tip_izvestaja_id" id="BC661AA0-2077-49BD-2766-80C3255E0724">
<createdBy>stefa</createdBy>
<createdTime>2023-11-13 21:40:53 UTC</createdTime>
<ownerDesignName>UI DOmaci</ownerDesignName>
<useDomainConstraints>false</useDomainConstraints>
<use>1</use>
<logicalDatatype>LOGDT027</logicalDatatype>
<ownDataTypeParameters>,,</ownDataTypeParameters>
<previousColumn>false</previousColumn>
<autoIncrementCycle>false</autoIncrementCycle>
<associations>
<colAssociation fkAssociation="997C623C-505B-380D-2BEF-B7FB2F9A0587" referredColumn="97D8A387-394C-D335-E9D8-AA45E1A5A89C"/>
</associations>
</Column>
<Column name="Dijagnoza_dijagnoza_id" id="B96CF83F-EBFB-AD9B-1FBB-FA45D1CB5A3C">
<createdBy>stefa</createdBy>
<createdTime>2023-11-13 21:54:39 UTC</createdTime>
<ownerDesignName>UI DOmaci</ownerDesignName>
<useDomainConstraints>false</useDomainConstraints>
<use>1</use>
<logicalDatatype>LOGDT027</logicalDatatype>
<ownDataTypeParameters>,,</ownDataTypeParameters>
<previousColumn>false</previousColumn>
<autoIncrementCycle>false</autoIncrementCycle>
<associations>
<colAssociation fkAssociation="336E842F-D64F-56F3-ACF1-D39A6FBB6443" referredColumn="12070CDF-08E0-56B4-2371-45D74C3489F5"/>
</associations>
</Column>
</columns>
<indexes itemClass="oracle.dbtools.crest.model.design.relational.Index">
<ind_PK_UK id="162FD10B-32D2-696F-3240-7A97B9DECFDD" name="Visit_PK">
<createdBy>stefa</createdBy>
<createdTime>2023-10-23 19:30:27 UTC</createdTime>
<ownerDesignName>UI DOmaci</ownerDesignName>
<pk>true</pk>
<indexState>Primary Constraint</indexState>
<isSurrogateKey>false</isSurrogateKey>
<indexColumnUsage>
<colUsage columnID="762FC2EE-66BF-E69A-CB2F-467CCB6508FD"/>
</indexColumnUsage>
</ind_PK_UK>
<ind_PK_UK id="B79E8EFF-80AC-E0EB-E5C9-0DE291CFDD03" name="Visit_Patient_FK">
<createdBy>stefa</createdBy>
<createdTime>2023-10-23 20:03:57 UTC</createdTime>
<ownerDesignName>UI DOmaci</ownerDesignName>
<indexState>Foreign Key</indexState>
<isSurrogateKey>false</isSurrogateKey>
<indexColumnUsage>
<colUsage columnID="E042B671-5D24-E9FE-ED15-D53888E981AF"/>
</indexColumnUsage>
</ind_PK_UK>
<ind_PK_UK id="1BA0A1D1-C170-8E9E-FC47-3C73DFC7518A" name="Visit_Doctor_FK">
<createdBy>stefa</createdBy>
<createdTime>2023-10-23 20:04:03 UTC</createdTime>
<ownerDesignName>UI DOmaci</ownerDesignName>
<indexState>Foreign Key</indexState>
<isSurrogateKey>false</isSurrogateKey>
<indexColumnUsage>
<colUsage columnID="D55E795E-753F-0FDF-6666-0032BB6E9846"/>
</indexColumnUsage>
</ind_PK_UK>
<ind_PK_UK id="DDBF9654-2D63-2647-58A1-1FB2BBEC6590" name="Izvestaj_Terapija_FK">
<createdBy>stefa</createdBy>
<createdTime>2023-10-23 20:22:08 UTC</createdTime>
<ownerDesignName>UI DOmaci</ownerDesignName>
<indexState>Foreign Key</indexState>
<isSurrogateKey>false</isSurrogateKey>
<indexColumnUsage>
<colUsage columnID="BE21FF55-22BC-9E58-8413-66136F604E31"/>
</indexColumnUsage>
</ind_PK_UK>
<ind_PK_UK id="98BA1678-6A34-DFB2-3296-2AB6CAC13F25" name="Izvestaj_tip_izvestaja_FK">
<createdBy>stefa</createdBy>
<createdTime>2023-11-13 21:40:53 UTC</createdTime>
<ownerDesignName>UI DOmaci</ownerDesignName>
<indexState>Foreign Key</indexState>
<isSurrogateKey>false</isSurrogateKey>
<indexColumnUsage>
<colUsage columnID="BC661AA0-2077-49BD-2766-80C3255E0724"/>
</indexColumnUsage>
</ind_PK_UK>
<ind_PK_UK id="6639C00C-EA49-634C-6815-CEEB807D5185" name="Izvestaj_Dijagnoza_FK">
<createdBy>stefa</createdBy>
<createdTime>2023-11-13 21:54:39 UTC</createdTime>
<ownerDesignName>UI DOmaci</ownerDesignName>
<indexState>Foreign Key</indexState>
<isSurrogateKey>false</isSurrogateKey>
<indexColumnUsage>
<colUsage columnID="B96CF83F-EBFB-AD9B-1FBB-FA45D1CB5A3C"/>
</indexColumnUsage>
</ind_PK_UK>
</indexes>
</Table>