<?xml version = '1.0' encoding = 'UTF-8'?>
<Table class="oracle.dbtools.crest.model.design.relational.Table" directorySegmentName="seg_0" id="93E28D85-018F-70FA-0396-32389A627486" name="Materijal">
<createdBy>stefa</createdBy>
<createdTime>2023-12-11 22:07:44 UTC</createdTime>
<ownerDesignName>UI DOmaci</ownerDesignName>
<ordsAlias>table_70</ordsAlias>
<allowColumnReorder>false</allowColumnReorder>
<existDependencyGenerateInDDl>true</existDependencyGenerateInDDl>
<parsed>true</parsed>
<columns itemClass="oracle.dbtools.crest.model.design.relational.Column">
<Column name="materijal_id" id="23C17F2B-B4F7-6C86-9F93-AD1723D70647">
<createdBy>stefa</createdBy>
<createdTime>2023-12-11 22:08:04 UTC</createdTime>
<ownerDesignName>UI DOmaci</ownerDesignName>
<useDomainConstraints>false</useDomainConstraints>
<use>1</use>
<logicalDatatype>LOGDT027</logicalDatatype>
<ownDataTypeParameters>,,</ownDataTypeParameters>
<autoIncrementCycle>false</autoIncrementCycle>
</Column>
<Column name="ime_materijala" id="C38BFA26-DDBF-C9D5-9253-79795798039C">
<createdBy>stefa</createdBy>
<createdTime>2023-12-11 22:10:13 UTC</createdTime>
<ownerDesignName>UI DOmaci</ownerDesignName>
<nullsAllowed>true</nullsAllowed>
<useDomainConstraints>false</useDomainConstraints>
<use>1</use>
<logicalDatatype>LOGDT024</logicalDatatype>
<ownDataTypeParameters>,,</ownDataTypeParameters>
<autoIncrementCycle>false</autoIncrementCycle>
</Column>
</columns>
<indexes itemClass="oracle.dbtools.crest.model.design.relational.Index">
<ind_PK_UK id="EA33E3A9-23E0-D5FE-2326-58A0D642961A" name="Materijal_PK">
<createdBy>stefa</createdBy>
<createdTime>2023-12-11 22:08:04 UTC</createdTime>
<ownerDesignName>UI DOmaci</ownerDesignName>
<pk>true</pk>
<indexState>Primary Constraint</indexState>
<isSurrogateKey>false</isSurrogateKey>
<indexColumnUsage>
<colUsage columnID="23C17F2B-B4F7-6C86-9F93-AD1723D70647"/>
</indexColumnUsage>
</ind_PK_UK>
</indexes>
</Table>