<?xml version = '1.0' encoding = 'UTF-8'?>
<Table class="oracle.dbtools.crest.model.design.relational.Table" directorySegmentName="seg_0" id="940FB7A5-8087-D73B-A463-308AE6573128" name="Karton">
<createdBy>stefa</createdBy>
<createdTime>2023-10-23 19:23:07 UTC</createdTime>
<ownerDesignName>UI DOmaci</ownerDesignName>
<ordsAlias>table_19</ordsAlias>
<allowColumnReorder>false</allowColumnReorder>
<existDependencyGenerateInDDl>true</existDependencyGenerateInDDl>
<parsed>true</parsed>
<columns itemClass="oracle.dbtools.crest.model.design.relational.Column">
<Column name="file_id" id="4310EAD9-9FF4-6E80-EF7F-DD198242BED1">
<createdBy>stefa</createdBy>
<createdTime>2023-10-23 19:33:05 UTC</createdTime>
<ownerDesignName>UI DOmaci</ownerDesignName>
<useDomainConstraints>false</useDomainConstraints>
<use>1</use>
<logicalDatatype>LOGDT027</logicalDatatype>
<ownDataTypeParameters>,,</ownDataTypeParameters>
<autoIncrementCycle>false</autoIncrementCycle>
</Column>
<Column name="history_of_illness" id="622455F6-8B93-DDA3-CEE2-3AA5AD98E3AB">
<createdBy>stefa</createdBy>
<createdTime>2023-10-23 19:33:05 UTC</createdTime>
<ownerDesignName>UI DOmaci</ownerDesignName>
<nullsAllowed>true</nullsAllowed>
<useDomainConstraints>false</useDomainConstraints>
<use>1</use>
<logicalDatatype>LOGDT024</logicalDatatype>
<ownDataTypeParameters>,,</ownDataTypeParameters>
<autoIncrementCycle>false</autoIncrementCycle>
</Column>
<Column name="blood_type" id="AEE6CF3A-59B9-40BA-14C8-A6649D08F880">
<createdBy>stefa</createdBy>
<createdTime>2023-10-23 19:33:05 UTC</createdTime>
<ownerDesignName>UI DOmaci</ownerDesignName>
<nullsAllowed>true</nullsAllowed>
<useDomainConstraints>false</useDomainConstraints>
<use>1</use>
<logicalDatatype>LOGDT024</logicalDatatype>
<ownDataTypeParameters>,,</ownDataTypeParameters>
<autoIncrementCycle>false</autoIncrementCycle>
</Column>
<Column name="insurance_policy" id="64E1B2BB-48FD-8BE9-386B-18949061EE21">
<createdBy>stefa</createdBy>
<createdTime>2023-10-23 19:34:27 UTC</createdTime>
<ownerDesignName>UI DOmaci</ownerDesignName>
<nullsAllowed>true</nullsAllowed>
<useDomainConstraints>false</useDomainConstraints>
<use>1</use>
<logicalDatatype>LOGDT024</logicalDatatype>
<ownDataTypeParameters>,,</ownDataTypeParameters>
<autoIncrementCycle>false</autoIncrementCycle>
</Column>
<Column name="allergies" id="0AAF761B-8204-D9B6-3AF8-630E6757E0B1">
<createdBy>stefa</createdBy>
<createdTime>2023-10-23 20:01:03 UTC</createdTime>
<ownerDesignName>UI DOmaci</ownerDesignName>
<nullsAllowed>true</nullsAllowed>
<useDomainConstraints>false</useDomainConstraints>
<use>1</use>
<logicalDatatype>LOGDT024</logicalDatatype>
<ownDataTypeParameters>,,</ownDataTypeParameters>
<autoIncrementCycle>false</autoIncrementCycle>
</Column>
</columns>
<indexes itemClass="oracle.dbtools.crest.model.design.relational.Index">
<ind_PK_UK id="3DCF757F-6526-7B46-78ED-DDC0BAD67FCF" name="File_PK">
<createdBy>stefa</createdBy>
<createdTime>2023-10-23 19:33:05 UTC</createdTime>
<ownerDesignName>UI DOmaci</ownerDesignName>
<pk>true</pk>
<indexState>Primary Constraint</indexState>
<isSurrogateKey>false</isSurrogateKey>
<indexColumnUsage>
<colUsage columnID="4310EAD9-9FF4-6E80-EF7F-DD198242BED1"/>
</indexColumnUsage>
</ind_PK_UK>
</indexes>
</Table>