<?xml version = '1.0' encoding = 'UTF-8'?>
<Table class="oracle.dbtools.crest.model.design.relational.Table" directorySegmentName="seg_0" id="9B97A21F-35D7-7BE0-9218-7D8EE41E106B" name="Racun">
<createdBy>stefa</createdBy>
<createdTime>2023-12-11 21:23:10 UTC</createdTime>
<ownerDesignName>UI DOmaci</ownerDesignName>
<ordsAlias>table_57</ordsAlias>
<allowColumnReorder>false</allowColumnReorder>
<existDependencyGenerateInDDl>true</existDependencyGenerateInDDl>
<parsed>true</parsed>
<columns itemClass="oracle.dbtools.crest.model.design.relational.Column">
<Column name="racun_id" id="776A509F-CE7A-EF74-FBE5-29644C851F47">
<createdBy>stefa</createdBy>
<createdTime>2023-12-11 21:24:30 UTC</createdTime>
<ownerDesignName>UI DOmaci</ownerDesignName>
<useDomainConstraints>false</useDomainConstraints>
<use>1</use>
<logicalDatatype>LOGDT027</logicalDatatype>
<ownDataTypeParameters>,,</ownDataTypeParameters>
<autoIncrementCycle>false</autoIncrementCycle>
</Column>
<Column name="spikak_stvari" id="84C56FA1-85C6-4282-8B35-301EA8896932">
<createdBy>stefa</createdBy>
<createdTime>2023-12-11 21:24:30 UTC</createdTime>
<ownerDesignName>UI DOmaci</ownerDesignName>
<nullsAllowed>true</nullsAllowed>
<useDomainConstraints>false</useDomainConstraints>
<use>1</use>
<logicalDatatype>LOGDT024</logicalDatatype>
<ownDataTypeParameters>,,</ownDataTypeParameters>
<autoIncrementCycle>false</autoIncrementCycle>
</Column>
<Column name="ucesce" id="53EEF2E8-BE9B-36C6-4882-E5167B2E17DE">
<createdBy>stefa</createdBy>
<createdTime>2023-12-11 21:25:52 UTC</createdTime>
<ownerDesignName>UI DOmaci</ownerDesignName>
<nullsAllowed>true</nullsAllowed>
<useDomainConstraints>false</useDomainConstraints>
<use>1</use>
<logicalDatatype>LOGDT027</logicalDatatype>
<ownDataTypeParameters>,,</ownDataTypeParameters>
<autoIncrementCycle>false</autoIncrementCycle>
</Column>
<Column name="Pacijent_patient_id" id="138AC289-DCD7-69C5-F78F-CE30570F8FA6">
<createdBy>stefa</createdBy>
<createdTime>2023-12-11 21:45:46 UTC</createdTime>
<ownerDesignName>UI DOmaci</ownerDesignName>
<useDomainConstraints>false</useDomainConstraints>
<use>1</use>
<logicalDatatype>LOGDT027</logicalDatatype>
<ownDataTypeParameters>,,</ownDataTypeParameters>
<previousColumn>false</previousColumn>
<autoIncrementCycle>false</autoIncrementCycle>
<associations>
<colAssociation fkAssociation="1FB223C8-3827-E2BE-1105-B6626BCA55AF" referredColumn="C769D8C3-CE98-B779-F610-0A0C7CFEE0D5"/>
</associations>
</Column>
</columns>
<indexes itemClass="oracle.dbtools.crest.model.design.relational.Index">
<ind_PK_UK id="5CC99A2E-9D9A-5A77-40F1-D91A7E764E36" name="Racun_PK">
<createdBy>stefa</createdBy>
<createdTime>2023-12-11 21:24:30 UTC</createdTime>
<ownerDesignName>UI DOmaci</ownerDesignName>
<pk>true</pk>
<indexState>Primary Constraint</indexState>
<isSurrogateKey>false</isSurrogateKey>
<indexColumnUsage>
<colUsage columnID="776A509F-CE7A-EF74-FBE5-29644C851F47"/>
</indexColumnUsage>
</ind_PK_UK>
<ind_PK_UK id="F930C97D-EFEE-3472-33EA-B70AD846A5EA" name="Racun_Pacijent_FK">
<createdBy>stefa</createdBy>
<createdTime>2023-12-11 21:45:46 UTC</createdTime>
<ownerDesignName>UI DOmaci</ownerDesignName>
<indexState>Foreign Key</indexState>
<isSurrogateKey>false</isSurrogateKey>
<indexColumnUsage>
<colUsage columnID="138AC289-DCD7-69C5-F78F-CE30570F8FA6"/>
</indexColumnUsage>
</ind_PK_UK>
</indexes>
</Table>
