<?xml version = '1.0' encoding = 'UTF-8'?>
<Table class="oracle.dbtools.crest.model.design.relational.Table" directorySegmentName="seg_0" id="9FE0AEB5-FC2D-C435-6EF1-E088CE348996" name="Uput">
<createdBy>stefa</createdBy>
<createdTime>2023-11-06 21:02:09 UTC</createdTime>
<ownerDesignName>UI DOmaci</ownerDesignName>
<ordsAlias>table_22</ordsAlias>
<allowColumnReorder>false</allowColumnReorder>
<existDependencyGenerateInDDl>true</existDependencyGenerateInDDl>
<parsed>true</parsed>
<columns itemClass="oracle.dbtools.crest.model.design.relational.Column">
<Column name="uput_id" id="F6682F24-99BD-CFDE-E647-B435B31E8FF8">
<createdBy>stefa</createdBy>
<createdTime>2023-11-06 21:12:37 UTC</createdTime>
<ownerDesignName>UI DOmaci</ownerDesignName>
<useDomainConstraints>false</useDomainConstraints>
<use>1</use>
<logicalDatatype>LOGDT027</logicalDatatype>
<ownDataTypeParameters>,,</ownDataTypeParameters>
<autoIncrementCycle>false</autoIncrementCycle>
</Column>
<Column name="Doktor_lekar_id" id="26159B8A-09DD-BB6F-2067-FF04ED47FD3E">
<createdBy>stefa</createdBy>
<createdTime>2023-11-06 21:15:33 UTC</createdTime>
<ownerDesignName>UI DOmaci</ownerDesignName>
<useDomainConstraints>false</useDomainConstraints>
<use>1</use>
<logicalDatatype>LOGDT027</logicalDatatype>
<ownDataTypeParameters>,,</ownDataTypeParameters>
<previousColumn>false</previousColumn>
<autoIncrementCycle>false</autoIncrementCycle>
<associations>
<colAssociation fkAssociation="F398DA0D-5D3F-9E47-2176-4D131F745B4D" referredColumn="9EE0C981-D2AE-7E4F-7485-92BC14AC52A0"/>
</associations>
</Column>
<Column name="Izvestaj_visit_id" id="AABDF8A6-AB57-A5D0-F4DB-F055D13B7C3E">
<createdBy>stefa</createdBy>
<createdTime>2023-11-06 21:40:15 UTC</createdTime>
<ownerDesignName>UI DOmaci</ownerDesignName>
<useDomainConstraints>false</useDomainConstraints>
<use>1</use>
<logicalDatatype>LOGDT027</logicalDatatype>
<ownDataTypeParameters>,,</ownDataTypeParameters>
<previousColumn>false</previousColumn>
<autoIncrementCycle>false</autoIncrementCycle>
<associations>
<colAssociation fkAssociation="F9ED3D7C-EBB6-98E9-9CAD-E1093F929994" referredColumn="762FC2EE-66BF-E69A-CB2F-467CCB6508FD"/>
</associations>
</Column>
<Column name="Tip_uputa_tip_uputa_id" id="9803AD0B-F476-BA35-39CD-4FF051BEC07E">
<createdBy>stefa</createdBy>
<createdTime>2023-12-04 22:04:13 UTC</createdTime>
<ownerDesignName>UI DOmaci</ownerDesignName>
<useDomainConstraints>false</useDomainConstraints>
<use>1</use>
<logicalDatatype>LOGDT027</logicalDatatype>
<ownDataTypeParameters>,,</ownDataTypeParameters>
<previousColumn>false</previousColumn>
<autoIncrementCycle>false</autoIncrementCycle>
<associations>
<colAssociation fkAssociation="D9FDA491-690A-D371-9ADE-AD723FA872C8" referredColumn="385C6636-84F8-11B8-9B1A-3FFB966FCF78"/>
</associations>
</Column>
</columns>
<indexes itemClass="oracle.dbtools.crest.model.design.relational.Index">
<ind_PK_UK id="D2429652-90DF-5CF8-D49F-54A27A436153" name="Uput_PK">
<createdBy>stefa</createdBy>
<createdTime>2023-11-06 21:13:29 UTC</createdTime>
<ownerDesignName>UI DOmaci</ownerDesignName>
<pk>true</pk>
<indexState>Primary Constraint</indexState>
<isSurrogateKey>false</isSurrogateKey>
<indexColumnUsage>
<colUsage columnID="F6682F24-99BD-CFDE-E647-B435B31E8FF8"/>
</indexColumnUsage>
</ind_PK_UK>
<ind_PK_UK id="3B29B75C-580F-363A-75E5-235C7586FA50" name="Uput_Doktor_FK">
<createdBy>stefa</createdBy>
<createdTime>2023-11-06 21:15:33 UTC</createdTime>
<ownerDesignName>UI DOmaci</ownerDesignName>
<indexState>Foreign Key</indexState>
<isSurrogateKey>false</isSurrogateKey>
<indexColumnUsage>
<colUsage columnID="26159B8A-09DD-BB6F-2067-FF04ED47FD3E"/>
</indexColumnUsage>
</ind_PK_UK>
<ind_PK_UK id="E96687AD-C2D2-5B59-CCAC-61EED85A443D" name="Uput_Izvestaj_FK">
<createdBy>stefa</createdBy>
<createdTime>2023-11-06 21:40:15 UTC</createdTime>
<ownerDesignName>UI DOmaci</ownerDesignName>
<indexState>Foreign Key</indexState>
<isSurrogateKey>false</isSurrogateKey>
<indexColumnUsage>
<colUsage columnID="AABDF8A6-AB57-A5D0-F4DB-F055D13B7C3E"/>
</indexColumnUsage>
</ind_PK_UK>
<ind_PK_UK id="F51DFB29-885A-FD4B-71D7-9A9098AA63CA" name="Uput_Tip_uputa_FK">
<createdBy>stefa</createdBy>
<createdTime>2023-12-04 22:04:13 UTC</createdTime>
<ownerDesignName>UI DOmaci</ownerDesignName>
<indexState>Foreign Key</indexState>
<isSurrogateKey>false</isSurrogateKey>
<indexColumnUsage>
<colUsage columnID="9803AD0B-F476-BA35-39CD-4FF051BEC07E"/>
</indexColumnUsage>
</ind_PK_UK>
</indexes>
</Table>