<?xml version = '1.0' encoding = 'UTF-8'?>
<Table class="oracle.dbtools.crest.model.design.relational.Table" directorySegmentName="seg_0" id="A4729EB5-4724-6EC2-0800-D47FB565D7A2" name="Poseta_lekaru">
<createdBy>stefa</createdBy>
<createdTime>2023-11-06 21:41:50 UTC</createdTime>
<ownerDesignName>UI DOmaci</ownerDesignName>
<ordsAlias>table_30</ordsAlias>
<allowColumnReorder>false</allowColumnReorder>
<existDependencyGenerateInDDl>true</existDependencyGenerateInDDl>
<parsed>true</parsed>
<columns itemClass="oracle.dbtools.crest.model.design.relational.Column">
<Column name="poseta_id" id="2A3AE1E7-0D81-03BA-A319-47EA242726F1">
<createdBy>stefa</createdBy>
<createdTime>2023-11-06 21:42:12 UTC</createdTime>
<ownerDesignName>UI DOmaci</ownerDesignName>
<useDomainConstraints>false</useDomainConstraints>
<use>1</use>
<logicalDatatype>LOGDT027</logicalDatatype>
<ownDataTypeParameters>,,</ownDataTypeParameters>
<autoIncrementCycle>false</autoIncrementCycle>
</Column>
<Column name="Tip_posete_tip_posete_id" id="D84EDCCD-02FC-14FC-E576-7C7C3C3E95B5">
<createdBy>stefa</createdBy>
<createdTime>2023-11-06 21:44:04 UTC</createdTime>
<ownerDesignName>UI DOmaci</ownerDesignName>
<useDomainConstraints>false</useDomainConstraints>
<use>1</use>
<logicalDatatype>LOGDT027</logicalDatatype>
<ownDataTypeParameters>,,</ownDataTypeParameters>
<previousColumn>false</previousColumn>
<autoIncrementCycle>false</autoIncrementCycle>
<associations>
<colAssociation fkAssociation="7AD41202-FB38-F114-72C1-EB5D1E99326C" referredColumn="873BCFA4-29E2-2CAF-D6AC-BBF6DDDC7895"/>
</associations>
</Column>
<Column name="Pacijent_patient_id" id="4BCB0C7D-C3E2-C8E4-67A9-DA100030C5B4">
<createdBy>stefa</createdBy>
<createdTime>2023-11-06 21:47:45 UTC</createdTime>
<ownerDesignName>UI DOmaci</ownerDesignName>
<useDomainConstraints>false</useDomainConstraints>
<use>1</use>
<logicalDatatype>LOGDT027</logicalDatatype>
<ownDataTypeParameters>,,</ownDataTypeParameters>
<previousColumn>false</previousColumn>
<autoIncrementCycle>false</autoIncrementCycle>
<associations>
<colAssociation fkAssociation="E94271BE-6E8F-5D8C-1022-B6C1E01D741E" referredColumn="C769D8C3-CE98-B779-F610-0A0C7CFEE0D5"/>
</associations>
</Column>
<Column name="Doktor_lekar_id" id="445B8118-21AA-A121-57CE-9A9D80B01884">
<createdBy>stefa</createdBy>
<createdTime>2023-11-13 22:07:39 UTC</createdTime>
<ownerDesignName>UI DOmaci</ownerDesignName>
<useDomainConstraints>false</useDomainConstraints>
<use>1</use>
<logicalDatatype>LOGDT027</logicalDatatype>
<ownDataTypeParameters>,,</ownDataTypeParameters>
<previousColumn>false</previousColumn>
<autoIncrementCycle>false</autoIncrementCycle>
<associations>
<colAssociation fkAssociation="D3D775F2-6124-E8C5-99DA-47B2B7B770C9" referredColumn="9EE0C981-D2AE-7E4F-7485-92BC14AC52A0"/>
</associations>
</Column>
<Column name="Izvestaj_visit_id" id="69A29EBE-4379-8C7B-0AF3-8227761C7E6E">
<createdBy>stefa</createdBy>
<createdTime>2023-11-13 22:08:49 UTC</createdTime>
<ownerDesignName>UI DOmaci</ownerDesignName>
<useDomainConstraints>false</useDomainConstraints>
<use>1</use>
<logicalDatatype>LOGDT027</logicalDatatype>
<ownDataTypeParameters>,,</ownDataTypeParameters>
<previousColumn>false</previousColumn>
<autoIncrementCycle>false</autoIncrementCycle>
<associations>
<colAssociation fkAssociation="5F97B8B8-29A9-BDC1-26CD-DE5C74439F5B" referredColumn="762FC2EE-66BF-E69A-CB2F-467CCB6508FD"/>
</associations>
</Column>
</columns>
<indexes itemClass="oracle.dbtools.crest.model.design.relational.Index">
<ind_PK_UK id="71D40956-EA1F-CC3E-F226-74F0E7842695" name="Poseta_PK">
<createdBy>stefa</createdBy>
<createdTime>2023-11-06 21:42:12 UTC</createdTime>
<ownerDesignName>UI DOmaci</ownerDesignName>
<pk>true</pk>
<indexState>Primary Constraint</indexState>
<isSurrogateKey>false</isSurrogateKey>
<indexColumnUsage>
<colUsage columnID="2A3AE1E7-0D81-03BA-A319-47EA242726F1"/>
</indexColumnUsage>
</ind_PK_UK>
<ind_PK_UK id="FB1C92A8-B993-E2A2-4F2A-039A05F4E748" name="Poseta_lekaru_Tip_posete_FK">
<createdBy>stefa</createdBy>
<createdTime>2023-11-06 21:44:04 UTC</createdTime>
<ownerDesignName>UI DOmaci</ownerDesignName>
<indexState>Foreign Key</indexState>
<isSurrogateKey>false</isSurrogateKey>
<indexColumnUsage>
<colUsage columnID="D84EDCCD-02FC-14FC-E576-7C7C3C3E95B5"/>
</indexColumnUsage>
</ind_PK_UK>
<ind_PK_UK id="DC06F46A-D64F-BFDD-47E3-54A375400B3C" name="Poseta_lekaru_Pacijent_FK">
<createdBy>stefa</createdBy>
<createdTime>2023-11-06 21:47:45 UTC</createdTime>
<ownerDesignName>UI DOmaci</ownerDesignName>
<indexState>Foreign Key</indexState>
<isSurrogateKey>false</isSurrogateKey>
<indexColumnUsage>
<colUsage columnID="4BCB0C7D-C3E2-C8E4-67A9-DA100030C5B4"/>
</indexColumnUsage>
</ind_PK_UK>
<ind_PK_UK id="B312B893-8E3E-4298-8948-7D22E0E7E98C" name="Poseta_lekaru_Doktor_FK">
<createdBy>stefa</createdBy>
<createdTime>2023-11-13 22:07:39 UTC</createdTime>
<ownerDesignName>UI DOmaci</ownerDesignName>
<indexState>Foreign Key</indexState>
<isSurrogateKey>false</isSurrogateKey>
<indexColumnUsage>
<colUsage columnID="445B8118-21AA-A121-57CE-9A9D80B01884"/>
</indexColumnUsage>
</ind_PK_UK>
<ind_PK_UK id="0C1841D6-CBE6-2153-5E38-6822D429D768" name="Poseta_lekaru_Izvestaj_FK">
<createdBy>stefa</createdBy>
<createdTime>2023-11-13 22:08:49 UTC</createdTime>
<ownerDesignName>UI DOmaci</ownerDesignName>
<indexState>Foreign Key</indexState>
<isSurrogateKey>false</isSurrogateKey>
<indexColumnUsage>
<colUsage columnID="69A29EBE-4379-8C7B-0AF3-8227761C7E6E"/>
</indexColumnUsage>
</ind_PK_UK>
</indexes>
</Table>