<?xml version = '1.0' encoding = 'UTF-8'?>
<Table class="oracle.dbtools.crest.model.design.relational.Table" directorySegmentName="seg_0" id="A57B8E71-97F7-6938-691B-3793F1996960" name="Prijem(event)">
<createdBy>stefa</createdBy>
<createdTime>2023-11-13 21:23:44 UTC</createdTime>
<ownerDesignName>UI DOmaci</ownerDesignName>
<ordsAlias>table_40</ordsAlias>
<allowColumnReorder>false</allowColumnReorder>
<existDependencyGenerateInDDl>true</existDependencyGenerateInDDl>
<parsed>true</parsed>
<columns itemClass="oracle.dbtools.crest.model.design.relational.Column">
<Column name="prijem_id" id="BBF2E379-614D-62D3-8E21-631C8A1B627B">
<createdBy>stefa</createdBy>
<createdTime>2023-11-13 21:24:02 UTC</createdTime>
<ownerDesignName>UI DOmaci</ownerDesignName>
<useDomainConstraints>false</useDomainConstraints>
<use>1</use>
<logicalDatatype>LOGDT027</logicalDatatype>
<ownDataTypeParameters>,,</ownDataTypeParameters>
<autoIncrementCycle>false</autoIncrementCycle>
</Column>
<Column name="Uput_uput_id" id="D940E523-F480-5234-E356-16617B718A33">
<createdBy>stefa</createdBy>
<createdTime>2023-11-13 21:30:12 UTC</createdTime>
<ownerDesignName>UI DOmaci</ownerDesignName>
<useDomainConstraints>false</useDomainConstraints>
<use>1</use>
<logicalDatatype>LOGDT027</logicalDatatype>
<ownDataTypeParameters>,,</ownDataTypeParameters>
<previousColumn>false</previousColumn>
<autoIncrementCycle>false</autoIncrementCycle>
<associations>
<colAssociation fkAssociation="E35B283F-25B2-AD37-D976-57C00D79B95B" referredColumn="F6682F24-99BD-CFDE-E647-B435B31E8FF8"/>
</associations>
</Column>
</columns>
<indexes itemClass="oracle.dbtools.crest.model.design.relational.Index">
<ind_PK_UK id="173D2B6B-1CAD-477B-12DD-5EA79C5446E3" name="prijem(event)_PK">
<createdBy>stefa</createdBy>
<createdTime>2023-11-13 21:24:02 UTC</createdTime>
<ownerDesignName>UI DOmaci</ownerDesignName>
<pk>true</pk>
<indexState>Primary Constraint</indexState>
<isSurrogateKey>false</isSurrogateKey>
<indexColumnUsage>
<colUsage columnID="BBF2E379-614D-62D3-8E21-631C8A1B627B"/>
</indexColumnUsage>
</ind_PK_UK>
<ind_PK_UK id="87C1B872-A848-DF6D-BC04-E84FC4CFDB4A" name="Prijem(event)_Uput_FK">
<createdBy>stefa</createdBy>
<createdTime>2023-11-13 21:30:12 UTC</createdTime>
<ownerDesignName>UI DOmaci</ownerDesignName>
<indexState>Foreign Key</indexState>
<isSurrogateKey>false</isSurrogateKey>
<indexColumnUsage>
<colUsage columnID="D940E523-F480-5234-E356-16617B718A33"/>
</indexColumnUsage>
</ind_PK_UK>
</indexes>
</Table>