<?xml version = '1.0' encoding = 'UTF-8'?>
<Table class="oracle.dbtools.crest.model.design.relational.Table" directorySegmentName="seg_0" id="A5B2673F-E69C-17DE-BAFE-518F4B9B13CD" name="Terapija">
<createdBy>stefa</createdBy>
<createdTime>2023-10-23 20:17:16 UTC</createdTime>
<ownerDesignName>UI DOmaci</ownerDesignName>
<ordsAlias>table_30</ordsAlias>
<allowColumnReorder>false</allowColumnReorder>
<existDependencyGenerateInDDl>true</existDependencyGenerateInDDl>
<parsed>true</parsed>
<columns itemClass="oracle.dbtools.crest.model.design.relational.Column">
<Column name="terapija_id" id="891DB041-2AE7-0CCA-23C3-1F904D8FDB26">
<createdBy>stefa</createdBy>
<createdTime>2023-10-23 20:21:57 UTC</createdTime>
<ownerDesignName>UI DOmaci</ownerDesignName>
<useDomainConstraints>false</useDomainConstraints>
<use>1</use>
<logicalDatatype>LOGDT027</logicalDatatype>
<ownDataTypeParameters>,,</ownDataTypeParameters>
<autoIncrementCycle>false</autoIncrementCycle>
</Column>
<Column name="medicine" id="ACB46AD0-154A-6349-10DA-37E76A2BD9F4">
<createdBy>stefa</createdBy>
<createdTime>2023-10-23 20:21:57 UTC</createdTime>
<ownerDesignName>UI DOmaci</ownerDesignName>
<nullsAllowed>true</nullsAllowed>
<useDomainConstraints>false</useDomainConstraints>
<use>1</use>
<logicalDatatype>LOGDT024</logicalDatatype>
<ownDataTypeParameters>,,</ownDataTypeParameters>
<autoIncrementCycle>false</autoIncrementCycle>
</Column>
</columns>
<indexes itemClass="oracle.dbtools.crest.model.design.relational.Index">
<ind_PK_UK id="BCBFCDAF-1E2F-BD6C-3C92-088831A57E29" name="Terapija_PK">
<createdBy>stefa</createdBy>
<createdTime>2023-10-23 20:21:57 UTC</createdTime>
<ownerDesignName>UI DOmaci</ownerDesignName>
<pk>true</pk>
<indexState>Primary Constraint</indexState>
<isSurrogateKey>false</isSurrogateKey>
<indexColumnUsage>
<colUsage columnID="891DB041-2AE7-0CCA-23C3-1F904D8FDB26"/>
</indexColumnUsage>
</ind_PK_UK>
</indexes>
</Table>