<?xml version = '1.0' encoding = 'UTF-8'?>
<Table class="oracle.dbtools.crest.model.design.relational.Table" directorySegmentName="seg_0" id="ADFDFA9C-46CE-7377-8C9E-08B527083521" name="Istorija_tipa">
<createdBy>stefa</createdBy>
<createdTime>2023-11-06 21:20:57 UTC</createdTime>
<ownerDesignName>UI DOmaci</ownerDesignName>
<ordsAlias>table_25</ordsAlias>
<allowColumnReorder>false</allowColumnReorder>
<existDependencyGenerateInDDl>true</existDependencyGenerateInDDl>
<parsed>true</parsed>
<columns itemClass="oracle.dbtools.crest.model.design.relational.Column">
<Column name="istorija_tipa_id" id="78F7756C-B496-9A95-F103-18F2501AFB5C">
<createdBy>stefa</createdBy>
<createdTime>2023-11-06 21:22:00 UTC</createdTime>
<ownerDesignName>UI DOmaci</ownerDesignName>
<useDomainConstraints>false</useDomainConstraints>
<use>1</use>
<logicalDatatype>LOGDT027</logicalDatatype>
<ownDataTypeParameters>,,</ownDataTypeParameters>
<autoIncrementCycle>false</autoIncrementCycle>
</Column>
<Column name="pocetak" id="C8C5F362-0CC3-BA4A-6714-5F74B0CA49C8">
<createdBy>stefa</createdBy>
<createdTime>2023-11-06 21:22:00 UTC</createdTime>
<ownerDesignName>UI DOmaci</ownerDesignName>
<nullsAllowed>true</nullsAllowed>
<useDomainConstraints>false</useDomainConstraints>
<use>1</use>
<logicalDatatype>LOGDT007</logicalDatatype>
<ownDataTypeParameters>,,</ownDataTypeParameters>
<autoIncrementCycle>false</autoIncrementCycle>
</Column>
<Column name="zavrsetak" id="0EC18EDD-328E-5789-FF6A-CBD145023BF4">
<createdBy>stefa</createdBy>
<createdTime>2023-11-06 21:22:00 UTC</createdTime>
<ownerDesignName>UI DOmaci</ownerDesignName>
<nullsAllowed>true</nullsAllowed>
<useDomainConstraints>false</useDomainConstraints>
<use>1</use>
<logicalDatatype>LOGDT007</logicalDatatype>
<ownDataTypeParameters>,,</ownDataTypeParameters>
<autoIncrementCycle>false</autoIncrementCycle>
</Column>
<Column name="Objekti_facilitie_id" id="487E4427-A880-5D99-6F62-0E9D401FE4C1">
<createdBy>stefa</createdBy>
<createdTime>2023-11-06 21:22:14 UTC</createdTime>
<ownerDesignName>UI DOmaci</ownerDesignName>
<useDomainConstraints>false</useDomainConstraints>
<use>1</use>
<logicalDatatype>LOGDT027</logicalDatatype>
<ownDataTypeParameters>,,</ownDataTypeParameters>
<previousColumn>false</previousColumn>
<autoIncrementCycle>false</autoIncrementCycle>
<associations>
<colAssociation fkAssociation="B2D6A8DE-F2C3-876A-719B-FE08AFFE636A" referredColumn="167C5615-BA31-3FB9-4C74-0A05E51263D6"/>
</associations>
</Column>
<Column name="Tip_objekta_tip_obekta_id" id="E132B663-495B-E8A1-5F01-F1311342C2CC">
<createdBy>stefa</createdBy>
<createdTime>2023-11-06 21:22:18 UTC</createdTime>
<ownerDesignName>UI DOmaci</ownerDesignName>
<useDomainConstraints>false</useDomainConstraints>
<use>1</use>
<logicalDatatype>LOGDT027</logicalDatatype>
<ownDataTypeParameters>,,</ownDataTypeParameters>
<previousColumn>false</previousColumn>
<autoIncrementCycle>false</autoIncrementCycle>
<associations>
<colAssociation fkAssociation="DEAD4A69-C87B-D3A3-3F83-326E4974ADD2" referredColumn="84EB2B10-CE47-C442-2AEE-9B6AC040B0D6"/>
</associations>
</Column>
</columns>
<indexes itemClass="oracle.dbtools.crest.model.design.relational.Index">
<ind_PK_UK id="AB7CB165-CA2B-8F2F-D4CB-E6A8411CB195" name="Istorija_tipa_PK">
<createdBy>stefa</createdBy>
<createdTime>2023-11-06 21:22:00 UTC</createdTime>
<ownerDesignName>UI DOmaci</ownerDesignName>
<pk>true</pk>
<indexState>Primary Constraint</indexState>
<isSurrogateKey>false</isSurrogateKey>
<indexColumnUsage>
<colUsage columnID="78F7756C-B496-9A95-F103-18F2501AFB5C"/>
</indexColumnUsage>
</ind_PK_UK>
<ind_PK_UK id="7B4A8DDC-E9D2-3E34-98CC-5A95904C8C16" name="Istorija_tipa_Objekti_FK">
<createdBy>stefa</createdBy>
<createdTime>2023-11-06 21:22:14 UTC</createdTime>
<ownerDesignName>UI DOmaci</ownerDesignName>
<indexState>Foreign Key</indexState>
<isSurrogateKey>false</isSurrogateKey>
<indexColumnUsage>
<colUsage columnID="487E4427-A880-5D99-6F62-0E9D401FE4C1"/>
</indexColumnUsage>
</ind_PK_UK>
<ind_PK_UK id="40A5A8CC-A014-EAC5-1102-A6F36EF87BAF" name="Istorija_tipa_Tip_objekta_FK">
<createdBy>stefa</createdBy>
<createdTime>2023-11-06 21:22:18 UTC</createdTime>
<ownerDesignName>UI DOmaci</ownerDesignName>
<indexState>Foreign Key</indexState>
<isSurrogateKey>false</isSurrogateKey>
<indexColumnUsage>
<colUsage columnID="E132B663-495B-E8A1-5F01-F1311342C2CC"/>
</indexColumnUsage>
</ind_PK_UK>
</indexes>
</Table>