<?xml version = '1.0' encoding = 'UTF-8'?>
<Table class="oracle.dbtools.crest.model.design.relational.Table" directorySegmentName="seg_0" id="B3D8FBFA-DE73-005F-39A8-2121F5FC2E3F" name="Polisa_osiguranja">
<createdBy>stefa</createdBy>
<createdTime>2023-11-06 22:05:41 UTC</createdTime>
<ownerDesignName>UI DOmaci</ownerDesignName>
<ordsAlias>table_38</ordsAlias>
<allowColumnReorder>false</allowColumnReorder>
<existDependencyGenerateInDDl>true</existDependencyGenerateInDDl>
<parsed>true</parsed>
<columns itemClass="oracle.dbtools.crest.model.design.relational.Column">
<Column name="polisa_id" id="96CB61F9-F934-40B6-D5EE-EFF1BFD66BF7">
<createdBy>stefa</createdBy>
<createdTime>2023-11-06 22:06:21 UTC</createdTime>
<ownerDesignName>UI DOmaci</ownerDesignName>
<useDomainConstraints>false</useDomainConstraints>
<use>1</use>
<logicalDatatype>LOGDT027</logicalDatatype>
<ownDataTypeParameters>,,</ownDataTypeParameters>
<autoIncrementCycle>false</autoIncrementCycle>
</Column>
<Column name="pib_firme" id="BE95BBC5-32C9-DFDA-129E-FEC9A8EA1739">
<createdBy>stefa</createdBy>
<createdTime>2023-11-06 22:07:47 UTC</createdTime>
<ownerDesignName>UI DOmaci</ownerDesignName>
<nullsAllowed>true</nullsAllowed>
<useDomainConstraints>false</useDomainConstraints>
<use>1</use>
<logicalDatatype>LOGDT024</logicalDatatype>
<ownDataTypeParameters>,,</ownDataTypeParameters>
<autoIncrementCycle>false</autoIncrementCycle>
</Column>
<Column name="pib_osiguravajuce_kuce" id="7A3C38AE-5280-EA06-978C-29BA4BBC5DA1">
<createdBy>stefa</createdBy>
<createdTime>2023-11-06 22:08:11 UTC</createdTime>
<ownerDesignName>UI DOmaci</ownerDesignName>
<nullsAllowed>true</nullsAllowed>
<useDomainConstraints>false</useDomainConstraints>
<use>1</use>
<logicalDatatype>LOGDT024</logicalDatatype>
<ownDataTypeParameters>,,</ownDataTypeParameters>
<autoIncrementCycle>false</autoIncrementCycle>
</Column>
</columns>
<indexes itemClass="oracle.dbtools.crest.model.design.relational.Index">
<ind_PK_UK id="A1D32122-9E4F-FFDE-720A-DAABF019E3B2" name="Polisa_osiguranja_PK">
<createdBy>stefa</createdBy>
<createdTime>2023-11-06 22:06:40 UTC</createdTime>
<ownerDesignName>UI DOmaci</ownerDesignName>
<pk>true</pk>
<indexState>Primary Constraint</indexState>
<isSurrogateKey>false</isSurrogateKey>
<indexColumnUsage>
<colUsage columnID="96CB61F9-F934-40B6-D5EE-EFF1BFD66BF7"/>
</indexColumnUsage>
</ind_PK_UK>
</indexes>
</Table>