<?xml version = '1.0' encoding = 'UTF-8'?>
<Table class="oracle.dbtools.crest.model.design.relational.Table" directorySegmentName="seg_0" id="B5A64522-B256-698D-7AE3-B5BF830FB191" name="Trenutno_stanje_materijala">
<createdBy>stefa</createdBy>
<createdTime>2023-12-11 22:08:11 UTC</createdTime>
<ownerDesignName>UI DOmaci</ownerDesignName>
<ordsAlias>table_71</ordsAlias>
<allowColumnReorder>false</allowColumnReorder>
<existDependencyGenerateInDDl>true</existDependencyGenerateInDDl>
<parsed>true</parsed>
<columns itemClass="oracle.dbtools.crest.model.design.relational.Column">
<Column name="tren_stan_mat" id="ADE664A6-C761-FA8D-3CCF-4DFD9D08F723">
<createdBy>stefa</createdBy>
<createdTime>2023-12-11 22:08:39 UTC</createdTime>
<ownerDesignName>UI DOmaci</ownerDesignName>
<useDomainConstraints>false</useDomainConstraints>
<use>1</use>
<logicalDatatype>LOGDT027</logicalDatatype>
<ownDataTypeParameters>,,</ownDataTypeParameters>
<autoIncrementCycle>false</autoIncrementCycle>
</Column>
<Column name="Materijal_materijal_id" id="506C3B0E-4D1C-F92B-E393-DBC2CADE940E">
<createdBy>stefa</createdBy>
<createdTime>2023-12-11 22:09:28 UTC</createdTime>
<ownerDesignName>UI DOmaci</ownerDesignName>
<useDomainConstraints>false</useDomainConstraints>
<use>1</use>
<logicalDatatype>LOGDT027</logicalDatatype>
<ownDataTypeParameters>,,</ownDataTypeParameters>
<previousColumn>false</previousColumn>
<autoIncrementCycle>false</autoIncrementCycle>
<associations>
<colAssociation fkAssociation="8844369A-8DE6-3A2A-EDD7-BEE3C5094B70" referredColumn="23C17F2B-B4F7-6C86-9F93-AD1723D70647"/>
</associations>
</Column>
</columns>
<indexes itemClass="oracle.dbtools.crest.model.design.relational.Index">
<ind_PK_UK id="178642EC-2432-5875-DB26-E09CF67DFB39" name="Trenutno_stanje_materijala_PK">
<createdBy>stefa</createdBy>
<createdTime>2023-12-11 22:08:39 UTC</createdTime>
<ownerDesignName>UI DOmaci</ownerDesignName>
<pk>true</pk>
<indexState>Primary Constraint</indexState>
<isSurrogateKey>false</isSurrogateKey>
<indexColumnUsage>
<colUsage columnID="ADE664A6-C761-FA8D-3CCF-4DFD9D08F723"/>
</indexColumnUsage>
</ind_PK_UK>
<ind_PK_UK id="15EA6DE0-77DE-4C84-C9FF-FAA02C81A405" name="Trenutno_stanje_materijala_Materijal_FK">
<createdBy>stefa</createdBy>
<createdTime>2023-12-11 22:09:28 UTC</createdTime>
<ownerDesignName>UI DOmaci</ownerDesignName>
<indexState>Foreign Key</indexState>
<isSurrogateKey>false</isSurrogateKey>
<indexColumnUsage>
<colUsage columnID="506C3B0E-4D1C-F92B-E393-DBC2CADE940E"/>
</indexColumnUsage>
</ind_PK_UK>
</indexes>
</Table>