<?xml version = '1.0' encoding = 'UTF-8'?>
<Table class="oracle.dbtools.crest.model.design.relational.Table" directorySegmentName="seg_0" id="BFB743C0-8661-8FE4-5634-955AE095CBF2" name="Bolnicko_skladiste">
<createdBy>Micko</createdBy>
<createdTime>2023-12-19 13:00:17 UTC</createdTime>
<ownerDesignName>UI DOmaci</ownerDesignName>
<ordsAlias>table_72</ordsAlias>
<allowColumnReorder>false</allowColumnReorder>
<existDependencyGenerateInDDl>true</existDependencyGenerateInDDl>
<parsed>true</parsed>
<columns itemClass="oracle.dbtools.crest.model.design.relational.Column">
<Column name="bolnicko_skladiste_id" id="A149177B-C30D-E707-FA4A-396A157D0CB7">
<createdBy>Micko</createdBy>
<createdTime>2023-12-19 13:00:53 UTC</createdTime>
<ownerDesignName>UI DOmaci</ownerDesignName>
<useDomainConstraints>false</useDomainConstraints>
<use>1</use>
<logicalDatatype>LOGDT027</logicalDatatype>
<ownDataTypeParameters>,,</ownDataTypeParameters>
<autoIncrementCycle>false</autoIncrementCycle>
</Column>
<Column name="ime" id="902D808B-7521-8FCB-3167-AB420D9F505F">
<createdBy>Micko</createdBy>
<createdTime>2023-12-19 13:00:53 UTC</createdTime>
<ownerDesignName>UI DOmaci</ownerDesignName>
<nullsAllowed>true</nullsAllowed>
<useDomainConstraints>false</useDomainConstraints>
<use>1</use>
<logicalDatatype>LOGDT024</logicalDatatype>
<ownDataTypeParameters>,,</ownDataTypeParameters>
<autoIncrementCycle>false</autoIncrementCycle>
</Column>
<Column name="Objekti_facilitie_id" id="26B3B5F5-1309-2E8B-87F2-58B9B67DF9D9">
<createdBy>Micko</createdBy>
<createdTime>2023-12-19 13:01:04 UTC</createdTime>
<ownerDesignName>UI DOmaci</ownerDesignName>
<useDomainConstraints>false</useDomainConstraints>
<use>1</use>
<logicalDatatype>LOGDT027</logicalDatatype>
<ownDataTypeParameters>,,</ownDataTypeParameters>
<previousColumn>false</previousColumn>
<autoIncrementCycle>false</autoIncrementCycle>
<associations>
<colAssociation fkAssociation="C164A59F-3995-6C9C-0361-3D35938B1E11" referredColumn="167C5615-BA31-3FB9-4C74-0A05E51263D6"/>
</associations>
</Column>
<Column name="Bolnica_hostpital_id" id="195CFCD2-40A3-106C-AFB4-DC5E92600CDA">
<createdBy>Micko</createdBy>
<createdTime>2023-12-19 13:01:09 UTC</createdTime>
<ownerDesignName>UI DOmaci</ownerDesignName>
<useDomainConstraints>false</useDomainConstraints>
<use>1</use>
<logicalDatatype>LOGDT027</logicalDatatype>
<ownDataTypeParameters>,,</ownDataTypeParameters>
<previousColumn>false</previousColumn>
<autoIncrementCycle>false</autoIncrementCycle>
<associations>
<colAssociation fkAssociation="86B91AF6-F34D-318A-AC15-F460DA3D2E9C" referredColumn="A14ED1D6-15C6-E113-B505-2FFAC7773084"/>
</associations>
</Column>
</columns>
<indexes itemClass="oracle.dbtools.crest.model.design.relational.Index">
<ind_PK_UK id="75A031EB-86DC-D251-49E3-6F8A41CD06FD" name="Bolnicko_skladiste_PK">
<createdBy>Micko</createdBy>
<createdTime>2023-12-19 13:00:53 UTC</createdTime>
<ownerDesignName>UI DOmaci</ownerDesignName>
<pk>true</pk>
<indexState>Primary Constraint</indexState>
<isSurrogateKey>false</isSurrogateKey>
<indexColumnUsage>
<colUsage columnID="A149177B-C30D-E707-FA4A-396A157D0CB7"/>
</indexColumnUsage>
</ind_PK_UK>
<ind_PK_UK id="F04F3F37-93CC-0070-9CA0-F55449605C72" name="Bolnicko_skladiste_Objekti_FK">
<createdBy>Micko</createdBy>
<createdTime>2023-12-19 13:01:04 UTC</createdTime>
<ownerDesignName>UI DOmaci</ownerDesignName>
<indexState>Foreign Key</indexState>
<isSurrogateKey>false</isSurrogateKey>
<indexColumnUsage>
<colUsage columnID="26B3B5F5-1309-2E8B-87F2-58B9B67DF9D9"/>
</indexColumnUsage>
</ind_PK_UK>
<ind_PK_UK id="E65332F2-167C-B26D-B51D-0F7ECEFEF829" name="Bolnicko_skladiste_Bolnica_FK">
<createdBy>Micko</createdBy>
<createdTime>2023-12-19 13:01:09 UTC</createdTime>
<ownerDesignName>UI DOmaci</ownerDesignName>
<indexState>Foreign Key</indexState>
<isSurrogateKey>false</isSurrogateKey>
<indexColumnUsage>
<colUsage columnID="195CFCD2-40A3-106C-AFB4-DC5E92600CDA"/>
</indexColumnUsage>
</ind_PK_UK>
</indexes>
</Table>
