<?xml version = '1.0' encoding = 'UTF-8'?>
<Table class="oracle.dbtools.crest.model.design.relational.Table" directorySegmentName="seg_0" id="C3A9A6F0-7372-17F2-0AA1-C3C1FEF8E245" name="Istorija_direktora">
<createdBy>stefa</createdBy>
<createdTime>2023-11-06 21:22:45 UTC</createdTime>
<ownerDesignName>UI DOmaci</ownerDesignName>
<ordsAlias>table_26</ordsAlias>
<allowColumnReorder>false</allowColumnReorder>
<existDependencyGenerateInDDl>true</existDependencyGenerateInDDl>
<parsed>true</parsed>
<columns itemClass="oracle.dbtools.crest.model.design.relational.Column">
<Column name="istorija_direktora_id" id="71A9DF4B-DA8F-5C00-4649-CF39E48197CA">
<createdBy>stefa</createdBy>
<createdTime>2023-11-06 21:24:47 UTC</createdTime>
<ownerDesignName>UI DOmaci</ownerDesignName>
<useDomainConstraints>false</useDomainConstraints>
<use>1</use>
<logicalDatatype>LOGDT027</logicalDatatype>
<ownDataTypeParameters>,,</ownDataTypeParameters>
<autoIncrementCycle>false</autoIncrementCycle>
</Column>
<Column name="pocetak" id="4603FE30-B420-A2CC-F27C-F43338A3E153">
<createdBy>stefa</createdBy>
<createdTime>2023-11-06 21:24:47 UTC</createdTime>
<ownerDesignName>UI DOmaci</ownerDesignName>
<nullsAllowed>true</nullsAllowed>
<useDomainConstraints>false</useDomainConstraints>
<use>1</use>
<logicalDatatype>LOGDT007</logicalDatatype>
<ownDataTypeParameters>,,</ownDataTypeParameters>
<autoIncrementCycle>false</autoIncrementCycle>
</Column>
<Column name="zavrsetak" id="1D98C9BA-6648-E2EF-AF8C-AEADE38D2288">
<createdBy>stefa</createdBy>
<createdTime>2023-11-06 21:24:47 UTC</createdTime>
<ownerDesignName>UI DOmaci</ownerDesignName>
<nullsAllowed>true</nullsAllowed>
<useDomainConstraints>false</useDomainConstraints>
<use>1</use>
<logicalDatatype>LOGDT007</logicalDatatype>
<ownDataTypeParameters>,,</ownDataTypeParameters>
<autoIncrementCycle>false</autoIncrementCycle>
</Column>
<Column name="Klinicki_centar_clinical_center_id" id="B650AD1C-87F2-D62D-69BE-30877CCD7A48">
<createdBy>stefa</createdBy>
<createdTime>2023-11-06 21:24:54 UTC</createdTime>
<ownerDesignName>UI DOmaci</ownerDesignName>
<useDomainConstraints>false</useDomainConstraints>
<use>1</use>
<ownDataTypeParameters>,,</ownDataTypeParameters>
<previousColumn>false</previousColumn>
<autoIncrementCycle>false</autoIncrementCycle>
<associations>
<colAssociation fkAssociation="F97F7A0B-39B4-C112-F5FE-C130099094ED" referredColumn="2C1E2F7E-BB69-865F-F64C-0140048CC3FC"/>
</associations>
</Column>
<Column name="Direktor_director_id" id="BF12A976-C47A-8667-B08F-8856AB27F11C">
<createdBy>stefa</createdBy>
<createdTime>2023-11-06 21:24:57 UTC</createdTime>
<ownerDesignName>UI DOmaci</ownerDesignName>
<useDomainConstraints>false</useDomainConstraints>
<use>1</use>
<logicalDatatype>LOGDT027</logicalDatatype>
<ownDataTypeParameters>,,</ownDataTypeParameters>
<previousColumn>false</previousColumn>
<autoIncrementCycle>false</autoIncrementCycle>
</Column>
<Column name="Zaposleni_person_id" id="810695DD-FDF9-9FA1-36BC-0033189A8288">
<createdBy>stefa</createdBy>
<createdTime>2023-11-13 21:46:31 UTC</createdTime>
<ownerDesignName>UI DOmaci</ownerDesignName>
<useDomainConstraints>false</useDomainConstraints>
<use>1</use>
<logicalDatatype>LOGDT027</logicalDatatype>
<ownDataTypeParameters>,,</ownDataTypeParameters>
<previousColumn>false</previousColumn>
<autoIncrementCycle>false</autoIncrementCycle>
<associations>
<colAssociation fkAssociation="F95BDE63-1C2F-888D-93F9-2AA3BB2046AE" referredColumn="D5A6E847-7832-B361-21A0-F43267729A09"/>
</associations>
</Column>
</columns>
<indexes itemClass="oracle.dbtools.crest.model.design.relational.Index">
<ind_PK_UK id="65AAA817-AEA0-6AC2-F702-941D9D8BD276" name="Istorija_direktora_PK">
<createdBy>stefa</createdBy>
<createdTime>2023-11-06 21:24:47 UTC</createdTime>
<ownerDesignName>UI DOmaci</ownerDesignName>
<pk>true</pk>
<indexState>Primary Constraint</indexState>
<isSurrogateKey>false</isSurrogateKey>
<indexColumnUsage>
<colUsage columnID="71A9DF4B-DA8F-5C00-4649-CF39E48197CA"/>
</indexColumnUsage>
</ind_PK_UK>
<ind_PK_UK id="7864BC54-8B5F-6444-D192-79E2EF7FE75B" name="Istorija_direktora_Klinicki_centar_FK">
<createdBy>stefa</createdBy>
<createdTime>2023-11-06 21:24:54 UTC</createdTime>
<ownerDesignName>UI DOmaci</ownerDesignName>
<indexState>Foreign Key</indexState>
<isSurrogateKey>false</isSurrogateKey>
<indexColumnUsage>
<colUsage columnID="B650AD1C-87F2-D62D-69BE-30877CCD7A48"/>
</indexColumnUsage>
</ind_PK_UK>
<ind_PK_UK id="ED8649D9-80C1-53A9-962B-5A35753530B7" name="Istorija_direktora_Zaposleni_FK">
<createdBy>stefa</createdBy>
<createdTime>2023-11-13 21:46:31 UTC</createdTime>
<ownerDesignName>UI DOmaci</ownerDesignName>
<indexState>Foreign Key</indexState>
<isSurrogateKey>false</isSurrogateKey>
<indexColumnUsage>
<colUsage columnID="810695DD-FDF9-9FA1-36BC-0033189A8288"/>
</indexColumnUsage>
</ind_PK_UK>
</indexes>
</Table>