<?xml version = '1.0' encoding = 'UTF-8'?>
<Table class="oracle.dbtools.crest.model.design.relational.Table" directorySegmentName="seg_0" id="C61F57A1-60F0-BF6B-C9CC-6AE1F8F67656" name="Radni_sati_bonus">
<createdBy>stefa</createdBy>
<createdTime>2023-12-04 21:22:12 UTC</createdTime>
<ownerDesignName>UI DOmaci</ownerDesignName>
<ordsAlias>table_45</ordsAlias>
<allowColumnReorder>false</allowColumnReorder>
<existDependencyGenerateInDDl>true</existDependencyGenerateInDDl>
<parsed>true</parsed>
<columns itemClass="oracle.dbtools.crest.model.design.relational.Column">
<Column name="radni_sati_mod_id" id="F7FF63EA-7327-587B-AA18-E5A4D18B78B4">
<createdBy>stefa</createdBy>
<createdTime>2023-12-04 21:23:11 UTC</createdTime>
<ownerDesignName>UI DOmaci</ownerDesignName>
<useDomainConstraints>false</useDomainConstraints>
<use>1</use>
<logicalDatatype>LOGDT027</logicalDatatype>
<ownDataTypeParameters>,,</ownDataTypeParameters>
<autoIncrementCycle>false</autoIncrementCycle>
</Column>
<Column name="Bonus_bonus_id" id="2F13D7DA-648E-0B58-0D53-ED67E8580E8C">
<createdBy>stefa</createdBy>
<createdTime>2023-12-04 21:33:59 UTC</createdTime>
<ownerDesignName>UI DOmaci</ownerDesignName>
<useDomainConstraints>false</useDomainConstraints>
<use>1</use>
<logicalDatatype>LOGDT027</logicalDatatype>
<ownDataTypeParameters>,,</ownDataTypeParameters>
<previousColumn>false</previousColumn>
<autoIncrementCycle>false</autoIncrementCycle>
<associations>
<colAssociation fkAssociation="0B3A0CE1-6F3F-DF8B-A1D6-6297351F0327" referredColumn="7F80305E-6018-3DFE-E9FA-88477365FBDB"/>
</associations>
</Column>
<Column name="Radni_sati_radni_sati_id" id="90B6C405-5009-F274-C60F-6E3018BFD4BC">
<createdBy>stefa</createdBy>
<createdTime>2023-12-04 21:34:03 UTC</createdTime>
<ownerDesignName>UI DOmaci</ownerDesignName>
<useDomainConstraints>false</useDomainConstraints>
<use>1</use>
<logicalDatatype>LOGDT027</logicalDatatype>
<ownDataTypeParameters>,,</ownDataTypeParameters>
<previousColumn>false</previousColumn>
<autoIncrementCycle>false</autoIncrementCycle>
<associations>
<colAssociation fkAssociation="143C6CCF-B716-E13C-8735-BE5881F8D74D" referredColumn="ACDE81E5-C8CD-C8A0-3EBA-DDEFEF0D1E92"/>
</associations>
</Column>
<Column name="isplata_plate_plata" id="CAE44FC7-70D7-0ACD-5E39-062BABD798FD">
<createdBy>stefa</createdBy>
<createdTime>2023-12-04 21:35:43 UTC</createdTime>
<ownerDesignName>UI DOmaci</ownerDesignName>
<useDomainConstraints>false</useDomainConstraints>
<use>1</use>
<logicalDatatype>LOGDT027</logicalDatatype>
<ownDataTypeParameters>,,</ownDataTypeParameters>
<previousColumn>false</previousColumn>
<autoIncrementCycle>false</autoIncrementCycle>
<associations>
<colAssociation fkAssociation="E57CCF5A-B262-81A9-04D9-83C26CB63FBF" referredColumn="E8B0C31B-75B2-796E-E003-B8B1A0CB1713"/>
</associations>
</Column>
</columns>
<indexes itemClass="oracle.dbtools.crest.model.design.relational.Index">
<ind_PK_UK id="91148704-06C4-FE13-040C-60EDF7293307" name="Radni_sati_modifikacija_PK">
<createdBy>stefa</createdBy>
<createdTime>2023-12-04 21:23:11 UTC</createdTime>
<ownerDesignName>UI DOmaci</ownerDesignName>
<pk>true</pk>
<indexState>Primary Constraint</indexState>
<isSurrogateKey>false</isSurrogateKey>
<indexColumnUsage>
<colUsage columnID="F7FF63EA-7327-587B-AA18-E5A4D18B78B4"/>
</indexColumnUsage>
</ind_PK_UK>
<ind_PK_UK id="27BF3D32-1EC1-5971-F0E7-FCF295A33102" name="Radni_sati_bonus_Bonus_FK">
<createdBy>stefa</createdBy>
<createdTime>2023-12-04 21:33:59 UTC</createdTime>
<ownerDesignName>UI DOmaci</ownerDesignName>
<indexState>Foreign Key</indexState>
<isSurrogateKey>false</isSurrogateKey>
<indexColumnUsage>
<colUsage columnID="2F13D7DA-648E-0B58-0D53-ED67E8580E8C"/>
</indexColumnUsage>
</ind_PK_UK>
<ind_PK_UK id="06E79B6B-1248-6D32-3E0F-84174B9B5AA1" name="Radni_sati_bonus_Radni_sati_FK">
<createdBy>stefa</createdBy>
<createdTime>2023-12-04 21:34:03 UTC</createdTime>
<ownerDesignName>UI DOmaci</ownerDesignName>
<indexState>Foreign Key</indexState>
<isSurrogateKey>false</isSurrogateKey>
<indexColumnUsage>
<colUsage columnID="90B6C405-5009-F274-C60F-6E3018BFD4BC"/>
</indexColumnUsage>
</ind_PK_UK>
<ind_PK_UK id="5B6A7FF2-622B-96BB-AA2D-95BAC1F154DF" name="Radni_sati_bonus_isplata_plate_FK">
<createdBy>stefa</createdBy>
<createdTime>2023-12-04 21:35:43 UTC</createdTime>
<ownerDesignName>UI DOmaci</ownerDesignName>
<indexState>Foreign Key</indexState>
<isSurrogateKey>false</isSurrogateKey>
<indexColumnUsage>
<colUsage columnID="CAE44FC7-70D7-0ACD-5E39-062BABD798FD"/>
</indexColumnUsage>
</ind_PK_UK>
</indexes>
</Table>