<?xml version = '1.0' encoding = 'UTF-8'?>
<Table class="oracle.dbtools.crest.model.design.relational.Table" directorySegmentName="seg_0" id="CAA6EC84-7529-9C5E-8C70-D9457F76C3BB" name="isplata_plate">
<createdBy>stefa</createdBy>
<createdTime>2023-11-13 22:21:09 UTC</createdTime>
<ownerDesignName>UI DOmaci</ownerDesignName>
<ordsAlias>table_54</ordsAlias>
<allowColumnReorder>false</allowColumnReorder>
<existDependencyGenerateInDDl>true</existDependencyGenerateInDDl>
<parsed>true</parsed>
<columns itemClass="oracle.dbtools.crest.model.design.relational.Column">
<Column name="plata" id="E8B0C31B-75B2-796E-E003-B8B1A0CB1713">
<createdBy>stefa</createdBy>
<createdTime>2023-11-13 22:22:38 UTC</createdTime>
<ownerDesignName>UI DOmaci</ownerDesignName>
<useDomainConstraints>false</useDomainConstraints>
<use>1</use>
<logicalDatatype>LOGDT027</logicalDatatype>
<ownDataTypeParameters>,,</ownDataTypeParameters>
<autoIncrementCycle>false</autoIncrementCycle>
</Column>
<Column name="bruto" id="959785B6-B89D-AD6F-C746-5C36DA802C4B">
<createdBy>stefa</createdBy>
<createdTime>2023-11-13 22:22:38 UTC</createdTime>
<ownerDesignName>UI DOmaci</ownerDesignName>
<nullsAllowed>true</nullsAllowed>
<useDomainConstraints>false</useDomainConstraints>
<use>1</use>
<logicalDatatype>LOGDT027</logicalDatatype>
<ownDataTypeParameters>,,</ownDataTypeParameters>
<autoIncrementCycle>false</autoIncrementCycle>
</Column>
<Column name="neto" id="19E010FD-58EC-A944-5E9D-98DDD152128D">
<createdBy>stefa</createdBy>
<createdTime>2023-11-13 22:22:38 UTC</createdTime>
<ownerDesignName>UI DOmaci</ownerDesignName>
<nullsAllowed>true</nullsAllowed>
<useDomainConstraints>false</useDomainConstraints>
<use>1</use>
<logicalDatatype>LOGDT027</logicalDatatype>
<ownDataTypeParameters>,,</ownDataTypeParameters>
<autoIncrementCycle>false</autoIncrementCycle>
</Column>
<Column name="period" id="5E2834CF-7C49-BDE8-AA2C-3F9F1EE861F5">
<createdBy>stefa</createdBy>
<createdTime>2023-11-13 22:22:38 UTC</createdTime>
<ownerDesignName>UI DOmaci</ownerDesignName>
<nullsAllowed>true</nullsAllowed>
<useDomainConstraints>false</useDomainConstraints>
<use>1</use>
<logicalDatatype>LOGDT008</logicalDatatype>
<ownDataTypeParameters>,,</ownDataTypeParameters>
<autoIncrementCycle>false</autoIncrementCycle>
</Column>
<Column name="Zaposleni_person_id" id="B2212822-971A-8FAF-4951-3D9C74EFCE57">
<createdBy>stefa</createdBy>
<createdTime>2023-11-13 22:23:08 UTC</createdTime>
<ownerDesignName>UI DOmaci</ownerDesignName>
<useDomainConstraints>false</useDomainConstraints>
<use>1</use>
<logicalDatatype>LOGDT027</logicalDatatype>
<ownDataTypeParameters>,,</ownDataTypeParameters>
<previousColumn>false</previousColumn>
<autoIncrementCycle>false</autoIncrementCycle>
<associations>
<colAssociation fkAssociation="D721E25D-6207-59FE-7133-8D466632815E" referredColumn="D5A6E847-7832-B361-21A0-F43267729A09"/>
</associations>
</Column>
<Column name="Isplata_bonusa_isplata_bonusa_id" id="23D5A334-62DE-1062-64F2-424C66034D09">
<createdBy>stefa</createdBy>
<createdTime>2023-12-04 21:36:26 UTC</createdTime>
<ownerDesignName>UI DOmaci</ownerDesignName>
<useDomainConstraints>false</useDomainConstraints>
<use>1</use>
<logicalDatatype>LOGDT027</logicalDatatype>
<ownDataTypeParameters>,,</ownDataTypeParameters>
<previousColumn>false</previousColumn>
<autoIncrementCycle>false</autoIncrementCycle>
<associations>
<colAssociation fkAssociation="18B65768-558E-DEB5-9550-45DB6AA12D5B" referredColumn="A68F0557-9E27-8559-80A0-7F29707F215C"/>
</associations>
</Column>
</columns>
<indexes itemClass="oracle.dbtools.crest.model.design.relational.Index">
<ind_PK_UK id="8D1BDF4A-613E-23CF-2089-D0602589C657" name="plata_PK">
<createdBy>stefa</createdBy>
<createdTime>2023-11-13 22:22:38 UTC</createdTime>
<ownerDesignName>UI DOmaci</ownerDesignName>
<pk>true</pk>
<indexState>Primary Constraint</indexState>
<isSurrogateKey>false</isSurrogateKey>
<indexColumnUsage>
<colUsage columnID="E8B0C31B-75B2-796E-E003-B8B1A0CB1713"/>
</indexColumnUsage>
</ind_PK_UK>
<ind_PK_UK id="10BDD2C4-B499-4E28-AC87-E718FF5E4620" name="isplata_plate_Zaposleni_FK">
<createdBy>stefa</createdBy>
<createdTime>2023-11-13 22:23:08 UTC</createdTime>
<ownerDesignName>UI DOmaci</ownerDesignName>
<indexState>Foreign Key</indexState>
<isSurrogateKey>false</isSurrogateKey>
<indexColumnUsage>
<colUsage columnID="B2212822-971A-8FAF-4951-3D9C74EFCE57"/>
</indexColumnUsage>
</ind_PK_UK>
<ind_PK_UK id="F5BE7E07-9CF0-3A8F-029D-1E64070EDEAF" name="isplata_plate_Isplata_bonusa_FK">
<createdBy>stefa</createdBy>
<createdTime>2023-12-04 21:36:26 UTC</createdTime>
<ownerDesignName>UI DOmaci</ownerDesignName>
<indexState>Foreign Key</indexState>
<isSurrogateKey>false</isSurrogateKey>
<indexColumnUsage>
<colUsage columnID="23D5A334-62DE-1062-64F2-424C66034D09"/>
</indexColumnUsage>
</ind_PK_UK>
</indexes>
</Table>