<?xml version = '1.0' encoding = 'UTF-8'?>
<Table class="oracle.dbtools.crest.model.design.relational.Table" directorySegmentName="seg_0" id="CD3F5875-93EA-A6B0-9EF7-8F072448FC58" name="Smenski_raspored">
<createdBy>stefa</createdBy>
<createdTime>2023-12-04 21:42:41 UTC</createdTime>
<ownerDesignName>UI DOmaci</ownerDesignName>
<ordsAlias>table_56</ordsAlias>
<allowColumnReorder>false</allowColumnReorder>
<existDependencyGenerateInDDl>true</existDependencyGenerateInDDl>
<parsed>true</parsed>
<columns itemClass="oracle.dbtools.crest.model.design.relational.Column">
<Column name="smenski_raspored_id" id="E58DD5B8-603B-7CF3-2E54-59B8AB8028EE">
<createdBy>stefa</createdBy>
<createdTime>2023-12-04 21:43:41 UTC</createdTime>
<ownerDesignName>UI DOmaci</ownerDesignName>
<useDomainConstraints>false</useDomainConstraints>
<use>1</use>
<logicalDatatype>LOGDT027</logicalDatatype>
<ownDataTypeParameters>,,</ownDataTypeParameters>
<autoIncrementCycle>false</autoIncrementCycle>
</Column>
<Column name="pocetak" id="C61A7F89-9EAA-818F-9A9A-480A53D3106F">
<createdBy>stefa</createdBy>
<createdTime>2023-12-04 21:43:41 UTC</createdTime>
<ownerDesignName>UI DOmaci</ownerDesignName>
<nullsAllowed>true</nullsAllowed>
<useDomainConstraints>false</useDomainConstraints>
<use>1</use>
<logicalDatatype>LOGDT007</logicalDatatype>
<ownDataTypeParameters>,,</ownDataTypeParameters>
<autoIncrementCycle>false</autoIncrementCycle>
</Column>
<Column name="kraj" id="D8DD3D30-7761-93BE-858A-5A130EDB3FF8">
<createdBy>stefa</createdBy>
<createdTime>2023-12-04 21:43:41 UTC</createdTime>
<ownerDesignName>UI DOmaci</ownerDesignName>
<nullsAllowed>true</nullsAllowed>
<useDomainConstraints>false</useDomainConstraints>
<use>1</use>
<logicalDatatype>LOGDT007</logicalDatatype>
<ownDataTypeParameters>,,</ownDataTypeParameters>
<autoIncrementCycle>false</autoIncrementCycle>
</Column>
<Column name="Tip_smene_tip_smene_id" id="AE6D0831-FFF0-5554-F729-C8B0962E5F11">
<createdBy>stefa</createdBy>
<createdTime>2023-12-04 21:44:12 UTC</createdTime>
<ownerDesignName>UI DOmaci</ownerDesignName>
<useDomainConstraints>false</useDomainConstraints>
<use>1</use>
<logicalDatatype>LOGDT027</logicalDatatype>
<ownDataTypeParameters>,,</ownDataTypeParameters>
<previousColumn>false</previousColumn>
<autoIncrementCycle>false</autoIncrementCycle>
<associations>
<colAssociation fkAssociation="FBD112E9-A801-2C05-4AF6-182BD059C10F" referredColumn="8BBFFECB-EF4C-B906-D78B-221375F8A8FB"/>
</associations>
</Column>
<Column name="Zaposleni_person_id" id="0B8796B8-29ED-4AF7-D8E7-9C10E9EB11DB">
<createdBy>stefa</createdBy>
<createdTime>2023-12-04 21:44:21 UTC</createdTime>
<ownerDesignName>UI DOmaci</ownerDesignName>
<useDomainConstraints>false</useDomainConstraints>
<use>1</use>
<logicalDatatype>LOGDT027</logicalDatatype>
<ownDataTypeParameters>,,</ownDataTypeParameters>
<previousColumn>false</previousColumn>
<autoIncrementCycle>false</autoIncrementCycle>
<associations>
<colAssociation fkAssociation="C0C155AE-8775-E5FC-847F-8934DF606C89" referredColumn="D5A6E847-7832-B361-21A0-F43267729A09"/>
</associations>
</Column>
<Column name="Odeljenje_floor_id" id="BC8C988C-303A-9CB7-D17F-7BF79D2B049E">
<createdBy>stefa</createdBy>
<createdTime>2023-12-04 21:46:12 UTC</createdTime>
<ownerDesignName>UI DOmaci</ownerDesignName>
<useDomainConstraints>false</useDomainConstraints>
<use>1</use>
<logicalDatatype>LOGDT027</logicalDatatype>
<ownDataTypeParameters>,,</ownDataTypeParameters>
<previousColumn>false</previousColumn>
<autoIncrementCycle>false</autoIncrementCycle>
<associations>
<colAssociation fkAssociation="D7908EE7-7F46-FC96-AC31-ED1D5323D014" referredColumn="3D74757A-9815-E72C-F4FE-A27DA10E02FF"/>
</associations>
</Column>
</columns>
<indexes itemClass="oracle.dbtools.crest.model.design.relational.Index">
<ind_PK_UK id="04D863DF-7571-C939-C2AD-9AA0CF902CDF" name="Smenski_raspored_PK">
<createdBy>stefa</createdBy>
<createdTime>2023-12-04 21:43:41 UTC</createdTime>
<ownerDesignName>UI DOmaci</ownerDesignName>
<pk>true</pk>
<indexState>Primary Constraint</indexState>
<isSurrogateKey>false</isSurrogateKey>
<indexColumnUsage>
<colUsage columnID="E58DD5B8-603B-7CF3-2E54-59B8AB8028EE"/>
</indexColumnUsage>
</ind_PK_UK>
<ind_PK_UK id="9862804C-88A9-6CF5-D37F-4F66A631B3B0" name="Smenski_raspored_Tip_smene_FK">
<createdBy>stefa</createdBy>
<createdTime>2023-12-04 21:44:12 UTC</createdTime>
<ownerDesignName>UI DOmaci</ownerDesignName>
<indexState>Foreign Key</indexState>
<isSurrogateKey>false</isSurrogateKey>
<indexColumnUsage>
<colUsage columnID="AE6D0831-FFF0-5554-F729-C8B0962E5F11"/>
</indexColumnUsage>
</ind_PK_UK>
<ind_PK_UK id="DFB9AB5A-F825-D189-3424-33728C9532A6" name="Smenski_raspored_Zaposleni_FK">
<createdBy>stefa</createdBy>
<createdTime>2023-12-04 21:44:21 UTC</createdTime>
<ownerDesignName>UI DOmaci</ownerDesignName>
<indexState>Foreign Key</indexState>
<isSurrogateKey>false</isSurrogateKey>
<indexColumnUsage>
<colUsage columnID="0B8796B8-29ED-4AF7-D8E7-9C10E9EB11DB"/>
</indexColumnUsage>
</ind_PK_UK>
<ind_PK_UK id="3AC69BE1-D834-815A-1B93-F7E0F3F0A851" name="Smenski_raspored_Odeljenje_FK">
<createdBy>stefa</createdBy>
<createdTime>2023-12-04 21:46:12 UTC</createdTime>
<ownerDesignName>UI DOmaci</ownerDesignName>
<indexState>Foreign Key</indexState>
<isSurrogateKey>false</isSurrogateKey>
<indexColumnUsage>
<colUsage columnID="BC8C988C-303A-9CB7-D17F-7BF79D2B049E"/>
</indexColumnUsage>
</ind_PK_UK>
</indexes>
</Table>