<?xml version = '1.0' encoding = 'UTF-8'?>
<Table class="oracle.dbtools.crest.model.design.relational.Table" directorySegmentName="seg_0" id="CF855A6C-DD4A-2295-B80D-7C509C2059D7" name="Troskovi_lecenja">
<createdBy>stefa</createdBy>
<createdTime>2023-12-04 22:06:35 UTC</createdTime>
<ownerDesignName>UI DOmaci</ownerDesignName>
<ordsAlias>table_65</ordsAlias>
<allowColumnReorder>false</allowColumnReorder>
<existDependencyGenerateInDDl>true</existDependencyGenerateInDDl>
<parsed>true</parsed>
<columns itemClass="oracle.dbtools.crest.model.design.relational.Column">
<Column name="troskovi_lecenje_id" id="93B4924C-8250-5264-13D5-D770F3B5B5A7">
<createdBy>stefa</createdBy>
<createdTime>2023-12-04 22:07:48 UTC</createdTime>
<ownerDesignName>UI DOmaci</ownerDesignName>
<useDomainConstraints>false</useDomainConstraints>
<use>1</use>
<logicalDatatype>LOGDT027</logicalDatatype>
<ownDataTypeParameters>,,</ownDataTypeParameters>
<autoIncrementCycle>false</autoIncrementCycle>
</Column>
<Column name="Pacijent_patient_id" id="8E0B60C8-6C4D-D2AB-B0D6-6327DC17D35F">
<createdBy>stefa</createdBy>
<createdTime>2023-12-04 22:08:51 UTC</createdTime>
<ownerDesignName>UI DOmaci</ownerDesignName>
<useDomainConstraints>false</useDomainConstraints>
<use>1</use>
<logicalDatatype>LOGDT027</logicalDatatype>
<ownDataTypeParameters>,,</ownDataTypeParameters>
<previousColumn>false</previousColumn>
<autoIncrementCycle>false</autoIncrementCycle>
<associations>
<colAssociation fkAssociation="C53C757D-2DD0-5A05-EFF3-0E40BC354FAE" referredColumn="C769D8C3-CE98-B779-F610-0A0C7CFEE0D5"/>
</associations>
</Column>
<Column name="Izvestaj_visit_id" id="721EB833-00F7-94D3-3806-33FF78D9B497">
<createdBy>stefa</createdBy>
<createdTime>2023-12-04 22:09:02 UTC</createdTime>
<ownerDesignName>UI DOmaci</ownerDesignName>
<useDomainConstraints>false</useDomainConstraints>
<use>1</use>
<logicalDatatype>LOGDT027</logicalDatatype>
<ownDataTypeParameters>,,</ownDataTypeParameters>
<previousColumn>false</previousColumn>
<autoIncrementCycle>false</autoIncrementCycle>
<associations>
<colAssociation fkAssociation="E16BDD45-4A2A-06BC-B1D0-0A4AE329574B" referredColumn="762FC2EE-66BF-E69A-CB2F-467CCB6508FD"/>
</associations>
</Column>
</columns>
<indexes itemClass="oracle.dbtools.crest.model.design.relational.Index">
<ind_PK_UK id="DC71E61A-2DC8-D792-4308-5AA67F99C01B" name="Troskovi_lecenja_PK">
<createdBy>stefa</createdBy>
<createdTime>2023-12-04 22:07:48 UTC</createdTime>
<ownerDesignName>UI DOmaci</ownerDesignName>
<pk>true</pk>
<indexState>Primary Constraint</indexState>
<isSurrogateKey>false</isSurrogateKey>
<indexColumnUsage>
<colUsage columnID="93B4924C-8250-5264-13D5-D770F3B5B5A7"/>
</indexColumnUsage>
</ind_PK_UK>
<ind_PK_UK id="E5F54434-A2E5-B73C-87FA-5AE2F835954A" name="Troskovi_lecenja_Pacijent_FK">
<createdBy>stefa</createdBy>
<createdTime>2023-12-04 22:08:51 UTC</createdTime>
<ownerDesignName>UI DOmaci</ownerDesignName>
<indexState>Foreign Key</indexState>
<isSurrogateKey>false</isSurrogateKey>
<indexColumnUsage>
<colUsage columnID="8E0B60C8-6C4D-D2AB-B0D6-6327DC17D35F"/>
</indexColumnUsage>
</ind_PK_UK>
<ind_PK_UK id="0A89E620-E03F-C06E-4791-E7EB6890C76E" name="Troskovi_lecenja_Izvestaj_FK">
<createdBy>stefa</createdBy>
<createdTime>2023-12-04 22:09:02 UTC</createdTime>
<ownerDesignName>UI DOmaci</ownerDesignName>
<indexState>Foreign Key</indexState>
<isSurrogateKey>false</isSurrogateKey>
<indexColumnUsage>
<colUsage columnID="721EB833-00F7-94D3-3806-33FF78D9B497"/>
</indexColumnUsage>
</ind_PK_UK>
</indexes>
</Table>