<?xml version = '1.0' encoding = 'UTF-8'?>
<Table class="oracle.dbtools.crest.model.design.relational.Table" directorySegmentName="seg_0" id="D33E9B32-5ACE-5259-B5CF-F07B6F31EB7A" name="Dijagnoza">
<createdBy>stefa</createdBy>
<createdTime>2023-11-13 21:52:42 UTC</createdTime>
<ownerDesignName>UI DOmaci</ownerDesignName>
<ordsAlias>table_46</ordsAlias>
<allowColumnReorder>false</allowColumnReorder>
<existDependencyGenerateInDDl>true</existDependencyGenerateInDDl>
<parsed>true</parsed>
<columns itemClass="oracle.dbtools.crest.model.design.relational.Column">
<Column name="dijagnoza_id" id="12070CDF-08E0-56B4-2371-45D74C3489F5">
<createdBy>stefa</createdBy>
<createdTime>2023-11-13 21:53:04 UTC</createdTime>
<ownerDesignName>UI DOmaci</ownerDesignName>
<useDomainConstraints>false</useDomainConstraints>
<use>1</use>
<logicalDatatype>LOGDT027</logicalDatatype>
<ownDataTypeParameters>,,</ownDataTypeParameters>
<autoIncrementCycle>false</autoIncrementCycle>
</Column>
<Column name="opis" id="1EB1C765-C1F9-01A6-3FB2-897DE4748F40">
<createdBy>stefa</createdBy>
<createdTime>2023-11-13 21:53:04 UTC</createdTime>
<ownerDesignName>UI DOmaci</ownerDesignName>
<nullsAllowed>true</nullsAllowed>
<useDomainConstraints>false</useDomainConstraints>
<use>1</use>
<logicalDatatype>LOGDT024</logicalDatatype>
<ownDataTypeParameters>,,</ownDataTypeParameters>
<autoIncrementCycle>false</autoIncrementCycle>
</Column>
</columns>
<indexes itemClass="oracle.dbtools.crest.model.design.relational.Index">
<ind_PK_UK id="0A6398A7-865E-EFA2-6413-255FD562A3D9" name="Dijagnoza_PK">
<createdBy>stefa</createdBy>
<createdTime>2023-11-13 21:53:04 UTC</createdTime>
<ownerDesignName>UI DOmaci</ownerDesignName>
<pk>true</pk>
<indexState>Primary Constraint</indexState>
<isSurrogateKey>false</isSurrogateKey>
<indexColumnUsage>
<colUsage columnID="12070CDF-08E0-56B4-2371-45D74C3489F5"/>
</indexColumnUsage>
</ind_PK_UK>
</indexes>
</Table>