<?xml version = '1.0' encoding = 'UTF-8'?>
<Table class="oracle.dbtools.crest.model.design.relational.Table" directorySegmentName="seg_0" id="DCF2946C-8C65-0309-E6D7-A9505FD3A678" name="Tip_uputa">
<createdBy>stefa</createdBy>
<createdTime>2023-12-04 22:03:37 UTC</createdTime>
<ownerDesignName>UI DOmaci</ownerDesignName>
<ordsAlias>table_63</ordsAlias>
<allowColumnReorder>false</allowColumnReorder>
<existDependencyGenerateInDDl>true</existDependencyGenerateInDDl>
<parsed>true</parsed>
<columns itemClass="oracle.dbtools.crest.model.design.relational.Column">
<Column name="tip_uputa_id" id="385C6636-84F8-11B8-9B1A-3FFB966FCF78">
<createdBy>stefa</createdBy>
<createdTime>2023-12-04 22:04:07 UTC</createdTime>
<ownerDesignName>UI DOmaci</ownerDesignName>
<useDomainConstraints>false</useDomainConstraints>
<use>1</use>
<logicalDatatype>LOGDT027</logicalDatatype>
<ownDataTypeParameters>,,</ownDataTypeParameters>
<autoIncrementCycle>false</autoIncrementCycle>
</Column>
<Column name="naziv" id="510B0F38-5504-441A-547D-964D0B2A42C1">
<createdBy>stefa</createdBy>
<createdTime>2023-12-04 22:04:07 UTC</createdTime>
<ownerDesignName>UI DOmaci</ownerDesignName>
<nullsAllowed>true</nullsAllowed>
<useDomainConstraints>false</useDomainConstraints>
<use>1</use>
<logicalDatatype>LOGDT024</logicalDatatype>
<ownDataTypeParameters>,,</ownDataTypeParameters>
<autoIncrementCycle>false</autoIncrementCycle>
</Column>
</columns>
<indexes itemClass="oracle.dbtools.crest.model.design.relational.Index">
<ind_PK_UK id="830CD288-949D-BDE4-6845-48360146CB12" name="Tip_uputa_PK">
<createdBy>stefa</createdBy>
<createdTime>2023-12-04 22:04:07 UTC</createdTime>
<ownerDesignName>UI DOmaci</ownerDesignName>
<pk>true</pk>
<indexState>Primary Constraint</indexState>
<isSurrogateKey>false</isSurrogateKey>
<indexColumnUsage>
<colUsage columnID="385C6636-84F8-11B8-9B1A-3FFB966FCF78"/>
</indexColumnUsage>
</ind_PK_UK>
</indexes>
</Table>