<?xml version = '1.0' encoding = 'UTF-8'?>
<Table class="oracle.dbtools.crest.model.design.relational.Table" directorySegmentName="seg_0" id="E0EB24FE-185E-7047-E964-08C31EC40327" name="tip_izvestaja">
<createdBy>stefa</createdBy>
<createdTime>2023-11-13 21:33:17 UTC</createdTime>
<ownerDesignName>UI DOmaci</ownerDesignName>
<ordsAlias>table_41</ordsAlias>
<allowColumnReorder>false</allowColumnReorder>
<existDependencyGenerateInDDl>true</existDependencyGenerateInDDl>
<parsed>true</parsed>
<columns itemClass="oracle.dbtools.crest.model.design.relational.Column">
<Column name="tip_izvestaja_id" id="97D8A387-394C-D335-E9D8-AA45E1A5A89C">
<createdBy>stefa</createdBy>
<createdTime>2023-11-13 21:33:50 UTC</createdTime>
<ownerDesignName>UI DOmaci</ownerDesignName>
<useDomainConstraints>false</useDomainConstraints>
<use>1</use>
<logicalDatatype>LOGDT027</logicalDatatype>
<ownDataTypeParameters>,,</ownDataTypeParameters>
<autoIncrementCycle>false</autoIncrementCycle>
</Column>
<Column name="opis" id="84F6E5FB-92F6-F8E2-9715-67E2D930EE63">
<createdBy>stefa</createdBy>
<createdTime>2023-11-13 21:36:14 UTC</createdTime>
<ownerDesignName>UI DOmaci</ownerDesignName>
<nullsAllowed>true</nullsAllowed>
<useDomainConstraints>false</useDomainConstraints>
<use>1</use>
<logicalDatatype>LOGDT024</logicalDatatype>
<ownDataTypeParameters>,,</ownDataTypeParameters>
<autoIncrementCycle>false</autoIncrementCycle>
</Column>
</columns>
<indexes itemClass="oracle.dbtools.crest.model.design.relational.Index">
<ind_PK_UK id="2E69CC66-1378-1D15-FBBD-C63ABD55FD8A" name="tip_izvestaja_PK">
<createdBy>stefa</createdBy>
<createdTime>2023-11-13 21:33:50 UTC</createdTime>
<ownerDesignName>UI DOmaci</ownerDesignName>
<pk>true</pk>
<indexState>Primary Constraint</indexState>
<isSurrogateKey>false</isSurrogateKey>
<indexColumnUsage>
<colUsage columnID="97D8A387-394C-D335-E9D8-AA45E1A5A89C"/>
</indexColumnUsage>
</ind_PK_UK>
</indexes>
</Table>