<?xml version = '1.0' encoding = 'UTF-8'?>
<Table class="oracle.dbtools.crest.model.design.relational.Table" directorySegmentName="seg_0" id="E69BCB7C-3D54-18EC-31B4-C96D239FA58C" name="Sertifikat">
<createdBy>stefa</createdBy>
<createdTime>2023-11-06 21:49:27 UTC</createdTime>
<ownerDesignName>UI DOmaci</ownerDesignName>
<ordsAlias>table_34</ordsAlias>
<allowColumnReorder>false</allowColumnReorder>
<existDependencyGenerateInDDl>true</existDependencyGenerateInDDl>
<parsed>true</parsed>
<columns itemClass="oracle.dbtools.crest.model.design.relational.Column">
<Column name="sertifikat_id" id="40C665C4-24BB-8116-197D-89B4F3D67C6E">
<createdBy>stefa</createdBy>
<createdTime>2023-11-06 21:51:51 UTC</createdTime>
<ownerDesignName>UI DOmaci</ownerDesignName>
<useDomainConstraints>false</useDomainConstraints>
<use>1</use>
<logicalDatatype>LOGDT027</logicalDatatype>
<ownDataTypeParameters>,,</ownDataTypeParameters>
<autoIncrementCycle>false</autoIncrementCycle>
</Column>
<Column name="datum_obnove" id="1BE7EA2B-3BA2-28C2-42C2-D98D87B3EAE5">
<createdBy>stefa</createdBy>
<createdTime>2023-11-06 21:51:51 UTC</createdTime>
<ownerDesignName>UI DOmaci</ownerDesignName>
<nullsAllowed>true</nullsAllowed>
<useDomainConstraints>false</useDomainConstraints>
<use>1</use>
<logicalDatatype>LOGDT007</logicalDatatype>
<ownDataTypeParameters>,,</ownDataTypeParameters>
<autoIncrementCycle>false</autoIncrementCycle>
</Column>
<Column name="Tip_sertifikata_tip_sertifikata_id" id="7E3FB9B4-D4AC-3958-F110-030BDC1566CC">
<createdBy>stefa</createdBy>
<createdTime>2023-11-06 21:52:33 UTC</createdTime>
<ownerDesignName>UI DOmaci</ownerDesignName>
<useDomainConstraints>false</useDomainConstraints>
<use>1</use>
<logicalDatatype>LOGDT027</logicalDatatype>
<ownDataTypeParameters>,,</ownDataTypeParameters>
<previousColumn>false</previousColumn>
<autoIncrementCycle>false</autoIncrementCycle>
<associations>
<colAssociation fkAssociation="1BF4558B-DEB6-1D44-C786-9A07C778F4DB" referredColumn="9BD0EF27-ED47-D1D8-02E7-863690618EBC"/>
</associations>
</Column>
</columns>
<indexes itemClass="oracle.dbtools.crest.model.design.relational.Index">
<ind_PK_UK id="FC69A44C-7DF5-1DFD-81BE-E3AF55300AB0" name="Sertifikat_PK">
<createdBy>stefa</createdBy>
<createdTime>2023-11-06 21:51:51 UTC</createdTime>
<ownerDesignName>UI DOmaci</ownerDesignName>
<pk>true</pk>
<indexState>Primary Constraint</indexState>
<isSurrogateKey>false</isSurrogateKey>
<indexColumnUsage>
<colUsage columnID="40C665C4-24BB-8116-197D-89B4F3D67C6E"/>
</indexColumnUsage>
</ind_PK_UK>
<ind_PK_UK id="B3A704C0-1116-175F-ED6F-FE0A8184CE37" name="Sertifikat_Tip_sertifikata_FK">
<createdBy>stefa</createdBy>
<createdTime>2023-11-06 21:52:33 UTC</createdTime>
<ownerDesignName>UI DOmaci</ownerDesignName>
<indexState>Foreign Key</indexState>
<isSurrogateKey>false</isSurrogateKey>
<indexColumnUsage>
<colUsage columnID="7E3FB9B4-D4AC-3958-F110-030BDC1566CC"/>
</indexColumnUsage>
</ind_PK_UK>
</indexes>
</Table>