<?xml version = '1.0' encoding = 'UTF-8'?>
<Table class="oracle.dbtools.crest.model.design.relational.Table" directorySegmentName="seg_0" id="EFE7DDE4-F7F6-727A-414C-8616434069C2" name="Istorija_pripadanja">
<createdBy>stefa</createdBy>
<createdTime>2023-11-06 21:18:13 UTC</createdTime>
<ownerDesignName>UI DOmaci</ownerDesignName>
<ordsAlias>table_24</ordsAlias>
<allowColumnReorder>false</allowColumnReorder>
<existDependencyGenerateInDDl>true</existDependencyGenerateInDDl>
<parsed>true</parsed>
<columns itemClass="oracle.dbtools.crest.model.design.relational.Column">
<Column name="istorija_pripadanja_id" id="C087C216-9239-8422-EDC6-2B7F77F85D15">
<createdBy>stefa</createdBy>
<createdTime>2023-11-06 21:18:54 UTC</createdTime>
<ownerDesignName>UI DOmaci</ownerDesignName>
<useDomainConstraints>false</useDomainConstraints>
<use>1</use>
<logicalDatatype>LOGDT027</logicalDatatype>
<ownDataTypeParameters>,,</ownDataTypeParameters>
<autoIncrementCycle>false</autoIncrementCycle>
</Column>
<Column name="pocetak" id="E757F116-D83D-4D11-F632-7750EA849F68">
<createdBy>stefa</createdBy>
<createdTime>2023-11-06 21:18:54 UTC</createdTime>
<ownerDesignName>UI DOmaci</ownerDesignName>
<nullsAllowed>true</nullsAllowed>
<useDomainConstraints>false</useDomainConstraints>
<use>1</use>
<logicalDatatype>LOGDT007</logicalDatatype>
<ownDataTypeParameters>,,</ownDataTypeParameters>
<autoIncrementCycle>false</autoIncrementCycle>
</Column>
<Column name="Objekti_facilitie_id" id="FADAC946-5272-445C-D7C1-BF115287E544">
<createdBy>stefa</createdBy>
<createdTime>2023-11-06 21:19:14 UTC</createdTime>
<ownerDesignName>UI DOmaci</ownerDesignName>
<useDomainConstraints>false</useDomainConstraints>
<use>1</use>
<logicalDatatype>LOGDT027</logicalDatatype>
<ownDataTypeParameters>,,</ownDataTypeParameters>
<previousColumn>false</previousColumn>
<autoIncrementCycle>false</autoIncrementCycle>
<associations>
<colAssociation fkAssociation="C7783223-2842-592E-5D52-02F2C1B74F3C" referredColumn="167C5615-BA31-3FB9-4C74-0A05E51263D6"/>
</associations>
</Column>
<Column name="Klinicki_centar_clinical_center_id" id="CEBD75B5-3DC8-65BB-EEE9-A843E5925D56">
<createdBy>stefa</createdBy>
<createdTime>2023-11-06 21:19:26 UTC</createdTime>
<ownerDesignName>UI DOmaci</ownerDesignName>
<useDomainConstraints>false</useDomainConstraints>
<use>1</use>
<ownDataTypeParameters>,,</ownDataTypeParameters>
<previousColumn>false</previousColumn>
<autoIncrementCycle>false</autoIncrementCycle>
<associations>
<colAssociation fkAssociation="90B8871F-48FD-6A9A-B6D2-DD377C1791F9" referredColumn="2C1E2F7E-BB69-865F-F64C-0140048CC3FC"/>
</associations>
</Column>
<Column name="zavrsetak" id="6B7ABC28-211E-E07F-A6BC-02BEAF471786">
<createdBy>stefa</createdBy>
<createdTime>2023-11-06 21:20:15 UTC</createdTime>
<ownerDesignName>UI DOmaci</ownerDesignName>
<nullsAllowed>true</nullsAllowed>
<useDomainConstraints>false</useDomainConstraints>
<use>1</use>
<logicalDatatype>LOGDT007</logicalDatatype>
<ownDataTypeParameters>,,</ownDataTypeParameters>
<autoIncrementCycle>false</autoIncrementCycle>
</Column>
</columns>
<indexes itemClass="oracle.dbtools.crest.model.design.relational.Index">
<ind_PK_UK id="34B10B41-0D71-85BD-BFEC-91A9CF256B58" name="Istorija_pripadanja_PK">
<createdBy>stefa</createdBy>
<createdTime>2023-11-06 21:18:54 UTC</createdTime>
<ownerDesignName>UI DOmaci</ownerDesignName>
<pk>true</pk>
<indexState>Primary Constraint</indexState>
<isSurrogateKey>false</isSurrogateKey>
<indexColumnUsage>
<colUsage columnID="C087C216-9239-8422-EDC6-2B7F77F85D15"/>
</indexColumnUsage>
</ind_PK_UK>
<ind_PK_UK id="27FDFB88-8EE7-32C2-7FFC-C20E3508975E" name="Istorija_pripadanja_Objekti_FK">
<createdBy>stefa</createdBy>
<createdTime>2023-11-06 21:19:14 UTC</createdTime>
<ownerDesignName>UI DOmaci</ownerDesignName>
<indexState>Foreign Key</indexState>
<isSurrogateKey>false</isSurrogateKey>
<indexColumnUsage>
<colUsage columnID="FADAC946-5272-445C-D7C1-BF115287E544"/>
</indexColumnUsage>
</ind_PK_UK>
<ind_PK_UK id="4B0667FA-7221-6357-BD5D-BC419A922BF9" name="Istorija_pripadanja_Klinicki_centar_FK">
<createdBy>stefa</createdBy>
<createdTime>2023-11-06 21:19:26 UTC</createdTime>
<ownerDesignName>UI DOmaci</ownerDesignName>
<indexState>Foreign Key</indexState>
<isSurrogateKey>false</isSurrogateKey>
<indexColumnUsage>
<colUsage columnID="CEBD75B5-3DC8-65BB-EEE9-A843E5925D56"/>
</indexColumnUsage>
</ind_PK_UK>
</indexes>
</Table>