<?xml version = '1.0' encoding = 'UTF-8'?>
<Table class="oracle.dbtools.crest.model.design.relational.Table" directorySegmentName="seg_0" id="F1790E01-A821-FC42-6E67-9C0A8DD27897" name="Naplata_izvrsenja_procedure">
<createdBy>stefa</createdBy>
<createdTime>2023-12-11 21:42:03 UTC</createdTime>
<ownerDesignName>UI DOmaci</ownerDesignName>
<ordsAlias>table_63</ordsAlias>
<allowColumnReorder>false</allowColumnReorder>
<existDependencyGenerateInDDl>true</existDependencyGenerateInDDl>
<parsed>true</parsed>
<columns itemClass="oracle.dbtools.crest.model.design.relational.Column">
<Column name="nap_izvrs_proc_id" id="54D7F19E-0DD1-E1CA-52CE-38CE5C9483A5">
<createdBy>stefa</createdBy>
<createdTime>2023-12-11 21:42:33 UTC</createdTime>
<ownerDesignName>UI DOmaci</ownerDesignName>
<useDomainConstraints>false</useDomainConstraints>
<use>1</use>
<logicalDatatype>LOGDT027</logicalDatatype>
<ownDataTypeParameters>,,</ownDataTypeParameters>
<autoIncrementCycle>false</autoIncrementCycle>
</Column>
<Column name="Izvrsenje_procedure_id_izvrsenja" id="382E23ED-AD1A-9816-CAE1-FD67B9F8BD61">
<createdBy>stefa</createdBy>
<createdTime>2023-12-11 21:42:40 UTC</createdTime>
<ownerDesignName>UI DOmaci</ownerDesignName>
<useDomainConstraints>false</useDomainConstraints>
<use>1</use>
<logicalDatatype>LOGDT027</logicalDatatype>
<ownDataTypeParameters>,,</ownDataTypeParameters>
<previousColumn>false</previousColumn>
<autoIncrementCycle>false</autoIncrementCycle>
<associations>
<colAssociation fkAssociation="6F5E84A8-5EEC-8AB5-0CED-3EF0648DB3D1" referredColumn="A3FD10DE-4064-7790-6F52-FAB3CD29567D"/>
</associations>
</Column>
<Column name="Racun_racun_id" id="58CFE8EA-9AFB-077E-CEF4-ECFF616A8D1E">
<createdBy>stefa</createdBy>
<createdTime>2023-12-11 21:43:10 UTC</createdTime>
<ownerDesignName>UI DOmaci</ownerDesignName>
<useDomainConstraints>false</useDomainConstraints>
<use>1</use>
<logicalDatatype>LOGDT027</logicalDatatype>
<ownDataTypeParameters>,,</ownDataTypeParameters>
<previousColumn>false</previousColumn>
<autoIncrementCycle>false</autoIncrementCycle>
<associations>
<colAssociation fkAssociation="78AFB86C-7B32-B0AC-D513-7073938D5507" referredColumn="776A509F-CE7A-EF74-FBE5-29644C851F47"/>
</associations>
</Column>
<Column name="vreme" id="20EB78D6-EAE7-CF7C-EB09-E3B9F98E471B">
<createdBy>stefa</createdBy>
<createdTime>2023-12-11 21:43:53 UTC</createdTime>
<ownerDesignName>UI DOmaci</ownerDesignName>
<nullsAllowed>true</nullsAllowed>
<useDomainConstraints>false</useDomainConstraints>
<use>1</use>
<logicalDatatype>LOGDT007</logicalDatatype>
<ownDataTypeParameters>,,</ownDataTypeParameters>
<autoIncrementCycle>false</autoIncrementCycle>
</Column>
<Column name="pokrice_osiguranja" id="15522390-B5A0-19B5-59CC-713B8C1696AB">
<createdBy>stefa</createdBy>
<createdTime>2023-12-11 21:43:53 UTC</createdTime>
<ownerDesignName>UI DOmaci</ownerDesignName>
<useDomainConstraints>false</useDomainConstraints>
<use>1</use>
<logicalDatatype>LOGDT021</logicalDatatype>
<ownDataTypeParameters>,,</ownDataTypeParameters>
<autoIncrementCycle>false</autoIncrementCycle>
</Column>
</columns>
<indexes itemClass="oracle.dbtools.crest.model.design.relational.Index">
<ind_PK_UK id="3F0336F9-1027-6DA7-887F-4E88B6482000" name="Naplata_izvrsenja_procedure_PK">
<createdBy>stefa</createdBy>
<createdTime>2023-12-11 21:42:33 UTC</createdTime>
<ownerDesignName>UI DOmaci</ownerDesignName>
<pk>true</pk>
<indexState>Primary Constraint</indexState>
<isSurrogateKey>false</isSurrogateKey>
<indexColumnUsage>
<colUsage columnID="54D7F19E-0DD1-E1CA-52CE-38CE5C9483A5"/>
</indexColumnUsage>
</ind_PK_UK>
<ind_PK_UK id="7515267F-8A23-35E9-EC09-DA005C2EB03F" name="Naplata_izvrsenja_procedure_Izvrsenje_procedure_FK">
<createdBy>stefa</createdBy>
<createdTime>2023-12-11 21:42:40 UTC</createdTime>
<ownerDesignName>UI DOmaci</ownerDesignName>
<indexState>Foreign Key</indexState>
<isSurrogateKey>false</isSurrogateKey>
<indexColumnUsage>
<colUsage columnID="382E23ED-AD1A-9816-CAE1-FD67B9F8BD61"/>
</indexColumnUsage>
</ind_PK_UK>
<ind_PK_UK id="3943C49D-FA2D-CB45-36B3-C919BE9226D6" name="Naplata_izvrsenja_procedure_Racun_FK">
<createdBy>stefa</createdBy>
<createdTime>2023-12-11 21:43:10 UTC</createdTime>
<ownerDesignName>UI DOmaci</ownerDesignName>
<indexState>Foreign Key</indexState>
<isSurrogateKey>false</isSurrogateKey>
<indexColumnUsage>
<colUsage columnID="58CFE8EA-9AFB-077E-CEF4-ECFF616A8D1E"/>
</indexColumnUsage>
</ind_PK_UK>
</indexes>
</Table>