<?xml version = '1.0' encoding = 'UTF-8'?>
<Table class="oracle.dbtools.crest.model.design.relational.Table" directorySegmentName="seg_0" id="F7D05C3B-7E94-AA76-650B-0C0EB7E1A7AD" name="Cenovnik">
<createdBy>stefa</createdBy>
<createdTime>2023-11-06 22:15:35 UTC</createdTime>
<ownerDesignName>UI DOmaci</ownerDesignName>
<ordsAlias>table_41</ordsAlias>
<allowColumnReorder>false</allowColumnReorder>
<existDependencyGenerateInDDl>true</existDependencyGenerateInDDl>
<parsed>true</parsed>
<columns itemClass="oracle.dbtools.crest.model.design.relational.Column">
<Column name="cenovnik_id" id="A15C9404-3612-88EE-EDA5-EFC69198C10B">
<createdBy>stefa</createdBy>
<createdTime>2023-11-06 22:17:00 UTC</createdTime>
<ownerDesignName>UI DOmaci</ownerDesignName>
<useDomainConstraints>false</useDomainConstraints>
<use>1</use>
<logicalDatatype>LOGDT027</logicalDatatype>
<ownDataTypeParameters>,,</ownDataTypeParameters>
<autoIncrementCycle>false</autoIncrementCycle>
</Column>
<Column name="cene" id="21EC61E2-5F59-71A3-3B1E-A298E49A8487">
<createdBy>stefa</createdBy>
<createdTime>2023-11-06 22:17:00 UTC</createdTime>
<ownerDesignName>UI DOmaci</ownerDesignName>
<nullsAllowed>true</nullsAllowed>
<useDomainConstraints>false</useDomainConstraints>
<use>1</use>
<logicalDatatype>LOGDT024</logicalDatatype>
<ownDataTypeParameters>,,</ownDataTypeParameters>
<autoIncrementCycle>false</autoIncrementCycle>
</Column>
</columns>
<indexes itemClass="oracle.dbtools.crest.model.design.relational.Index">
<ind_PK_UK id="42B60C00-2509-500A-B3A5-A51AEF16E349" name="Cenovnik_PK">
<createdBy>stefa</createdBy>
<createdTime>2023-11-06 22:17:00 UTC</createdTime>
<ownerDesignName>UI DOmaci</ownerDesignName>
<pk>true</pk>
<indexState>Primary Constraint</indexState>
<isSurrogateKey>false</isSurrogateKey>
<indexColumnUsage>
<colUsage columnID="A15C9404-3612-88EE-EDA5-EFC69198C10B"/>
</indexColumnUsage>
</ind_PK_UK>
</indexes>
</Table>