<?xml version = '1.0' encoding = 'UTF-8'?>
<Table class="oracle.dbtools.crest.model.design.relational.Table" directorySegmentName="seg_0" id="FA8E9D59-3422-0621-7017-75B20561B6D9" name="Odeljenje">
<createdBy>stefa</createdBy>
<createdTime>2023-10-06 13:31:34 UTC</createdTime>
<ownerDesignName>UI DOmaci</ownerDesignName>
<ordsAlias>table_8</ordsAlias>
<allowColumnReorder>false</allowColumnReorder>
<existDependencyGenerateInDDl>true</existDependencyGenerateInDDl>
<parsed>true</parsed>
<columns itemClass="oracle.dbtools.crest.model.design.relational.Column">
<Column name="floor_id" id="3D74757A-9815-E72C-F4FE-A27DA10E02FF">
<createdBy>stefa</createdBy>
<createdTime>2023-10-06 13:37:12 UTC</createdTime>
<ownerDesignName>UI DOmaci</ownerDesignName>
<useDomainConstraints>false</useDomainConstraints>
<use>1</use>
<logicalDatatype>LOGDT027</logicalDatatype>
<ownDataTypeParameters>,,</ownDataTypeParameters>
<autoIncrementCycle>false</autoIncrementCycle>
</Column>
<Column name="floor_number" id="EDA64175-E458-5707-EE63-F9E6AA41222B">
<createdBy>stefa</createdBy>
<createdTime>2023-10-06 13:37:28 UTC</createdTime>
<ownerDesignName>UI DOmaci</ownerDesignName>
<useDomainConstraints>false</useDomainConstraints>
<use>1</use>
<logicalDatatype>LOGDT027</logicalDatatype>
<ownDataTypeParameters>,,</ownDataTypeParameters>
<autoIncrementCycle>false</autoIncrementCycle>
</Column>
<Column name="Hospital_hostpital_id" id="3DCFFE6C-D2B4-EC69-79D6-5DD37298BD90">
<createdBy>stefa</createdBy>
<createdTime>2023-10-06 13:48:45 UTC</createdTime>
<ownerDesignName>UI DOmaci</ownerDesignName>
<useDomainConstraints>false</useDomainConstraints>
<use>1</use>
<logicalDatatype>LOGDT027</logicalDatatype>
<ownDataTypeParameters>,,</ownDataTypeParameters>
<previousColumn>false</previousColumn>
<autoIncrementCycle>false</autoIncrementCycle>
<associations>
<colAssociation fkAssociation="FB3012BB-5294-27A1-8645-4BEFE99B39D2" referredColumn="A14ED1D6-15C6-E113-B505-2FFAC7773084"/>
</associations>
</Column>
</columns>
<indexes itemClass="oracle.dbtools.crest.model.design.relational.Index">
<ind_PK_UK id="AB181C13-A790-B6E8-915F-E3FCE935C918" name="Floor_PK">
<createdBy>stefa</createdBy>
<createdTime>2023-10-06 13:37:12 UTC</createdTime>
<ownerDesignName>UI DOmaci</ownerDesignName>
<pk>true</pk>
<indexState>Primary Constraint</indexState>
<isSurrogateKey>false</isSurrogateKey>
<indexColumnUsage>
<colUsage columnID="3D74757A-9815-E72C-F4FE-A27DA10E02FF"/>
</indexColumnUsage>
</ind_PK_UK>
<ind_PK_UK id="BFCA99F4-CCBB-4A0A-309E-93610F5BCC4E" name="Floor_Hospital_FK">
<createdBy>stefa</createdBy>
<createdTime>2023-10-06 13:48:45 UTC</createdTime>
<ownerDesignName>UI DOmaci</ownerDesignName>
<indexState>Foreign Key</indexState>
<isSurrogateKey>false</isSurrogateKey>
<indexColumnUsage>
<colUsage columnID="3DCFFE6C-D2B4-EC69-79D6-5DD37298BD90"/>
</indexColumnUsage>
</ind_PK_UK>
</indexes>
</Table>