<?xml version = '1.0' encoding = 'UTF-8'?>
<Table class="oracle.dbtools.crest.model.design.relational.Table" directorySegmentName="seg_0" id="FBC41B2E-336E-B983-A10D-2E6FA1CD2E79" name="Tip_sertifikata">
<createdBy>stefa</createdBy>
<createdTime>2023-11-06 21:51:52 UTC</createdTime>
<ownerDesignName>UI DOmaci</ownerDesignName>
<ordsAlias>table_35</ordsAlias>
<allowColumnReorder>false</allowColumnReorder>
<existDependencyGenerateInDDl>true</existDependencyGenerateInDDl>
<parsed>true</parsed>
<columns itemClass="oracle.dbtools.crest.model.design.relational.Column">
<Column name="tip_sertifikata_id" id="9BD0EF27-ED47-D1D8-02E7-863690618EBC">
<createdBy>stefa</createdBy>
<createdTime>2023-11-06 21:52:11 UTC</createdTime>
<ownerDesignName>UI DOmaci</ownerDesignName>
<useDomainConstraints>false</useDomainConstraints>
<use>1</use>
<logicalDatatype>LOGDT027</logicalDatatype>
<ownDataTypeParameters>,,</ownDataTypeParameters>
<autoIncrementCycle>false</autoIncrementCycle>
</Column>
</columns>
<indexes itemClass="oracle.dbtools.crest.model.design.relational.Index">
<ind_PK_UK id="336635CE-15DC-B3A1-46FD-A81B4BC23749" name="tip_sertifikata_PK">
<createdBy>stefa</createdBy>
<createdTime>2023-11-06 21:52:11 UTC</createdTime>
<ownerDesignName>UI DOmaci</ownerDesignName>
<pk>true</pk>
<indexState>Primary Constraint</indexState>
<isSurrogateKey>false</isSurrogateKey>
<indexColumnUsage>
<colUsage columnID="9BD0EF27-ED47-D1D8-02E7-863690618EBC"/>
</indexColumnUsage>
</ind_PK_UK>
</indexes>
</Table>