<?xml version = '1.0' encoding = 'UTF-8'?>
<Table class="oracle.dbtools.crest.model.design.relational.Table" directorySegmentName="seg_0" id="FCBB5226-50F5-D1A6-81D7-FAAFA0767005" name="Odsustvo">
<createdBy>stefa</createdBy>
<createdTime>2023-12-04 21:40:32 UTC</createdTime>
<ownerDesignName>UI DOmaci</ownerDesignName>
<ordsAlias>table_54</ordsAlias>
<allowColumnReorder>false</allowColumnReorder>
<existDependencyGenerateInDDl>true</existDependencyGenerateInDDl>
<parsed>true</parsed>
<columns itemClass="oracle.dbtools.crest.model.design.relational.Column">
<Column name="odsustvo_id" id="E530FDE4-A9B9-7DFD-E5D5-7B262865DE74">
<createdBy>stefa</createdBy>
<createdTime>2023-12-04 21:41:16 UTC</createdTime>
<ownerDesignName>UI DOmaci</ownerDesignName>
<useDomainConstraints>false</useDomainConstraints>
<use>1</use>
<logicalDatatype>LOGDT027</logicalDatatype>
<ownDataTypeParameters>,,</ownDataTypeParameters>
<autoIncrementCycle>false</autoIncrementCycle>
</Column>
<Column name="pocetak" id="70C40521-B2E4-1DAE-E8D3-EE7156D514F3">
<createdBy>stefa</createdBy>
<createdTime>2023-12-04 21:41:16 UTC</createdTime>
<ownerDesignName>UI DOmaci</ownerDesignName>
<nullsAllowed>true</nullsAllowed>
<useDomainConstraints>false</useDomainConstraints>
<use>1</use>
<logicalDatatype>LOGDT007</logicalDatatype>
<ownDataTypeParameters>,,</ownDataTypeParameters>
<autoIncrementCycle>false</autoIncrementCycle>
</Column>
<Column name="kraj" id="AF74150B-41AB-A7B4-E12D-2F24B00A06E4">
<createdBy>stefa</createdBy>
<createdTime>2023-12-04 21:41:16 UTC</createdTime>
<ownerDesignName>UI DOmaci</ownerDesignName>
<nullsAllowed>true</nullsAllowed>
<useDomainConstraints>false</useDomainConstraints>
<use>1</use>
<logicalDatatype>LOGDT007</logicalDatatype>
<ownDataTypeParameters>,,</ownDataTypeParameters>
<autoIncrementCycle>false</autoIncrementCycle>
</Column>
<Column name="Tip_odsustva_tip_odsustva_id" id="A513E56C-04A3-1D23-EDE5-5E8A51DB7418">
<createdBy>stefa</createdBy>
<createdTime>2023-12-04 21:42:19 UTC</createdTime>
<ownerDesignName>UI DOmaci</ownerDesignName>
<useDomainConstraints>false</useDomainConstraints>
<use>1</use>
<logicalDatatype>LOGDT027</logicalDatatype>
<ownDataTypeParameters>,,</ownDataTypeParameters>
<previousColumn>false</previousColumn>
<autoIncrementCycle>false</autoIncrementCycle>
<associations>
<colAssociation fkAssociation="A804A904-A1C0-1CF3-A3B0-6F31E631F5FA" referredColumn="CCC4152F-26E1-3021-75CC-A753142E2A05"/>
</associations>
</Column>
</columns>
<indexes itemClass="oracle.dbtools.crest.model.design.relational.Index">
<ind_PK_UK id="55740C41-F366-B0FB-F1EB-FE051DB4EE91" name="Odsustvo_PK">
<createdBy>stefa</createdBy>
<createdTime>2023-12-04 21:41:16 UTC</createdTime>
<ownerDesignName>UI DOmaci</ownerDesignName>
<pk>true</pk>
<indexState>Primary Constraint</indexState>
<isSurrogateKey>false</isSurrogateKey>
<indexColumnUsage>
<colUsage columnID="E530FDE4-A9B9-7DFD-E5D5-7B262865DE74"/>
</indexColumnUsage>
</ind_PK_UK>
<ind_PK_UK id="FCB7B897-DDCA-3B36-3EF3-BE1B601FD7D1" name="Odsustvo_Tip_odsustva_FK">
<createdBy>stefa</createdBy>
<createdTime>2023-12-04 21:42:19 UTC</createdTime>
<ownerDesignName>UI DOmaci</ownerDesignName>
<indexState>Foreign Key</indexState>
<isSurrogateKey>false</isSurrogateKey>
<indexColumnUsage>
<colUsage columnID="A513E56C-04A3-1D23-EDE5-5E8A51DB7418"/>
</indexColumnUsage>
</ind_PK_UK>
</indexes>
</Table>