<?xml version = '1.0' encoding = 'UTF-8'?>
<Diagram class="oracle.dbtools.crest.swingui.relational.DPVRelational" name="UI Domaci" id="112FD32A-2E12-FC78-EA33-587BD687C982">
<createdBy>stefa</createdBy>
<modifiedBy>stefa</modifiedBy>
<createdTime>2023-10-06 12:42:28 UTC</createdTime>
<autoRoute>false</autoRoute>
<boxInbox>true</boxInbox>
<showLegend>false</showLegend>
<showLabels>false</showLabels>
<showRelAttributes>false</showRelAttributes>
<gridEnabled>false</gridEnabled>
<showGrid>true</showGrid>
<diagramColor>-1</diagramColor>
<display>false</display>
<notation>1</notation>
<objectViews>
<OView class="oracle.dbtools.crest.swingui.relational.TVTable" oid="075F9301-DFCD-BCB4-C7D1-94F4E690CED7" otype="Table" vid="51E2B600-A695-5403-C5F3-CF4B7CEB9A54">
<hideElementsInCurrentOnly>false</hideElementsInCurrentOnly>
<bounds x="2753" y="1712" width="256" height="94"/>
</OView>
<OView class="oracle.dbtools.crest.swingui.relational.TVTable" oid="1B76A590-0956-E4B3-057C-976D58C0857A" otype="Table" vid="6ADAE13E-8309-7E79-1394-71335E408840">
<hideElementsInCurrentOnly>false</hideElementsInCurrentOnly>
<bounds x="1943" y="1385" width="256" height="192"/>
</OView>
<OView class="oracle.dbtools.crest.swingui.relational.TVTable" oid="1B76A590-0956-E4B3-057C-976D58C0857A" otype="Table" vid="18D6224C-F712-7371-A092-68838F701656" vnum="1">
<hideElementsInCurrentOnly>false</hideElementsInCurrentOnly>
<bounds x="1879" y="2328" width="256" height="220"/>
</OView>
<OView class="oracle.dbtools.crest.swingui.relational.TVTable" oid="1D74AE94-D743-FF95-6CF1-A335BD6B14F1" otype="Table" vid="3D026B50-8429-4DE5-0004-8D7387831AFB">
<hideElementsInCurrentOnly>false</hideElementsInCurrentOnly>
<bounds x="1436" y="695" width="346" height="206"/>
</OView>
<OView class="oracle.dbtools.crest.swingui.relational.TVTable" oid="1F50BA0A-8D1A-EAEE-03A0-214473448524" otype="Table" vid="6C1AF7E1-22BD-40D6-82A9-D80D536EF7C4">
<hideElementsInCurrentOnly>false</hideElementsInCurrentOnly>
<bounds x="596" y="716" width="226" height="116"/>
</OView>
<OView class="oracle.dbtools.crest.swingui.relational.TVTable" oid="22AE0AFF-9B97-BF4F-6D8E-97E4D49ADFA5" otype="Table" vid="435A6E31-B966-00B9-2F62-D85C547B8E29">
<hideElementsInCurrentOnly>false</hideElementsInCurrentOnly>
<bounds x="848" y="1162" width="187" height="102"/>
</OView>
<OView class="oracle.dbtools.crest.swingui.relational.TVTable" oid="2370AD2E-84E5-8270-42C1-228AD6680366" otype="Table" vid="5F5CA9E2-94C2-A06C-BDF0-D25C3938DD66">
<hideElementsInCurrentOnly>false</hideElementsInCurrentOnly>
<bounds x="1214" y="1335" width="288" height="162"/>
</OView>
<OView class="oracle.dbtools.crest.swingui.relational.TVTable" oid="252E60AF-F189-9DA7-6BBF-72EB1CC8F5C9" otype="Table" vid="8350131F-9632-1456-9356-E799A1880488">
<hideElementsInCurrentOnly>false</hideElementsInCurrentOnly>
<bounds x="1835" y="1668" width="250" height="158"/>
</OView>
<OView class="oracle.dbtools.crest.swingui.relational.TVTable" oid="2D598576-F588-E94C-2701-09E79A9DBE2D" otype="Table" vid="0EE4AEF6-EB5A-0980-53CE-57C5F8078580">
<hideElementsInCurrentOnly>false</hideElementsInCurrentOnly>
<bounds x="412" y="599" width="170" height="116"/>
</OView>
<OView class="oracle.dbtools.crest.swingui.relational.TVTable" oid="32E88CCA-E0E1-DFA9-69DC-A58B617FBE40" otype="Table" vid="6E8D5F19-9573-20AA-5914-BC8B5A02239C">
<hideElementsInCurrentOnly>false</hideElementsInCurrentOnly>
<bounds x="1531" y="2330" width="263" height="122"/>
</OView>
<OView class="oracle.dbtools.crest.swingui.relational.TVTable" oid="3FBFC425-CE2D-18AD-5B12-8659D9B5B4BC" otype="Table" vid="C0E697B0-7F1D-6F89-B593-F419826B4965">
<hideElementsInCurrentOnly>false</hideElementsInCurrentOnly>
<bounds x="1795" y="1205" width="197" height="114"/>
</OView>
<OView class="oracle.dbtools.crest.swingui.relational.TVTable" oid="492D66E9-E4A0-15BF-24CD-29BBEF522DA9" otype="Table" vid="84904F50-447D-5182-DA7E-724582A0C6A4">
<hideElementsInCurrentOnly>false</hideElementsInCurrentOnly>
<bounds x="1575" y="2118" width="170" height="110"/>
</OView>
<OView class="oracle.dbtools.crest.swingui.relational.TVTable" oid="4BDCD453-AEB8-E418-E568-32D020183718" otype="Table" vid="FDC46311-A1E9-44CC-62AD-14786BC0D308">
<hideElementsInCurrentOnly>false</hideElementsInCurrentOnly>
<bounds x="1875" y="2038" width="264" height="192"/>
</OView>
<OView class="oracle.dbtools.crest.swingui.relational.TVTable" oid="54D789BE-F446-41C7-79A8-04E333AC2983" otype="Table" vid="36BBA2A4-677B-0BE2-A7A3-643C0D68593A">
<hideElementsInCurrentOnly>false</hideElementsInCurrentOnly>
<bounds x="0" y="1025" width="384" height="128"/>
</OView>
<OView class="oracle.dbtools.crest.swingui.relational.TVTable" oid="558F09E3-1694-A59F-5839-ECE4D3F79A74" otype="Table" vid="0B4085E0-B6F7-BAC2-9223-00DB2491FCD2">
<hideElementsInCurrentOnly>false</hideElementsInCurrentOnly>
<bounds x="2343" y="2111" width="170" height="110"/>
</OView>
<OView class="oracle.dbtools.crest.swingui.relational.TVTable" oid="760D90D5-417A-AB5D-4040-94A39696F65D" otype="Table" vid="5DA55EE9-7F79-2DD9-0A5C-84196B839D66">
<hideElementsInCurrentOnly>false</hideElementsInCurrentOnly>
<bounds x="2995" y="1577" width="184" height="74"/>
</OView>
<OView class="oracle.dbtools.crest.swingui.relational.TVTable" oid="778ABA2D-7698-DD96-3D71-95248D896C8B" otype="Table" vid="DAE5B449-7138-1EBA-BCC8-712875C48227">
<hideElementsInCurrentOnly>false</hideElementsInCurrentOnly>
<bounds x="1414" y="171" width="170" height="116"/>
</OView>
<OView class="oracle.dbtools.crest.swingui.relational.TVTable" oid="7C05B650-117C-55E6-DC26-10D03654A987" otype="Table" vid="6599100B-E2C0-2532-BC63-270BD7ACEEBD">
<hideElementsInCurrentOnly>false</hideElementsInCurrentOnly>
<bounds x="13" y="706" width="408" height="153"/>
</OView>
<OView class="oracle.dbtools.crest.swingui.relational.TVTable" oid="7D84A237-3972-7723-B097-F4B6F8B75348" otype="Table" vid="6036A9A5-8ADE-6E0F-3447-0861EFF55A2C">
<hideElementsInCurrentOnly>false</hideElementsInCurrentOnly>
<bounds x="1249" y="337" width="332" height="184"/>
</OView>
<OView class="oracle.dbtools.crest.swingui.relational.TVTable" oid="807A60EC-BCAD-A5C8-1858-8A13A44A5564" otype="Table" vid="B6E57A19-3BCC-9109-C31D-0F7D8FE687A7">
<hideElementsInCurrentOnly>false</hideElementsInCurrentOnly>
<bounds x="1556" y="1500" width="238" height="114"/>
</OView>
<OView class="oracle.dbtools.crest.swingui.relational.TVTable" oid="8BF55CA9-FB0B-9D62-9583-F2950F1BEDBA" otype="Table" vid="C0784074-7C2D-A783-DBC0-84D9A880C2BD">
<hideElementsInCurrentOnly>false</hideElementsInCurrentOnly>
<bounds x="2566" y="760" width="317" height="150"/>
</OView>
<OView class="oracle.dbtools.crest.swingui.relational.TVTable" oid="8D538C8E-D039-3416-4EAC-C08B35DF450C" otype="Table" vid="A32E39E7-3CEE-19F2-3CD0-DF7D57AE7C7B">
<hideElementsInCurrentOnly>false</hideElementsInCurrentOnly>
<bounds x="2046" y="1018" width="302" height="220"/>
</OView>
<OView class="oracle.dbtools.crest.swingui.relational.TVTable" oid="8D538C8E-D039-3416-4EAC-C08B35DF450C" otype="Table" vid="84968BBA-CB8C-683A-EEF6-2C89C3054B0A" vnum="1">
<hideElementsInCurrentOnly>false</hideElementsInCurrentOnly>
<bounds x="271" y="273" width="302" height="220"/>
</OView>
<OView class="oracle.dbtools.crest.swingui.relational.TVTable" oid="940FB7A5-8087-D73B-A463-308AE6573128" otype="Table" vid="CB44D554-E2D9-0E2A-331C-F26612782673">
<hideElementsInCurrentOnly>false</hideElementsInCurrentOnly>
<bounds x="1117" y="1157" width="209" height="158"/>
</OView>
<OView class="oracle.dbtools.crest.swingui.relational.TVTable" oid="9FE0AEB5-FC2D-C435-6EF1-E088CE348996" otype="Table" vid="DF5538F1-3E1A-33F0-BDE3-333E689C0161">
<hideElementsInCurrentOnly>false</hideElementsInCurrentOnly>
<bounds x="1915" y="781" width="200" height="128"/>
</OView>
<OView class="oracle.dbtools.crest.swingui.relational.TVTable" oid="A446B593-7F60-A22F-C8D8-E29E73B761C6" otype="Table" vid="2AE8A958-C1BE-92A9-4C27-C5629A3ECD81">
<hideElementsInCurrentOnly>false</hideElementsInCurrentOnly>
<bounds x="2209" y="1719" width="170" height="116"/>
</OView>
<OView class="oracle.dbtools.crest.swingui.relational.TVTable" oid="A4729EB5-4724-6EC2-0800-D47FB565D7A2" otype="Table" vid="11284589-AA35-0928-AB8A-F7C7FFA7C517">
<hideElementsInCurrentOnly>false</hideElementsInCurrentOnly>
<bounds x="835" y="484" width="311" height="178"/>
</OView>
<OView class="oracle.dbtools.crest.swingui.relational.TVTable" oid="A57B8E71-97F7-6938-691B-3793F1996960" otype="Table" vid="2E51871A-5F2A-25B4-C779-ACE6363E0213">
<hideElementsInCurrentOnly>false</hideElementsInCurrentOnly>
<bounds x="1928" y="609" width="192" height="95"/>
</OView>
<OView class="oracle.dbtools.crest.swingui.relational.TVTable" oid="A5B2673F-E69C-17DE-BAFE-518F4B9B13CD" otype="Table" vid="1A698160-FD42-77D5-86E9-B6D41716C74C">
<hideElementsInCurrentOnly>false</hideElementsInCurrentOnly>
<bounds x="2058" y="320" width="170" height="118"/>
</OView>
<OView class="oracle.dbtools.crest.swingui.relational.TVTable" oid="ADFDFA9C-46CE-7377-8C9E-08B527083521" otype="Table" vid="6A19A470-1720-035A-8702-34A0197253AA">
<hideElementsInCurrentOnly>false</hideElementsInCurrentOnly>
<bounds x="2969" y="1374" width="306" height="156"/>
</OView>
<OView class="oracle.dbtools.crest.swingui.relational.TVTable" oid="B3D8FBFA-DE73-005F-39A8-2121F5FC2E3F" otype="Table" vid="11FE387E-E09B-846A-E24F-86012A19AD1F">
<hideElementsInCurrentOnly>false</hideElementsInCurrentOnly>
<bounds x="164" y="889" width="229" height="94"/>
</OView>
<OView class="oracle.dbtools.crest.swingui.relational.TVTable" oid="C3A9A6F0-7372-17F2-0AA1-C3C1FEF8E245" otype="Table" vid="835D7AD7-6A92-EC1C-55BE-E2B3628D1671">
<hideElementsInCurrentOnly>false</hideElementsInCurrentOnly>
<bounds x="2617" y="944" width="381" height="164"/>
</OView>
<OView class="oracle.dbtools.crest.swingui.relational.TVTable" oid="C6053AA3-8BCB-484C-29B1-CE4F5B82D5EC" otype="Table" vid="F1AD1888-1419-A418-B78E-0EA1280EBA38">
<hideElementsInCurrentOnly>false</hideElementsInCurrentOnly>
<bounds x="1396" y="1111" width="255" height="158"/>
</OView>
<OView class="oracle.dbtools.crest.swingui.relational.TVTable" oid="C6053AA3-8BCB-484C-29B1-CE4F5B82D5EC" otype="Table" vid="8BDE84D9-F4B4-C580-1CD7-842746DEFB02" vnum="1">
<hideElementsInCurrentOnly>false</hideElementsInCurrentOnly>
<bounds x="765" y="253" width="255" height="158"/>
</OView>
<OView class="oracle.dbtools.crest.swingui.relational.TVTable" oid="CAA6EC84-7529-9C5E-8C70-D9457F76C3BB" otype="Table" vid="990076D0-AC44-0F44-53BC-E720B1C72AFA">
<hideElementsInCurrentOnly>false</hideElementsInCurrentOnly>
<bounds x="2309" y="2318" width="274" height="136"/>
</OView>
<OView class="oracle.dbtools.crest.swingui.relational.TVTable" oid="D1BA6672-34F5-2CBE-56D2-0235F59B63F0" otype="Table" vid="7C8AB2DE-B691-4272-250C-5DE2CB11296D">
<hideElementsInCurrentOnly>false</hideElementsInCurrentOnly>
<bounds x="895" y="842" width="362" height="248"/>
</OView>
<OView class="oracle.dbtools.crest.swingui.relational.TVTable" oid="D1BA6672-34F5-2CBE-56D2-0235F59B63F0" otype="Table" vid="374B70B2-A77E-DBD1-4A85-E6CD31449E0F" vnum="1">
<hideElementsInCurrentOnly>false</hideElementsInCurrentOnly>
<bounds x="2415" y="285" width="362" height="226"/>
</OView>
<OView class="oracle.dbtools.crest.swingui.relational.TVTable" oid="D2001590-598F-0951-D18D-DB2F2E2D11C0" otype="Table" vid="64D4B53D-7CA9-F343-EF47-1EB8D97404E9">
<hideElementsInCurrentOnly>false</hideElementsInCurrentOnly>
<bounds x="2803" y="1165" width="273" height="102"/>
</OView>
<OView class="oracle.dbtools.crest.swingui.relational.TVTable" oid="D33E9B32-5ACE-5259-B5CF-F07B6F31EB7A" otype="Table" vid="CE6F585B-6611-9F2E-ACDE-83B2BC212DB2">
<hideElementsInCurrentOnly>false</hideElementsInCurrentOnly>
<bounds x="2229" y="803" width="170" height="110"/>
</OView>
<OView class="oracle.dbtools.crest.swingui.relational.TVTable" oid="E0EB24FE-185E-7047-E964-08C31EC40327" otype="Table" vid="89053139-7DCC-0C5E-FE0E-AA1D7653F430">
<hideElementsInCurrentOnly>false</hideElementsInCurrentOnly>
<bounds x="2416" y="981" width="170" height="110"/>
</OView>
<OView class="oracle.dbtools.crest.swingui.relational.TVTable" oid="E69BCB7C-3D54-18EC-31B4-C96D239FA58C" otype="Table" vid="F6CE1652-F1A9-CDDE-B010-998E5C573696">
<hideElementsInCurrentOnly>false</hideElementsInCurrentOnly>
<bounds x="1425" y="2561" width="325" height="114"/>
</OView>
<OView class="oracle.dbtools.crest.swingui.relational.TVTable" oid="EFE7DDE4-F7F6-727A-414C-8616434069C2" otype="Table" vid="420A274E-4203-1492-8B40-1FD28B791610">
<hideElementsInCurrentOnly>false</hideElementsInCurrentOnly>
<bounds x="2456" y="1253" width="241" height="139"/>
</OView>
<OView class="oracle.dbtools.crest.swingui.relational.TVTable" oid="F5B57E37-181D-298C-D3C0-2E3B00952876" otype="Table" vid="71E35D76-3C27-2746-86EC-3E59F331546E">
<hideElementsInCurrentOnly>false</hideElementsInCurrentOnly>
<bounds x="2442" y="1688" width="260" height="142"/>
</OView>
<OView class="oracle.dbtools.crest.swingui.relational.TVTable" oid="F69AA1BD-30FD-766C-C0DD-C071C239DEE4" otype="Table" vid="AB20C571-4787-C767-70D1-BEA286123D33">
<hideElementsInCurrentOnly>false</hideElementsInCurrentOnly>
<bounds x="509" y="1109" width="236" height="130"/>
</OView>
<OView class="oracle.dbtools.crest.swingui.relational.TVTable" oid="F7D05C3B-7E94-AA76-650B-0C0EB7E1A7AD" otype="Table" vid="BBD219CC-1230-B898-8E0F-762B091082DB">
<hideElementsInCurrentOnly>false</hideElementsInCurrentOnly>
<bounds x="1125" y="154" width="170" height="113"/>
</OView>
<OView class="oracle.dbtools.crest.swingui.relational.TVTable" oid="FA8E9D59-3422-0621-7017-75B20561B6D9" otype="Table" vid="DBE8987E-BB3B-BFA7-957F-996BDF134E20">
<hideElementsInCurrentOnly>false</hideElementsInCurrentOnly>
<bounds x="1067" y="1602" width="230" height="116"/>
</OView>
<OView class="oracle.dbtools.crest.swingui.relational.TVTable" oid="FBC41B2E-336E-B983-A10D-2E6FA1CD2E79" otype="Table" vid="74B827FC-490C-6B20-C306-0C04AE31942A">
<hideElementsInCurrentOnly>false</hideElementsInCurrentOnly>
<bounds x="1152" y="2576" width="203" height="66"/>
</OView>
<OView class="oracle.dbtools.crest.swingui.relational.TVTable" oid="FCCBE500-38E5-85AE-164C-F14B4A0B95B8" otype="Table" vid="DA4399AA-ECBA-8145-D976-51DA22F72BF1">
<hideElementsInCurrentOnly>false</hideElementsInCurrentOnly>
<bounds x="2522" y="1443" width="351" height="142"/>
</OView>
</objectViews>
<connectors>
<Connector class="oracle.dbtools.crest.swingui.relational.TVFKRelation" oid="03219146-AC30-C05D-AF73-9D0BA6FE2728" otype="FKIndexAssociation" vid_source="6C1AF7E1-22BD-40D6-82A9-D80D536EF7C4" vid_target="3D026B50-8429-4DE5-0004-8D7387831AFB">
<hideElementsInCurrentOnly>false</hideElementsInCurrentOnly>
<backgroundColor>-16777216</backgroundColor>
<lineWidth>1</lineWidth>
<points>
<point x="822" y="774"/>
<point x="1436" y="774"/>
</points>
</Connector>
<Connector class="oracle.dbtools.crest.swingui.relational.TVFKRelation" oid="09DB2621-A5CC-6C8D-13FD-84A9F68498D0" otype="FKIndexAssociation" vid_source="11FE387E-E09B-846A-E24F-86012A19AD1F" vid_target="36BBA2A4-677B-0BE2-A7A3-643C0D68593A">
<hideElementsInCurrentOnly>false</hideElementsInCurrentOnly>
<backgroundColor>-16777216</backgroundColor>
<lineWidth>1</lineWidth>
<points>
<point x="274" y="983"/>
<point x="274" y="1025"/>
</points>
</Connector>
<Connector class="oracle.dbtools.crest.swingui.relational.TVFKRelation" oid="0B17818B-C90D-032A-4C1E-F50B1A98AD3D" otype="FKIndexAssociation" vid_source="CE6F585B-6611-9F2E-ACDE-83B2BC212DB2" vid_target="C0784074-7C2D-A783-DBC0-84D9A880C2BD">
<hideElementsInCurrentOnly>false</hideElementsInCurrentOnly>
<backgroundColor>-16777216</backgroundColor>
<lineWidth>1</lineWidth>
<points>
<point x="2399" y="856"/>
<point x="2566" y="856"/>
</points>
</Connector>
<Connector class="oracle.dbtools.crest.swingui.relational.TVFKRelation" oid="122D7D24-9F51-891A-5F96-0E9882F6363D" otype="FKIndexAssociation" vid_source="435A6E31-B966-00B9-2F62-D85C547B8E29" vid_target="6C1AF7E1-22BD-40D6-82A9-D80D536EF7C4">
<hideElementsInCurrentOnly>false</hideElementsInCurrentOnly>
<backgroundColor>-16777216</backgroundColor>
<lineWidth>1</lineWidth>
<points>
<point x="914" y="1162"/>
<point x="739" y="832"/>
</points>
</Connector>
<Connector class="oracle.dbtools.crest.swingui.relational.TVFKRelation" oid="1BF4558B-DEB6-1D44-C786-9A07C778F4DB" otype="FKIndexAssociation" vid_source="74B827FC-490C-6B20-C306-0C04AE31942A" vid_target="F6CE1652-F1A9-CDDE-B010-998E5C573696">
<hideElementsInCurrentOnly>false</hideElementsInCurrentOnly>
<backgroundColor>-16777216</backgroundColor>
<lineWidth>1</lineWidth>
<points>
<point x="1355" y="2609"/>
<point x="1425" y="2609"/>
</points>
</Connector>
<Connector class="oracle.dbtools.crest.swingui.relational.TVFKRelation" oid="1DE336D7-652A-2567-12D0-8FBE3C6C1843" otype="FKIndexAssociation" vid_source="DA4399AA-ECBA-8145-D976-51DA22F72BF1" vid_target="71E35D76-3C27-2746-86EC-3E59F331546E">
<hideElementsInCurrentOnly>false</hideElementsInCurrentOnly>
<backgroundColor>-16777216</backgroundColor>
<lineWidth>1</lineWidth>
<points>
<point x="2612" y="1585"/>
<point x="2612" y="1688"/>
</points>
</Connector>
<Connector class="oracle.dbtools.crest.swingui.relational.TVFKRelation" oid="22D96517-6DDB-22C5-754D-757A11E9D061" otype="FKIndexAssociation" vid_source="5F5CA9E2-94C2-A06C-BDF0-D25C3938DD66" vid_target="6036A9A5-8ADE-6E0F-3447-0861EFF55A2C">
<hideElementsInCurrentOnly>false</hideElementsInCurrentOnly>
<backgroundColor>-16777216</backgroundColor>
<lineWidth>1</lineWidth>
<points>
<point x="1375" y="1335"/>
<point x="1375" y="521"/>
</points>
</Connector>
<Connector class="oracle.dbtools.crest.swingui.relational.TVFKRelation" oid="290CFF3D-6023-911C-2E31-0D5240CDC716" otype="FKIndexAssociation" vid_source="18D6224C-F712-7371-A092-68838F701656" vid_target="6E8D5F19-9573-20AA-5914-BC8B5A02239C">
<hideElementsInCurrentOnly>false</hideElementsInCurrentOnly>
<backgroundColor>-16777216</backgroundColor>
<lineWidth>1</lineWidth>
<points>
<point x="1879" y="2391"/>
<point x="1794" y="2391"/>
</points>
</Connector>
<Connector class="oracle.dbtools.crest.swingui.relational.TVFKRelation" oid="29F70EA6-A007-18F2-2803-7F8485602033" otype="FKIndexAssociation" vid_source="DBE8987E-BB3B-BFA7-957F-996BDF134E20" vid_target="5F5CA9E2-94C2-A06C-BDF0-D25C3938DD66">
<hideElementsInCurrentOnly>false</hideElementsInCurrentOnly>
<backgroundColor>-16777216</backgroundColor>
<lineWidth>1</lineWidth>
<points>
<point x="1255" y="1602"/>
<point x="1255" y="1497"/>
</points>
</Connector>
<Connector class="oracle.dbtools.crest.swingui.relational.TVFKRelation" oid="336E842F-D64F-56F3-ACF1-D39A6FBB6443" otype="FKIndexAssociation" vid_source="CE6F585B-6611-9F2E-ACDE-83B2BC212DB2" vid_target="A32E39E7-3CEE-19F2-3CD0-DF7D57AE7C7B">
<hideElementsInCurrentOnly>false</hideElementsInCurrentOnly>
<backgroundColor>-16777216</backgroundColor>
<lineWidth>1</lineWidth>
<points>
<point x="2288" y="913"/>
<point x="2288" y="1018"/>
</points>
</Connector>
<Connector class="oracle.dbtools.crest.swingui.relational.TVFKRelation" oid="4F31A8F1-0C6A-3F25-1072-9DD3C981E838" otype="FKIndexAssociation" vid_source="7C8AB2DE-B691-4272-250C-5DE2CB11296D" vid_target="3D026B50-8429-4DE5-0004-8D7387831AFB">
<hideElementsInCurrentOnly>false</hideElementsInCurrentOnly>
<backgroundColor>-16777216</backgroundColor>
<lineWidth>1</lineWidth>
<points>
<point x="1257" y="871"/>
<point x="1436" y="871"/>
</points>
</Connector>
<Connector class="oracle.dbtools.crest.swingui.relational.TVFKRelation" oid="50A2493C-E122-F6E6-91D3-480EC0F1CC18" otype="FKIndexAssociation" vid_source="7C8AB2DE-B691-4272-250C-5DE2CB11296D" vid_target="A32E39E7-3CEE-19F2-3CD0-DF7D57AE7C7B">
<hideElementsInCurrentOnly>false</hideElementsInCurrentOnly>
<backgroundColor>-16777216</backgroundColor>
<lineWidth>1</lineWidth>
<points>
<point x="1257" y="1069"/>
<point x="2046" y="1069"/>
</points>
</Connector>
<Connector class="oracle.dbtools.crest.swingui.relational.TVFKRelation" oid="52C5F6E6-ECE1-34BF-E5E2-D7D40FED0468" otype="FKIndexAssociation" vid_source="11FE387E-E09B-846A-E24F-86012A19AD1F" vid_target="6599100B-E2C0-2532-BC63-270BD7ACEEBD">
<hideElementsInCurrentOnly>false</hideElementsInCurrentOnly>
<backgroundColor>-16777216</backgroundColor>
<lineWidth>1</lineWidth>
<points>
<point x="278" y="889"/>
<point x="278" y="859"/>
</points>
</Connector>
<Connector class="oracle.dbtools.crest.swingui.relational.TVFKRelation" oid="5ABDC22A-D25C-1257-4EF7-9816369D5803" otype="FKIndexAssociation" vid_source="6ADAE13E-8309-7E79-1394-71335E408840" vid_target="5F5CA9E2-94C2-A06C-BDF0-D25C3938DD66">
<hideElementsInCurrentOnly>false</hideElementsInCurrentOnly>
<backgroundColor>-16777216</backgroundColor>
<lineWidth>1</lineWidth>
<points>
<point x="1943" y="1441"/>
<point x="1502" y="1441"/>
</points>
</Connector>
<Connector class="oracle.dbtools.crest.swingui.relational.TVFKRelation" oid="5CFCDED4-6617-CBAF-AF59-D67F283ED35B" otype="FKIndexAssociation" vid_source="2AE8A958-C1BE-92A9-4C27-C5629A3ECD81" vid_target="71E35D76-3C27-2746-86EC-3E59F331546E">
<hideElementsInCurrentOnly>false</hideElementsInCurrentOnly>
<backgroundColor>-16777216</backgroundColor>
<lineWidth>1</lineWidth>
<points>
<point x="2379" y="1774"/>
<point x="2442" y="1774"/>
</points>
</Connector>
<Connector class="oracle.dbtools.crest.swingui.relational.TVFKRelation" oid="5F97B8B8-29A9-BDC1-26CD-DE5C74439F5B" otype="FKIndexAssociation" vid_source="84968BBA-CB8C-683A-EEF6-2C89C3054B0A" vid_target="11284589-AA35-0928-AB8A-F7C7FFA7C517">
<hideElementsInCurrentOnly>false</hideElementsInCurrentOnly>
<backgroundColor>-16777216</backgroundColor>
<lineWidth>1</lineWidth>
<points>
<point x="573" y="488"/>
<point x="835" y="488"/>
</points>
</Connector>
<Connector class="oracle.dbtools.crest.swingui.relational.TVFKRelation" oid="69E473F7-E57D-0539-4C16-EAA53CD2EEFE" otype="FKIndexAssociation" vid_source="36BBA2A4-677B-0BE2-A7A3-643C0D68593A" vid_target="7C8AB2DE-B691-4272-250C-5DE2CB11296D">
<hideElementsInCurrentOnly>false</hideElementsInCurrentOnly>
<backgroundColor>-16777216</backgroundColor>
<lineWidth>1</lineWidth>
<points>
<point x="384" y="1057"/>
<point x="895" y="1057"/>
</points>
</Connector>
<Connector class="oracle.dbtools.crest.swingui.relational.TVFKRelation" oid="6B1DD603-927A-91C0-9309-BEAEB7E8ECE3" otype="FKIndexAssociation" vid_source="DAE5B449-7138-1EBA-BCC8-712875C48227" vid_target="6036A9A5-8ADE-6E0F-3447-0861EFF55A2C">
<hideElementsInCurrentOnly>false</hideElementsInCurrentOnly>
<backgroundColor>-16777216</backgroundColor>
<lineWidth>1</lineWidth>
<points>
<point x="1497" y="287"/>
<point x="1497" y="337"/>
</points>
</Connector>
<Connector class="oracle.dbtools.crest.swingui.relational.TVFKRelation" oid="72E88435-FC79-B747-E743-75BD7E05FA82" otype="FKIndexAssociation" vid_source="DA4399AA-ECBA-8145-D976-51DA22F72BF1" vid_target="8350131F-9632-1456-9356-E799A1880488">
<hideElementsInCurrentOnly>false</hideElementsInCurrentOnly>
<backgroundColor>-16777216</backgroundColor>
<lineWidth>1</lineWidth>
<points>
<point x="2522" y="1569"/>
<point x="2085" y="1707"/>
</points>
</Connector>
<Connector class="oracle.dbtools.crest.swingui.relational.TVFKRelation" oid="7AD41202-FB38-F114-72C1-EB5D1E99326C" otype="FKIndexAssociation" vid_source="0EE4AEF6-EB5A-0980-53CE-57C5F8078580" vid_target="11284589-AA35-0928-AB8A-F7C7FFA7C517">
<hideElementsInCurrentOnly>false</hideElementsInCurrentOnly>
<backgroundColor>-16777216</backgroundColor>
<lineWidth>1</lineWidth>
<points>
<point x="582" y="630"/>
<point x="835" y="630"/>
</points>
</Connector>
<Connector class="oracle.dbtools.crest.swingui.relational.TVFKRelation" oid="8224DF6C-DD23-AE43-6E55-EED7D2AE8748" otype="FKIndexAssociation" vid_source="1A698160-FD42-77D5-86E9-B6D41716C74C" vid_target="A32E39E7-3CEE-19F2-3CD0-DF7D57AE7C7B">
<hideElementsInCurrentOnly>false</hideElementsInCurrentOnly>
<backgroundColor>-16777216</backgroundColor>
<lineWidth>1</lineWidth>
<points>
<point x="2143" y="426"/>
<point x="2143" y="1018"/>
</points>
</Connector>
<Connector class="oracle.dbtools.crest.swingui.relational.TVFKRelation" oid="82A78441-6FE9-414D-CE28-946D399AEF18" otype="FKIndexAssociation" vid_source="0B4085E0-B6F7-BAC2-9223-00DB2491FCD2" vid_target="18D6224C-F712-7371-A092-68838F701656">
<hideElementsInCurrentOnly>false</hideElementsInCurrentOnly>
<backgroundColor>-16777216</backgroundColor>
<lineWidth>1</lineWidth>
<points>
<point x="2343" y="2220"/>
<point x="2135" y="2355"/>
</points>
</Connector>
<Connector class="oracle.dbtools.crest.swingui.relational.TVFKRelation" oid="82E8BDA9-5B96-807C-F46B-A5F9B4DE2DAB" otype="FKIndexAssociation" vid_source="DA4399AA-ECBA-8145-D976-51DA22F72BF1" vid_target="51E2B600-A695-5403-C5F3-CF4B7CEB9A54">
<hideElementsInCurrentOnly>false</hideElementsInCurrentOnly>
<backgroundColor>-16777216</backgroundColor>
<lineWidth>1</lineWidth>
<points>
<point x="2813" y="1585"/>
<point x="2813" y="1712"/>
</points>
</Connector>
<Connector class="oracle.dbtools.crest.swingui.relational.TVFKRelation" oid="90B8871F-48FD-6A9A-B6D2-DD377C1791F9" otype="FKIndexAssociation" vid_source="64D4B53D-7CA9-F343-EF47-1EB8D97404E9" vid_target="420A274E-4203-1492-8B40-1FD28B791610">
<hideElementsInCurrentOnly>false</hideElementsInCurrentOnly>
<backgroundColor>-16777216</backgroundColor>
<lineWidth>1</lineWidth>
<points>
<point x="2803" y="1260"/>
<point x="2697" y="1260"/>
</points>
</Connector>
<Connector class="oracle.dbtools.crest.swingui.relational.TVFKRelation" oid="992F1065-9496-B7F2-590B-383858432684" otype="FKIndexAssociation" vid_source="DBE8987E-BB3B-BFA7-957F-996BDF134E20" vid_target="435A6E31-B966-00B9-2F62-D85C547B8E29">
<hideElementsInCurrentOnly>false</hideElementsInCurrentOnly>
<backgroundColor>-16777216</backgroundColor>
<lineWidth>1</lineWidth>
<points>
<point x="1150" y="1602"/>
<point x="968" y="1264"/>
</points>
</Connector>
<Connector class="oracle.dbtools.crest.swingui.relational.TVFKRelation" oid="997C623C-505B-380D-2BEF-B7FB2F9A0587" otype="FKIndexAssociation" vid_source="89053139-7DCC-0C5E-FE0E-AA1D7653F430" vid_target="A32E39E7-3CEE-19F2-3CD0-DF7D57AE7C7B">
<hideElementsInCurrentOnly>false</hideElementsInCurrentOnly>
<backgroundColor>-16777216</backgroundColor>
<lineWidth>1</lineWidth>
<points>
<point x="2416" y="1054"/>
<point x="2348" y="1054"/>
</points>
</Connector>
<Connector class="oracle.dbtools.crest.swingui.relational.TVFKRelation" oid="A43259A1-CDD5-06B4-E639-A076B6165E39" otype="FKIndexAssociation" vid_source="1A698160-FD42-77D5-86E9-B6D41716C74C" vid_target="374B70B2-A77E-DBD1-4A85-E6CD31449E0F">
<hideElementsInCurrentOnly>false</hideElementsInCurrentOnly>
<backgroundColor>-16777216</backgroundColor>
<lineWidth>1</lineWidth>
<points>
<point x="2228" y="379"/>
<point x="2415" y="379"/>
</points>
</Connector>
<Connector class="oracle.dbtools.crest.swingui.relational.TVFKRelation" oid="A5E5D126-6942-3E56-5AA5-F3C9F4F3F0A3" otype="FKIndexAssociation" vid_source="F1AD1888-1419-A418-B78E-0EA1280EBA38" vid_target="A32E39E7-3CEE-19F2-3CD0-DF7D57AE7C7B">
<hideElementsInCurrentOnly>false</hideElementsInCurrentOnly>
<backgroundColor>-16777216</backgroundColor>
<lineWidth>1</lineWidth>
<points>
<point x="1651" y="1174"/>
<point x="2046" y="1174"/>
</points>
</Connector>
<Connector class="oracle.dbtools.crest.swingui.relational.TVFKRelation" oid="A8D01350-E71E-4DEC-2160-6F74BCB2C911" otype="FKIndexAssociation" vid_source="435A6E31-B966-00B9-2F62-D85C547B8E29" vid_target="AB20C571-4787-C767-70D1-BEA286123D33">
<hideElementsInCurrentOnly>false</hideElementsInCurrentOnly>
<backgroundColor>-16777216</backgroundColor>
<lineWidth>1</lineWidth>
<points>
<point x="848" y="1200"/>
<point x="745" y="1200"/>
</points>
</Connector>
<Connector class="oracle.dbtools.crest.swingui.relational.TVFKRelation" oid="ADE84BAD-0B6A-BA6B-4461-A64FF4B6E31E" otype="FKIndexAssociation" vid_source="0B4085E0-B6F7-BAC2-9223-00DB2491FCD2" vid_target="FDC46311-A1E9-44CC-62AD-14786BC0D308">
<hideElementsInCurrentOnly>false</hideElementsInCurrentOnly>
<backgroundColor>-16777216</backgroundColor>
<lineWidth>1</lineWidth>
<points>
<point x="2343" y="2166"/>
<point x="2139" y="2166"/>
</points>
</Connector>
<Connector class="oracle.dbtools.crest.swingui.relational.TVFKRelation" oid="B2D6A8DE-F2C3-876A-719B-FE08AFFE636A" otype="FKIndexAssociation" vid_source="DA4399AA-ECBA-8145-D976-51DA22F72BF1" vid_target="6A19A470-1720-035A-8702-34A0197253AA">
<hideElementsInCurrentOnly>false</hideElementsInCurrentOnly>
<backgroundColor>-16777216</backgroundColor>
<lineWidth>1</lineWidth>
<points>
<point x="2873" y="1486"/>
<point x="2969" y="1486"/>
</points>
</Connector>
<Connector class="oracle.dbtools.crest.swingui.relational.TVFKRelation" oid="BFCB3EEA-4339-7268-F070-7D6159EE1B5D" otype="FKIndexAssociation" vid_source="18D6224C-F712-7371-A092-68838F701656" vid_target="FDC46311-A1E9-44CC-62AD-14786BC0D308">
<hideElementsInCurrentOnly>false</hideElementsInCurrentOnly>
<backgroundColor>-16777216</backgroundColor>
<lineWidth>1</lineWidth>
<points>
<point x="2007" y="2328"/>
<point x="2007" y="2230"/>
</points>
</Connector>
<Connector class="oracle.dbtools.crest.swingui.relational.TVFKRelation" oid="C12DF18B-5418-084E-AAD3-96F5BD5B0090" otype="FKIndexAssociation" vid_source="11FE387E-E09B-846A-E24F-86012A19AD1F" vid_target="7C8AB2DE-B691-4272-250C-5DE2CB11296D">
<hideElementsInCurrentOnly>false</hideElementsInCurrentOnly>
<backgroundColor>-16777216</backgroundColor>
<lineWidth>1</lineWidth>
<points>
<point x="393" y="936"/>
<point x="895" y="936"/>
</points>
</Connector>
<Connector class="oracle.dbtools.crest.swingui.relational.TVFKRelation" oid="C31CB76A-F4D8-5B49-6542-78462CB3C8B8" otype="FKIndexAssociation" vid_source="64D4B53D-7CA9-F343-EF47-1EB8D97404E9" vid_target="DA4399AA-ECBA-8145-D976-51DA22F72BF1">
<hideElementsInCurrentOnly>false</hideElementsInCurrentOnly>
<backgroundColor>-16777216</backgroundColor>
<lineWidth>1</lineWidth>
<points>
<point x="2838" y="1267"/>
<point x="2838" y="1443"/>
</points>
</Connector>
<Connector class="oracle.dbtools.crest.swingui.relational.TVFKRelation" oid="C3FD3B00-C049-E7CB-634A-05D39D71B730" otype="FKIndexAssociation" vid_source="6ADAE13E-8309-7E79-1394-71335E408840" vid_target="B6E57A19-3BCC-9109-C31D-0F7D8FE687A7">
<hideElementsInCurrentOnly>false</hideElementsInCurrentOnly>
<backgroundColor>-16777216</backgroundColor>
<lineWidth>1</lineWidth>
<points>
<point x="1943" y="1538"/>
<point x="1794" y="1538"/>
</points>
</Connector>
<Connector class="oracle.dbtools.crest.swingui.relational.TVFKRelation" oid="C7783223-2842-592E-5D52-02F2C1B74F3C" otype="FKIndexAssociation" vid_source="DA4399AA-ECBA-8145-D976-51DA22F72BF1" vid_target="420A274E-4203-1492-8B40-1FD28B791610">
<hideElementsInCurrentOnly>false</hideElementsInCurrentOnly>
<backgroundColor>-16777216</backgroundColor>
<lineWidth>1</lineWidth>
<points>
<point x="2609" y="1443"/>
<point x="2609" y="1392"/>
</points>
</Connector>
<Connector class="oracle.dbtools.crest.swingui.relational.TVFKRelation" oid="D10ED1AF-533A-16BB-308D-5418601AF8FA" otype="FKIndexAssociation" vid_source="374B70B2-A77E-DBD1-4A85-E6CD31449E0F" vid_target="C0784074-7C2D-A783-DBC0-84D9A880C2BD">
<hideElementsInCurrentOnly>false</hideElementsInCurrentOnly>
<backgroundColor>-16777216</backgroundColor>
<lineWidth>1</lineWidth>
<points>
<point x="2671" y="511"/>
<point x="2671" y="760"/>
</points>
</Connector>
<Connector class="oracle.dbtools.crest.swingui.relational.TVFKRelation" oid="D3D775F2-6124-E8C5-99DA-47B2B7B770C9" otype="FKIndexAssociation" vid_source="8BDE84D9-F4B4-C580-1CD7-842746DEFB02" vid_target="11284589-AA35-0928-AB8A-F7C7FFA7C517">
<hideElementsInCurrentOnly>false</hideElementsInCurrentOnly>
<backgroundColor>-16777216</backgroundColor>
<lineWidth>1</lineWidth>
<points>
<point x="927" y="411"/>
<point x="927" y="484"/>
</points>
</Connector>
<Connector class="oracle.dbtools.crest.swingui.relational.TVFKRelation" oid="D44396E4-13EB-75BA-7D0F-844F4FD237CA" otype="FKIndexAssociation" vid_source="CB44D554-E2D9-0E2A-331C-F26612782673" vid_target="7C8AB2DE-B691-4272-250C-5DE2CB11296D">
<hideElementsInCurrentOnly>false</hideElementsInCurrentOnly>
<backgroundColor>-16777216</backgroundColor>
<lineWidth>1</lineWidth>
<points>
<point x="1187" y="1157"/>
<point x="1187" y="1090"/>
</points>
</Connector>
<Connector class="oracle.dbtools.crest.swingui.relational.TVFKRelation" oid="D721E25D-6207-59FE-7133-8D466632815E" otype="FKIndexAssociation" vid_source="18D6224C-F712-7371-A092-68838F701656" vid_target="990076D0-AC44-0F44-53BC-E720B1C72AFA">
<hideElementsInCurrentOnly>false</hideElementsInCurrentOnly>
<backgroundColor>-16777216</backgroundColor>
<lineWidth>1</lineWidth>
<points>
<point x="2135" y="2391"/>
<point x="2309" y="2391"/>
</points>
</Connector>
<Connector class="oracle.dbtools.crest.swingui.relational.TVFKRelation" oid="D7AF48DB-DFF8-A09F-1FAE-C506A225CA05" otype="FKIndexAssociation" vid_source="C0E697B0-7F1D-6F89-B593-F419826B4965" vid_target="3D026B50-8429-4DE5-0004-8D7387831AFB">
<hideElementsInCurrentOnly>false</hideElementsInCurrentOnly>
<backgroundColor>-16777216</backgroundColor>
<lineWidth>1</lineWidth>
<points>
<point x="1858" y="1205"/>
<point x="1672" y="901"/>
</points>
</Connector>
<Connector class="oracle.dbtools.crest.swingui.relational.TVFKRelation" oid="DEAD4A69-C87B-D3A3-3F83-326E4974ADD2" otype="FKIndexAssociation" vid_source="5DA55EE9-7F79-2DD9-0A5C-84196B839D66" vid_target="6A19A470-1720-035A-8702-34A0197253AA">
<hideElementsInCurrentOnly>false</hideElementsInCurrentOnly>
<backgroundColor>-16777216</backgroundColor>
<lineWidth>1</lineWidth>
<points>
<point x="3087" y="1577"/>
<point x="3087" y="1530"/>
</points>
</Connector>
<Connector class="oracle.dbtools.crest.swingui.relational.TVFKRelation" oid="DF64CAC0-FBE9-022C-67B9-4AEDDF15BAAA" otype="FKIndexAssociation" vid_source="8350131F-9632-1456-9356-E799A1880488" vid_target="FDC46311-A1E9-44CC-62AD-14786BC0D308">
<hideElementsInCurrentOnly>false</hideElementsInCurrentOnly>
<backgroundColor>-16777216</backgroundColor>
<lineWidth>1</lineWidth>
<points>
<point x="1980" y="1826"/>
<point x="1980" y="2038"/>
</points>
</Connector>
<Connector class="oracle.dbtools.crest.swingui.relational.TVFKRelation" oid="E35B283F-25B2-AD37-D976-57C00D79B95B" otype="FKIndexAssociation" vid_source="DF5538F1-3E1A-33F0-BDE3-333E689C0161" vid_target="2E51871A-5F2A-25B4-C779-ACE6363E0213">
<hideElementsInCurrentOnly>false</hideElementsInCurrentOnly>
<backgroundColor>-16777216</backgroundColor>
<lineWidth>1</lineWidth>
<points>
<point x="2021" y="781"/>
<point x="2021" y="704"/>
</points>
</Connector>
<Connector class="oracle.dbtools.crest.swingui.relational.TVFKRelation" oid="E5982723-4E5C-7ABA-66D7-70CA860630DA" otype="FKIndexAssociation" vid_source="7C8AB2DE-B691-4272-250C-5DE2CB11296D" vid_target="6599100B-E2C0-2532-BC63-270BD7ACEEBD">
<hideElementsInCurrentOnly>false</hideElementsInCurrentOnly>
<backgroundColor>-16777216</backgroundColor>
<lineWidth>1</lineWidth>
<points>
<point x="895" y="850"/>
<point x="421" y="850"/>
</points>
</Connector>
<Connector class="oracle.dbtools.crest.swingui.relational.TVFKRelation" oid="E94271BE-6E8F-5D8C-1022-B6C1E01D741E" otype="FKIndexAssociation" vid_source="7C8AB2DE-B691-4272-250C-5DE2CB11296D" vid_target="11284589-AA35-0928-AB8A-F7C7FFA7C517">
<hideElementsInCurrentOnly>false</hideElementsInCurrentOnly>
<backgroundColor>-16777216</backgroundColor>
<lineWidth>1</lineWidth>
<points>
<point x="1020" y="842"/>
<point x="1020" y="662"/>
</points>
</Connector>
<Connector class="oracle.dbtools.crest.swingui.relational.TVFKRelation" oid="E98688E1-063D-9532-5074-8599803FABB6" otype="FKIndexAssociation" vid_source="F1AD1888-1419-A418-B78E-0EA1280EBA38" vid_target="C0E697B0-7F1D-6F89-B593-F419826B4965">
<hideElementsInCurrentOnly>false</hideElementsInCurrentOnly>
<backgroundColor>-16777216</backgroundColor>
<lineWidth>1</lineWidth>
<points>
<point x="1651" y="1237"/>
<point x="1795" y="1237"/>
</points>
</Connector>
<Connector class="oracle.dbtools.crest.swingui.relational.TVFKRelation" oid="EBB40C4F-2042-C893-2EC4-B41E2C98B620" otype="FKIndexAssociation" vid_source="8BDE84D9-F4B4-C580-1CD7-842746DEFB02" vid_target="6036A9A5-8ADE-6E0F-3447-0861EFF55A2C">
<hideElementsInCurrentOnly>false</hideElementsInCurrentOnly>
<backgroundColor>-16777216</backgroundColor>
<lineWidth>1</lineWidth>
<points>
<point x="1020" y="374"/>
<point x="1249" y="374"/>
</points>
</Connector>
<Connector class="oracle.dbtools.crest.swingui.relational.TVFKRelation" oid="EC06755E-489C-1B14-B479-CA4D51C425A6" otype="FKIndexAssociation" vid_source="F6CE1652-F1A9-CDDE-B010-998E5C573696" vid_target="18D6224C-F712-7371-A092-68838F701656">
<hideElementsInCurrentOnly>false</hideElementsInCurrentOnly>
<backgroundColor>-16777216</backgroundColor>
<lineWidth>1</lineWidth>
<points>
<point x="1720" y="2561"/>
<point x="1879" y="2492"/>
</points>
</Connector>
<Connector class="oracle.dbtools.crest.swingui.relational.TVFKRelation" oid="EC1E8C49-F5CE-1D76-ED67-22E0D6536258" otype="FKIndexAssociation" vid_source="84904F50-447D-5182-DA7E-724582A0C6A4" vid_target="18D6224C-F712-7371-A092-68838F701656">
<hideElementsInCurrentOnly>false</hideElementsInCurrentOnly>
<backgroundColor>-16777216</backgroundColor>
<lineWidth>1</lineWidth>
<points>
<point x="1732" y="2228"/>
<point x="1879" y="2340"/>
</points>
</Connector>
<Connector class="oracle.dbtools.crest.swingui.relational.TVFKRelation" oid="EEE9CFF6-795B-2015-5C10-76821DF3CB94" otype="FKIndexAssociation" vid_source="1A698160-FD42-77D5-86E9-B6D41716C74C" vid_target="3D026B50-8429-4DE5-0004-8D7387831AFB">
<hideElementsInCurrentOnly>false</hideElementsInCurrentOnly>
<backgroundColor>-16777216</backgroundColor>
<lineWidth>1</lineWidth>
<points>
<point x="2069" y="426"/>
<point x="1736" y="695"/>
</points>
</Connector>
<Connector class="oracle.dbtools.crest.swingui.relational.TVFKRelation" oid="F398DA0D-5D3F-9E47-2176-4D131F745B4D" otype="FKIndexAssociation" vid_source="F1AD1888-1419-A418-B78E-0EA1280EBA38" vid_target="DF5538F1-3E1A-33F0-BDE3-333E689C0161">
<hideElementsInCurrentOnly>false</hideElementsInCurrentOnly>
<backgroundColor>-16777216</backgroundColor>
<lineWidth>1</lineWidth>
<points>
<point x="1636" y="1111"/>
<point x="1923" y="909"/>
</points>
</Connector>
<Connector class="oracle.dbtools.crest.swingui.relational.TVFKRelation" oid="F555CBA8-6FE8-85F6-2168-CA70DE01B58E" otype="FKIndexAssociation" vid_source="6ADAE13E-8309-7E79-1394-71335E408840" vid_target="F1AD1888-1419-A418-B78E-0EA1280EBA38">
<hideElementsInCurrentOnly>false</hideElementsInCurrentOnly>
<backgroundColor>-16777216</backgroundColor>
<lineWidth>1</lineWidth>
<points>
<point x="1943" y="1412"/>
<point x="1651" y="1257"/>
</points>
</Connector>
<Connector class="oracle.dbtools.crest.swingui.relational.TVFKRelation" oid="F95B1705-0D67-0C0B-3623-BE64E1FF2478" otype="FKIndexAssociation" vid_source="2E51871A-5F2A-25B4-C779-ACE6363E0213" vid_target="3D026B50-8429-4DE5-0004-8D7387831AFB">
<hideElementsInCurrentOnly>false</hideElementsInCurrentOnly>
<backgroundColor>-16777216</backgroundColor>
<lineWidth>1</lineWidth>
<points>
<point x="1928" y="699"/>
<point x="1782" y="699"/>
</points>
</Connector>
<Connector class="oracle.dbtools.crest.swingui.relational.TVFKRelation" oid="F95BDE63-1C2F-888D-93F9-2AA3BB2046AE" otype="FKIndexAssociation" vid_source="6ADAE13E-8309-7E79-1394-71335E408840" vid_target="835D7AD7-6A92-EC1C-55BE-E2B3628D1671">
<hideElementsInCurrentOnly>false</hideElementsInCurrentOnly>
<backgroundColor>-16777216</backgroundColor>
<lineWidth>1</lineWidth>
<points>
<point x="2199" y="1401"/>
<point x="2674" y="1108"/>
</points>
</Connector>
<Connector class="oracle.dbtools.crest.swingui.relational.TVFKRelation" oid="F97F7A0B-39B4-C112-F5FE-C130099094ED" otype="FKIndexAssociation" vid_source="64D4B53D-7CA9-F343-EF47-1EB8D97404E9" vid_target="835D7AD7-6A92-EC1C-55BE-E2B3628D1671">
<hideElementsInCurrentOnly>false</hideElementsInCurrentOnly>
<backgroundColor>-16777216</backgroundColor>
<lineWidth>1</lineWidth>
<points>
<point x="2900" y="1165"/>
<point x="2900" y="1108"/>
</points>
</Connector>
<Connector class="oracle.dbtools.crest.swingui.relational.TVFKRelation" oid="F9ED3D7C-EBB6-98E9-9CAD-E1093F929994" otype="FKIndexAssociation" vid_source="A32E39E7-3CEE-19F2-3CD0-DF7D57AE7C7B" vid_target="DF5538F1-3E1A-33F0-BDE3-333E689C0161">
<hideElementsInCurrentOnly>false</hideElementsInCurrentOnly>
<backgroundColor>-16777216</backgroundColor>
<lineWidth>1</lineWidth>
<points>
<point x="2080" y="1018"/>
<point x="2080" y="909"/>
</points>
</Connector>
<Connector class="oracle.dbtools.crest.swingui.relational.TVFKRelation" oid="F9F462F1-19C3-CFD4-E529-BC7C12F16472" otype="FKIndexAssociation" vid_source="5DA55EE9-7F79-2DD9-0A5C-84196B839D66" vid_target="DA4399AA-ECBA-8145-D976-51DA22F72BF1">
<hideElementsInCurrentOnly>false</hideElementsInCurrentOnly>
<backgroundColor>-16777216</backgroundColor>
<lineWidth>1</lineWidth>
<points>
<point x="2995" y="1581"/>
<point x="2873" y="1581"/>
</points>
</Connector>
<Connector class="oracle.dbtools.crest.swingui.relational.TVFKRelation" oid="FB3012BB-5294-27A1-8645-4BEFE99B39D2" otype="FKIndexAssociation" vid_source="8350131F-9632-1456-9356-E799A1880488" vid_target="DBE8987E-BB3B-BFA7-957F-996BDF134E20">
<hideElementsInCurrentOnly>false</hideElementsInCurrentOnly>
<backgroundColor>-16777216</backgroundColor>
<lineWidth>1</lineWidth>
<points>
<point x="1835" y="1693"/>
<point x="1297" y="1693"/>
</points>
</Connector>
<Connector class="oracle.dbtools.crest.swingui.relational.TVFKRelation" oid="FF098D26-EF45-DC2A-69F9-AEEEEA732E3F" otype="FKIndexAssociation" vid_source="3D026B50-8429-4DE5-0004-8D7387831AFB" vid_target="6036A9A5-8ADE-6E0F-3447-0861EFF55A2C">
<hideElementsInCurrentOnly>false</hideElementsInCurrentOnly>
<backgroundColor>-16777216</backgroundColor>
<lineWidth>1</lineWidth>
<points>
<point x="1523" y="695"/>
<point x="1523" y="521"/>
</points>
</Connector>
</connectors>
<displays>
<Display class="oracle.dbtools.crest.swingui.relational.DPVRelational" name="Display_1" id="35628D2C-B965-6C48-C7ED-519E792E5275">
<createdBy>stefa</createdBy>
<modifiedBy>stefa</modifiedBy>
<createdTime>2023-10-06 12:46:10 UTC</createdTime>
<autoRoute>false</autoRoute>
<boxInbox>true</boxInbox>
<showLegend>false</showLegend>
<showLabels>false</showLabels>
<showRelAttributes>false</showRelAttributes>
<gridEnabled>false</gridEnabled>
<showGrid>false</showGrid>
<diagramColor>-1</diagramColor>
<display>true</display>
<notation>1</notation>
<objectViews>
<OView class="oracle.dbtools.crest.swingui.relational.TVTable" oid="075F9301-DFCD-BCB4-C7D1-94F4E690CED7" otype="Table" vid="9DF5685E-9334-BCAD-8B1F-BBC76A35D6DC">
<hideElementsInCurrentOnly>false</hideElementsInCurrentOnly>
<bounds x="230" y="410" width="170" height="110"/>
</OView>
<OView class="oracle.dbtools.crest.swingui.relational.TVTable" oid="1B76A590-0956-E4B3-057C-976D58C0857A" otype="Table" vid="905C0315-B58E-82E8-B391-7EEC24FF61F3">
<hideElementsInCurrentOnly>false</hideElementsInCurrentOnly>
<bounds x="50" y="50" width="170" height="110"/>
</OView>
<OView class="oracle.dbtools.crest.swingui.relational.TVTable" oid="1D74AE94-D743-FF95-6CF1-A335BD6B14F1" otype="Table" vid="BDB3A242-669E-2B43-785E-7662377DD5A1">
<hideElementsInCurrentOnly>false</hideElementsInCurrentOnly>
<bounds x="310" y="570" width="170" height="110"/>
</OView>
<OView class="oracle.dbtools.crest.swingui.relational.TVTable" oid="1F50BA0A-8D1A-EAEE-03A0-214473448524" otype="Table" vid="9ABE562F-02F7-73FC-43F8-A29ACCDA01BD">
<hideElementsInCurrentOnly>false</hideElementsInCurrentOnly>
<bounds x="80" y="110" width="170" height="110"/>
</OView>
<OView class="oracle.dbtools.crest.swingui.relational.TVTable" oid="22AE0AFF-9B97-BF4F-6D8E-97E4D49ADFA5" otype="Table" vid="7DB9DB9F-3C10-9978-4158-DF6733B7B603">
<hideElementsInCurrentOnly>false</hideElementsInCurrentOnly>
<bounds x="456" y="387" width="170" height="110"/>
</OView>
<OView class="oracle.dbtools.crest.swingui.relational.TVTable" oid="2370AD2E-84E5-8270-42C1-228AD6680366" otype="Table" vid="349B4D06-172C-01BF-542D-E5DB7F03FBE9">
<hideElementsInCurrentOnly>false</hideElementsInCurrentOnly>
<bounds x="603" y="647" width="170" height="110"/>
</OView>
<OView class="oracle.dbtools.crest.swingui.relational.TVTable" oid="252E60AF-F189-9DA7-6BBF-72EB1CC8F5C9" otype="Table" vid="F5840B86-F739-984E-53D1-89224A2E66D9">
<hideElementsInCurrentOnly>false</hideElementsInCurrentOnly>
<bounds x="1051" y="191" width="170" height="110"/>
</OView>
<OView class="oracle.dbtools.crest.swingui.relational.TVTable" oid="2D598576-F588-E94C-2701-09E79A9DBE2D" otype="Table" vid="18FFBC9E-56D2-1BF2-8802-A8D7EC190B73">
<hideElementsInCurrentOnly>false</hideElementsInCurrentOnly>
<bounds x="330" y="610" width="170" height="110"/>
</OView>
<OView class="oracle.dbtools.crest.swingui.relational.TVTable" oid="32E88CCA-E0E1-DFA9-69DC-A58B617FBE40" otype="Table" vid="51833807-8FCB-17A4-7F8F-7A47BE944CFF">
<hideElementsInCurrentOnly>false</hideElementsInCurrentOnly>
<bounds x="420" y="790" width="170" height="110"/>
</OView>
<OView class="oracle.dbtools.crest.swingui.relational.TVTable" oid="3FBFC425-CE2D-18AD-5B12-8659D9B5B4BC" otype="Table" vid="384BE330-707A-2A25-BB05-201AB5C3BBDF">
<hideElementsInCurrentOnly>false</hideElementsInCurrentOnly>
<bounds x="450" y="850" width="170" height="110"/>
</OView>
<OView class="oracle.dbtools.crest.swingui.relational.TVTable" oid="492D66E9-E4A0-15BF-24CD-29BBEF522DA9" otype="Table" vid="C131A35C-A116-6666-7629-38BF9946413D">
<hideElementsInCurrentOnly>false</hideElementsInCurrentOnly>
<bounds x="330" y="610" width="170" height="110"/>
</OView>
<OView class="oracle.dbtools.crest.swingui.relational.TVTable" oid="4BDCD453-AEB8-E418-E568-32D020183718" otype="Table" vid="DFD43284-D734-4B22-9FD4-30C339F413C6">
<hideElementsInCurrentOnly>false</hideElementsInCurrentOnly>
<bounds x="260" y="470" width="170" height="110"/>
</OView>
<OView class="oracle.dbtools.crest.swingui.relational.TVTable" oid="54D789BE-F446-41C7-79A8-04E333AC2983" otype="Table" vid="709B07D6-7273-45C8-279F-78258F4661F7">
<hideElementsInCurrentOnly>false</hideElementsInCurrentOnly>
<bounds x="500" y="950" width="170" height="110"/>
</OView>
<OView class="oracle.dbtools.crest.swingui.relational.TVTable" oid="558F09E3-1694-A59F-5839-ECE4D3F79A74" otype="Table" vid="CCCCB534-3515-B368-DD42-2FD98D6943EF">
<hideElementsInCurrentOnly>false</hideElementsInCurrentOnly>
<bounds x="180" y="310" width="170" height="110"/>
</OView>
<OView class="oracle.dbtools.crest.swingui.relational.TVTable" oid="760D90D5-417A-AB5D-4040-94A39696F65D" otype="Table" vid="7BEA5B85-5676-ED0A-AC10-DB3AC5A9FF11">
<hideElementsInCurrentOnly>false</hideElementsInCurrentOnly>
<bounds x="60" y="70" width="170" height="110"/>
</OView>
<OView class="oracle.dbtools.crest.swingui.relational.TVTable" oid="778ABA2D-7698-DD96-3D71-95248D896C8B" otype="Table" vid="C55410ED-9082-2D9E-58DD-B9D80C5C045D">
<hideElementsInCurrentOnly>false</hideElementsInCurrentOnly>
<bounds x="390" y="730" width="170" height="110"/>
</OView>
<OView class="oracle.dbtools.crest.swingui.relational.TVTable" oid="7C05B650-117C-55E6-DC26-10D03654A987" otype="Table" vid="A07E04C8-DF54-8C4E-3850-010E52A0BB35">
<hideElementsInCurrentOnly>false</hideElementsInCurrentOnly>
<bounds x="550" y="1050" width="170" height="110"/>
</OView>
<OView class="oracle.dbtools.crest.swingui.relational.TVTable" oid="7D84A237-3972-7723-B097-F4B6F8B75348" otype="Table" vid="8582D9BF-918A-E73C-C137-4AF2F8A5030C">
<hideElementsInCurrentOnly>false</hideElementsInCurrentOnly>
<bounds x="400" y="750" width="170" height="110"/>
</OView>
<OView class="oracle.dbtools.crest.swingui.relational.TVTable" oid="807A60EC-BCAD-A5C8-1858-8A13A44A5564" otype="Table" vid="4FA9AA1D-7E59-4892-22FD-748CCC286FC4">
<hideElementsInCurrentOnly>false</hideElementsInCurrentOnly>
<bounds x="270" y="490" width="170" height="110"/>
</OView>
<OView class="oracle.dbtools.crest.swingui.relational.TVTable" oid="8BF55CA9-FB0B-9D62-9583-F2950F1BEDBA" otype="Table" vid="BA0A9ACA-41E0-926E-0A7B-67CABDC75C63">
<hideElementsInCurrentOnly>false</hideElementsInCurrentOnly>
<bounds x="230" y="410" width="170" height="110"/>
</OView>
<OView class="oracle.dbtools.crest.swingui.relational.TVTable" oid="8D538C8E-D039-3416-4EAC-C08B35DF450C" otype="Table" vid="7223B687-7F10-38D4-2F1B-57A3D14AC90F">
<hideElementsInCurrentOnly>false</hideElementsInCurrentOnly>
<bounds x="80" y="110" width="170" height="110"/>
</OView>
<OView class="oracle.dbtools.crest.swingui.relational.TVTable" oid="940FB7A5-8087-D73B-A463-308AE6573128" otype="Table" vid="06C2A239-55A6-4ED1-CF91-05A4E6AC0B71">
<hideElementsInCurrentOnly>false</hideElementsInCurrentOnly>
<bounds x="90" y="130" width="170" height="110"/>
</OView>
<OView class="oracle.dbtools.crest.swingui.relational.TVTable" oid="9FE0AEB5-FC2D-C435-6EF1-E088CE348996" otype="Table" vid="53CE709E-AD70-6A49-8D06-5C2498BD36CC">
<hideElementsInCurrentOnly>false</hideElementsInCurrentOnly>
<bounds x="50" y="50" width="170" height="110"/>
</OView>
<OView class="oracle.dbtools.crest.swingui.relational.TVTable" oid="A446B593-7F60-A22F-C8D8-E29E73B761C6" otype="Table" vid="89D18A5B-D0A1-2F42-03B0-3892B57725C1">
<hideElementsInCurrentOnly>false</hideElementsInCurrentOnly>
<bounds x="50" y="50" width="170" height="110"/>
</OView>
<OView class="oracle.dbtools.crest.swingui.relational.TVTable" oid="A4729EB5-4724-6EC2-0800-D47FB565D7A2" otype="Table" vid="412FA95B-8CB3-A8C2-2158-40DE5369B85C">
<hideElementsInCurrentOnly>false</hideElementsInCurrentOnly>
<bounds x="310" y="570" width="170" height="110"/>
</OView>
<OView class="oracle.dbtools.crest.swingui.relational.TVTable" oid="A57B8E71-97F7-6938-691B-3793F1996960" otype="Table" vid="64B4A5AE-D70F-6A1C-0532-C76147D23162">
<hideElementsInCurrentOnly>false</hideElementsInCurrentOnly>
<bounds x="70" y="90" width="170" height="110"/>
</OView>
<OView class="oracle.dbtools.crest.swingui.relational.TVTable" oid="A5B2673F-E69C-17DE-BAFE-518F4B9B13CD" otype="Table" vid="0D175E21-1772-2EC7-5F0F-B30873A42004">
<hideElementsInCurrentOnly>false</hideElementsInCurrentOnly>
<bounds x="320" y="590" width="170" height="110"/>
</OView>
<OView class="oracle.dbtools.crest.swingui.relational.TVTable" oid="ADFDFA9C-46CE-7377-8C9E-08B527083521" otype="Table" vid="E62D19BB-D275-7A39-4EE3-7710D52154A7">
<hideElementsInCurrentOnly>false</hideElementsInCurrentOnly>
<bounds x="140" y="230" width="170" height="110"/>
</OView>
<OView class="oracle.dbtools.crest.swingui.relational.TVTable" oid="B3D8FBFA-DE73-005F-39A8-2121F5FC2E3F" otype="Table" vid="265AD3EB-EA8A-626A-E576-86673606870E">
<hideElementsInCurrentOnly>false</hideElementsInCurrentOnly>
<bounds x="510" y="970" width="170" height="110"/>
</OView>
<OView class="oracle.dbtools.crest.swingui.relational.TVTable" oid="C3A9A6F0-7372-17F2-0AA1-C3C1FEF8E245" otype="Table" vid="684166CE-5F07-56D2-46D3-E51895E94E53">
<hideElementsInCurrentOnly>false</hideElementsInCurrentOnly>
<bounds x="170" y="290" width="170" height="110"/>
</OView>
<OView class="oracle.dbtools.crest.swingui.relational.TVTable" oid="C6053AA3-8BCB-484C-29B1-CE4F5B82D5EC" otype="Table" vid="B02B670A-1FA2-21BF-BC73-F3D5BC5B8DA3">
<hideElementsInCurrentOnly>false</hideElementsInCurrentOnly>
<bounds x="1123" y="571" width="170" height="110"/>
</OView>
<OView class="oracle.dbtools.crest.swingui.relational.TVTable" oid="CAA6EC84-7529-9C5E-8C70-D9457F76C3BB" otype="Table" vid="4B0B0E10-1EA0-E4DD-C344-E7EAB6AE91C1">
<hideElementsInCurrentOnly>false</hideElementsInCurrentOnly>
<bounds x="390" y="730" width="170" height="110"/>
</OView>
<OView class="oracle.dbtools.crest.swingui.relational.TVTable" oid="D1BA6672-34F5-2CBE-56D2-0235F59B63F0" otype="Table" vid="EAAC0750-49FF-D1D6-8CD0-1CC9247DD07B">
<hideElementsInCurrentOnly>false</hideElementsInCurrentOnly>
<bounds x="186" y="210" width="170" height="110"/>
</OView>
<OView class="oracle.dbtools.crest.swingui.relational.TVTable" oid="D2001590-598F-0951-D18D-DB2F2E2D11C0" otype="Table" vid="D7AD5A85-79E6-CFC5-73DE-489A34A350E5">
<hideElementsInCurrentOnly>false</hideElementsInCurrentOnly>
<bounds x="220" y="390" width="170" height="110"/>
</OView>
<OView class="oracle.dbtools.crest.swingui.relational.TVTable" oid="D33E9B32-5ACE-5259-B5CF-F07B6F31EB7A" otype="Table" vid="4D4BBBAF-F4DD-8BF6-6D46-3EB48E5F3090">
<hideElementsInCurrentOnly>false</hideElementsInCurrentOnly>
<bounds x="200" y="350" width="170" height="110"/>
</OView>
<OView class="oracle.dbtools.crest.swingui.relational.TVTable" oid="E0EB24FE-185E-7047-E964-08C31EC40327" otype="Table" vid="2BA1D978-398C-EE33-6C2F-6D1E4263A2CC">
<hideElementsInCurrentOnly>false</hideElementsInCurrentOnly>
<bounds x="100" y="150" width="170" height="110"/>
</OView>
<OView class="oracle.dbtools.crest.swingui.relational.TVTable" oid="E69BCB7C-3D54-18EC-31B4-C96D239FA58C" otype="Table" vid="D6F3CF97-BB85-3C80-E052-4A832CD9916A">
<hideElementsInCurrentOnly>false</hideElementsInCurrentOnly>
<bounds x="410" y="770" width="170" height="110"/>
</OView>
<OView class="oracle.dbtools.crest.swingui.relational.TVTable" oid="EFE7DDE4-F7F6-727A-414C-8616434069C2" otype="Table" vid="0BAC0268-8B99-3401-6A3D-9E71A6CA8469">
<hideElementsInCurrentOnly>false</hideElementsInCurrentOnly>
<bounds x="100" y="150" width="170" height="110"/>
</OView>
<OView class="oracle.dbtools.crest.swingui.relational.TVTable" oid="F5B57E37-181D-298C-D3C0-2E3B00952876" otype="Table" vid="6B27D87D-5960-EBCF-4A27-06D5E2986ED5">
<hideElementsInCurrentOnly>false</hideElementsInCurrentOnly>
<bounds x="90" y="130" width="170" height="110"/>
</OView>
<OView class="oracle.dbtools.crest.swingui.relational.TVTable" oid="F69AA1BD-30FD-766C-C0DD-C071C239DEE4" otype="Table" vid="928167FD-C56B-9304-87AC-38750D4859D8">
<hideElementsInCurrentOnly>false</hideElementsInCurrentOnly>
<bounds x="678" y="218" width="170" height="110"/>
</OView>
<OView class="oracle.dbtools.crest.swingui.relational.TVTable" oid="F7D05C3B-7E94-AA76-650B-0C0EB7E1A7AD" otype="Table" vid="1A7030B3-9AFB-6F15-C412-F6A28509EBFC">
<hideElementsInCurrentOnly>false</hideElementsInCurrentOnly>
<bounds x="570" y="1090" width="170" height="110"/>
</OView>
<OView class="oracle.dbtools.crest.swingui.relational.TVTable" oid="FA8E9D59-3422-0621-7017-75B20561B6D9" otype="Table" vid="257CEFA8-A4BB-CC32-6D81-AD384050205E">
<hideElementsInCurrentOnly>false</hideElementsInCurrentOnly>
<bounds x="70" y="90" width="170" height="110"/>
</OView>
<OView class="oracle.dbtools.crest.swingui.relational.TVTable" oid="FBC41B2E-336E-B983-A10D-2E6FA1CD2E79" otype="Table" vid="62E53A1E-B85C-F739-C3BC-EC1C9A70CC9A">
<hideElementsInCurrentOnly>false</hideElementsInCurrentOnly>
<bounds x="420" y="790" width="170" height="110"/>
</OView>
<OView class="oracle.dbtools.crest.swingui.relational.TVTable" oid="FCCBE500-38E5-85AE-164C-F14B4A0B95B8" otype="Table" vid="FE885CB8-5BDE-AED6-051D-1189AC16338B">
<hideElementsInCurrentOnly>false</hideElementsInCurrentOnly>
<bounds x="230" y="410" width="170" height="110"/>
</OView>
</objectViews>
<connectors>
<Connector class="oracle.dbtools.crest.swingui.relational.TVFKRelation" oid="03219146-AC30-C05D-AF73-9D0BA6FE2728" otype="FKIndexAssociation" vid_source="9ABE562F-02F7-73FC-43F8-A29ACCDA01BD" vid_target="BDB3A242-669E-2B43-785E-7662377DD5A1">
<hideElementsInCurrentOnly>false</hideElementsInCurrentOnly>
<backgroundColor>-16777216</backgroundColor>
<lineWidth>1</lineWidth>
</Connector>
<Connector class="oracle.dbtools.crest.swingui.relational.TVFKRelation" oid="09DB2621-A5CC-6C8D-13FD-84A9F68498D0" otype="FKIndexAssociation" vid_source="265AD3EB-EA8A-626A-E576-86673606870E" vid_target="709B07D6-7273-45C8-279F-78258F4661F7">
<hideElementsInCurrentOnly>false</hideElementsInCurrentOnly>
<backgroundColor>-16777216</backgroundColor>
<lineWidth>1</lineWidth>
<points>
<point x="510" y="1015"/>
<point x="670" y="1015"/>
</points>
</Connector>
<Connector class="oracle.dbtools.crest.swingui.relational.TVFKRelation" oid="0B17818B-C90D-032A-4C1E-F50B1A98AD3D" otype="FKIndexAssociation" vid_source="4D4BBBAF-F4DD-8BF6-6D46-3EB48E5F3090" vid_target="BA0A9ACA-41E0-926E-0A7B-67CABDC75C63">
<hideElementsInCurrentOnly>false</hideElementsInCurrentOnly>
<backgroundColor>-16777216</backgroundColor>
<lineWidth>1</lineWidth>
<points>
<point x="370" y="435"/>
<point x="230" y="435"/>
</points>
</Connector>
<Connector class="oracle.dbtools.crest.swingui.relational.TVFKRelation" oid="122D7D24-9F51-891A-5F96-0E9882F6363D" otype="FKIndexAssociation" vid_source="7DB9DB9F-3C10-9978-4158-DF6733B7B603" vid_target="9ABE562F-02F7-73FC-43F8-A29ACCDA01BD">
<hideElementsInCurrentOnly>false</hideElementsInCurrentOnly>
<backgroundColor>-16777216</backgroundColor>
<lineWidth>1</lineWidth>
</Connector>
<Connector class="oracle.dbtools.crest.swingui.relational.TVFKRelation" oid="1BF4558B-DEB6-1D44-C786-9A07C778F4DB" otype="FKIndexAssociation" vid_source="62E53A1E-B85C-F739-C3BC-EC1C9A70CC9A" vid_target="D6F3CF97-BB85-3C80-E052-4A832CD9916A">
<hideElementsInCurrentOnly>false</hideElementsInCurrentOnly>
<backgroundColor>-16777216</backgroundColor>
<lineWidth>1</lineWidth>
<points>
<point x="420" y="835"/>
<point x="580" y="835"/>
</points>
</Connector>
<Connector class="oracle.dbtools.crest.swingui.relational.TVFKRelation" oid="1DE336D7-652A-2567-12D0-8FBE3C6C1843" otype="FKIndexAssociation" vid_source="FE885CB8-5BDE-AED6-051D-1189AC16338B" vid_target="6B27D87D-5960-EBCF-4A27-06D5E2986ED5">
<hideElementsInCurrentOnly>false</hideElementsInCurrentOnly>
<backgroundColor>-16777216</backgroundColor>
<lineWidth>1</lineWidth>
</Connector>
<Connector class="oracle.dbtools.crest.swingui.relational.TVFKRelation" oid="22D96517-6DDB-22C5-754D-757A11E9D061" otype="FKIndexAssociation" vid_source="349B4D06-172C-01BF-542D-E5DB7F03FBE9" vid_target="8582D9BF-918A-E73C-C137-4AF2F8A5030C">
<hideElementsInCurrentOnly>false</hideElementsInCurrentOnly>
<backgroundColor>-16777216</backgroundColor>
<lineWidth>1</lineWidth>
</Connector>
<Connector class="oracle.dbtools.crest.swingui.relational.TVFKRelation" oid="290CFF3D-6023-911C-2E31-0D5240CDC716" otype="FKIndexAssociation" vid_source="905C0315-B58E-82E8-B391-7EEC24FF61F3" vid_target="51833807-8FCB-17A4-7F8F-7A47BE944CFF">
<hideElementsInCurrentOnly>false</hideElementsInCurrentOnly>
<backgroundColor>-16777216</backgroundColor>
<lineWidth>1</lineWidth>
</Connector>
<Connector class="oracle.dbtools.crest.swingui.relational.TVFKRelation" oid="29F70EA6-A007-18F2-2803-7F8485602033" otype="FKIndexAssociation" vid_source="257CEFA8-A4BB-CC32-6D81-AD384050205E" vid_target="349B4D06-172C-01BF-542D-E5DB7F03FBE9">
<hideElementsInCurrentOnly>false</hideElementsInCurrentOnly>
<backgroundColor>-16777216</backgroundColor>
<lineWidth>1</lineWidth>
</Connector>
<Connector class="oracle.dbtools.crest.swingui.relational.TVFKRelation" oid="336E842F-D64F-56F3-ACF1-D39A6FBB6443" otype="FKIndexAssociation" vid_source="4D4BBBAF-F4DD-8BF6-6D46-3EB48E5F3090" vid_target="7223B687-7F10-38D4-2F1B-57A3D14AC90F">
<hideElementsInCurrentOnly>false</hideElementsInCurrentOnly>
<backgroundColor>-16777216</backgroundColor>
<lineWidth>1</lineWidth>
</Connector>
<Connector class="oracle.dbtools.crest.swingui.relational.TVFKRelation" oid="4F31A8F1-0C6A-3F25-1072-9DD3C981E838" otype="FKIndexAssociation" vid_source="EAAC0750-49FF-D1D6-8CD0-1CC9247DD07B" vid_target="BDB3A242-669E-2B43-785E-7662377DD5A1">
<hideElementsInCurrentOnly>false</hideElementsInCurrentOnly>
<backgroundColor>-16777216</backgroundColor>
<lineWidth>1</lineWidth>
</Connector>
<Connector class="oracle.dbtools.crest.swingui.relational.TVFKRelation" oid="50A2493C-E122-F6E6-91D3-480EC0F1CC18" otype="FKIndexAssociation" vid_source="EAAC0750-49FF-D1D6-8CD0-1CC9247DD07B" vid_target="7223B687-7F10-38D4-2F1B-57A3D14AC90F">
<hideElementsInCurrentOnly>false</hideElementsInCurrentOnly>
<backgroundColor>-16777216</backgroundColor>
<lineWidth>1</lineWidth>
</Connector>
<Connector class="oracle.dbtools.crest.swingui.relational.TVFKRelation" oid="52C5F6E6-ECE1-34BF-E5E2-D7D40FED0468" otype="FKIndexAssociation" vid_source="265AD3EB-EA8A-626A-E576-86673606870E" vid_target="A07E04C8-DF54-8C4E-3850-010E52A0BB35">
<hideElementsInCurrentOnly>false</hideElementsInCurrentOnly>
<backgroundColor>-16777216</backgroundColor>
<lineWidth>1</lineWidth>
<points>
<point x="680" y="1065"/>
<point x="550" y="1065"/>
</points>
</Connector>
<Connector class="oracle.dbtools.crest.swingui.relational.TVFKRelation" oid="5ABDC22A-D25C-1257-4EF7-9816369D5803" otype="FKIndexAssociation" vid_source="905C0315-B58E-82E8-B391-7EEC24FF61F3" vid_target="349B4D06-172C-01BF-542D-E5DB7F03FBE9">
<hideElementsInCurrentOnly>false</hideElementsInCurrentOnly>
<backgroundColor>-16777216</backgroundColor>
<lineWidth>1</lineWidth>
</Connector>
<Connector class="oracle.dbtools.crest.swingui.relational.TVFKRelation" oid="5CFCDED4-6617-CBAF-AF59-D67F283ED35B" otype="FKIndexAssociation" vid_source="89D18A5B-D0A1-2F42-03B0-3892B57725C1" vid_target="6B27D87D-5960-EBCF-4A27-06D5E2986ED5">
<hideElementsInCurrentOnly>false</hideElementsInCurrentOnly>
<backgroundColor>-16777216</backgroundColor>
<lineWidth>1</lineWidth>
</Connector>
<Connector class="oracle.dbtools.crest.swingui.relational.TVFKRelation" oid="5F97B8B8-29A9-BDC1-26CD-DE5C74439F5B" otype="FKIndexAssociation" vid_source="7223B687-7F10-38D4-2F1B-57A3D14AC90F" vid_target="412FA95B-8CB3-A8C2-2158-40DE5369B85C">
<hideElementsInCurrentOnly>false</hideElementsInCurrentOnly>
<backgroundColor>-16777216</backgroundColor>
<lineWidth>1</lineWidth>
</Connector>
<Connector class="oracle.dbtools.crest.swingui.relational.TVFKRelation" oid="69E473F7-E57D-0539-4C16-EAA53CD2EEFE" otype="FKIndexAssociation" vid_source="709B07D6-7273-45C8-279F-78258F4661F7" vid_target="EAAC0750-49FF-D1D6-8CD0-1CC9247DD07B">
<hideElementsInCurrentOnly>false</hideElementsInCurrentOnly>
<backgroundColor>-16777216</backgroundColor>
<lineWidth>1</lineWidth>
</Connector>
<Connector class="oracle.dbtools.crest.swingui.relational.TVFKRelation" oid="6B1DD603-927A-91C0-9309-BEAEB7E8ECE3" otype="FKIndexAssociation" vid_source="C55410ED-9082-2D9E-58DD-B9D80C5C045D" vid_target="8582D9BF-918A-E73C-C137-4AF2F8A5030C">
<hideElementsInCurrentOnly>false</hideElementsInCurrentOnly>
<backgroundColor>-16777216</backgroundColor>
<lineWidth>1</lineWidth>
<points>
<point x="560" y="795"/>
<point x="400" y="795"/>
</points>
</Connector>
<Connector class="oracle.dbtools.crest.swingui.relational.TVFKRelation" oid="72E88435-FC79-B747-E743-75BD7E05FA82" otype="FKIndexAssociation" vid_source="FE885CB8-5BDE-AED6-051D-1189AC16338B" vid_target="F5840B86-F739-984E-53D1-89224A2E66D9">
<hideElementsInCurrentOnly>false</hideElementsInCurrentOnly>
<backgroundColor>-16777216</backgroundColor>
<lineWidth>1</lineWidth>
</Connector>
<Connector class="oracle.dbtools.crest.swingui.relational.TVFKRelation" oid="7AD41202-FB38-F114-72C1-EB5D1E99326C" otype="FKIndexAssociation" vid_source="18FFBC9E-56D2-1BF2-8802-A8D7EC190B73" vid_target="412FA95B-8CB3-A8C2-2158-40DE5369B85C">
<hideElementsInCurrentOnly>false</hideElementsInCurrentOnly>
<backgroundColor>-16777216</backgroundColor>
<lineWidth>1</lineWidth>
<points>
<point x="330" y="645"/>
<point x="480" y="645"/>
</points>
</Connector>
<Connector class="oracle.dbtools.crest.swingui.relational.TVFKRelation" oid="8224DF6C-DD23-AE43-6E55-EED7D2AE8748" otype="FKIndexAssociation" vid_source="0D175E21-1772-2EC7-5F0F-B30873A42004" vid_target="7223B687-7F10-38D4-2F1B-57A3D14AC90F">
<hideElementsInCurrentOnly>false</hideElementsInCurrentOnly>
<backgroundColor>-16777216</backgroundColor>
<lineWidth>1</lineWidth>
<points>
<point x="377" y="590"/>
<point x="192" y="220"/>
</points>
</Connector>
<Connector class="oracle.dbtools.crest.swingui.relational.TVFKRelation" oid="82A78441-6FE9-414D-CE28-946D399AEF18" otype="FKIndexAssociation" vid_source="CCCCB534-3515-B368-DD42-2FD98D6943EF" vid_target="905C0315-B58E-82E8-B391-7EEC24FF61F3">
<hideElementsInCurrentOnly>false</hideElementsInCurrentOnly>
<backgroundColor>-16777216</backgroundColor>
<lineWidth>1</lineWidth>
</Connector>
<Connector class="oracle.dbtools.crest.swingui.relational.TVFKRelation" oid="82E8BDA9-5B96-807C-F46B-A5F9B4DE2DAB" otype="FKIndexAssociation" vid_source="FE885CB8-5BDE-AED6-051D-1189AC16338B" vid_target="9DF5685E-9334-BCAD-8B1F-BBC76A35D6DC">
<hideElementsInCurrentOnly>false</hideElementsInCurrentOnly>
<backgroundColor>-16777216</backgroundColor>
<lineWidth>1</lineWidth>
</Connector>
<Connector class="oracle.dbtools.crest.swingui.relational.TVFKRelation" oid="90B8871F-48FD-6A9A-B6D2-DD377C1791F9" otype="FKIndexAssociation" vid_source="D7AD5A85-79E6-CFC5-73DE-489A34A350E5" vid_target="0BAC0268-8B99-3401-6A3D-9E71A6CA8469">
<hideElementsInCurrentOnly>false</hideElementsInCurrentOnly>
<backgroundColor>-16777216</backgroundColor>
<lineWidth>1</lineWidth>
</Connector>
<Connector class="oracle.dbtools.crest.swingui.relational.TVFKRelation" oid="992F1065-9496-B7F2-590B-383858432684" otype="FKIndexAssociation" vid_source="257CEFA8-A4BB-CC32-6D81-AD384050205E" vid_target="7DB9DB9F-3C10-9978-4158-DF6733B7B603">
<hideElementsInCurrentOnly>false</hideElementsInCurrentOnly>
<backgroundColor>-16777216</backgroundColor>
<lineWidth>1</lineWidth>
</Connector>
<Connector class="oracle.dbtools.crest.swingui.relational.TVFKRelation" oid="997C623C-505B-380D-2BEF-B7FB2F9A0587" otype="FKIndexAssociation" vid_source="2BA1D978-398C-EE33-6C2F-6D1E4263A2CC" vid_target="7223B687-7F10-38D4-2F1B-57A3D14AC90F">
<hideElementsInCurrentOnly>false</hideElementsInCurrentOnly>
<backgroundColor>-16777216</backgroundColor>
<lineWidth>1</lineWidth>
</Connector>
<Connector class="oracle.dbtools.crest.swingui.relational.TVFKRelation" oid="A43259A1-CDD5-06B4-E639-A076B6165E39" otype="FKIndexAssociation" vid_source="0D175E21-1772-2EC7-5F0F-B30873A42004" vid_target="EAAC0750-49FF-D1D6-8CD0-1CC9247DD07B">
<hideElementsInCurrentOnly>false</hideElementsInCurrentOnly>
<backgroundColor>-16777216</backgroundColor>
<lineWidth>1</lineWidth>
</Connector>
<Connector class="oracle.dbtools.crest.swingui.relational.TVFKRelation" oid="A5E5D126-6942-3E56-5AA5-F3C9F4F3F0A3" otype="FKIndexAssociation" vid_source="B02B670A-1FA2-21BF-BC73-F3D5BC5B8DA3" vid_target="7223B687-7F10-38D4-2F1B-57A3D14AC90F">
<hideElementsInCurrentOnly>false</hideElementsInCurrentOnly>
<backgroundColor>-16777216</backgroundColor>
<lineWidth>1</lineWidth>
</Connector>
<Connector class="oracle.dbtools.crest.swingui.relational.TVFKRelation" oid="A8D01350-E71E-4DEC-2160-6F74BCB2C911" otype="FKIndexAssociation" vid_source="7DB9DB9F-3C10-9978-4158-DF6733B7B603" vid_target="928167FD-C56B-9304-87AC-38750D4859D8">
<hideElementsInCurrentOnly>false</hideElementsInCurrentOnly>
<backgroundColor>-16777216</backgroundColor>
<lineWidth>1</lineWidth>
</Connector>
<Connector class="oracle.dbtools.crest.swingui.relational.TVFKRelation" oid="ADE84BAD-0B6A-BA6B-4461-A64FF4B6E31E" otype="FKIndexAssociation" vid_source="CCCCB534-3515-B368-DD42-2FD98D6943EF" vid_target="DFD43284-D734-4B22-9FD4-30C339F413C6">
<hideElementsInCurrentOnly>false</hideElementsInCurrentOnly>
<backgroundColor>-16777216</backgroundColor>
<lineWidth>1</lineWidth>
</Connector>
<Connector class="oracle.dbtools.crest.swingui.relational.TVFKRelation" oid="B2D6A8DE-F2C3-876A-719B-FE08AFFE636A" otype="FKIndexAssociation" vid_source="FE885CB8-5BDE-AED6-051D-1189AC16338B" vid_target="E62D19BB-D275-7A39-4EE3-7710D52154A7">
<hideElementsInCurrentOnly>false</hideElementsInCurrentOnly>
<backgroundColor>-16777216</backgroundColor>
<lineWidth>1</lineWidth>
</Connector>
<Connector class="oracle.dbtools.crest.swingui.relational.TVFKRelation" oid="BFCB3EEA-4339-7268-F070-7D6159EE1B5D" otype="FKIndexAssociation" vid_source="905C0315-B58E-82E8-B391-7EEC24FF61F3" vid_target="DFD43284-D734-4B22-9FD4-30C339F413C6">
<hideElementsInCurrentOnly>false</hideElementsInCurrentOnly>
<backgroundColor>-16777216</backgroundColor>
<lineWidth>1</lineWidth>
</Connector>
<Connector class="oracle.dbtools.crest.swingui.relational.TVFKRelation" oid="C12DF18B-5418-084E-AAD3-96F5BD5B0090" otype="FKIndexAssociation" vid_source="265AD3EB-EA8A-626A-E576-86673606870E" vid_target="EAAC0750-49FF-D1D6-8CD0-1CC9247DD07B">
<hideElementsInCurrentOnly>false</hideElementsInCurrentOnly>
<backgroundColor>-16777216</backgroundColor>
<lineWidth>1</lineWidth>
</Connector>
<Connector class="oracle.dbtools.crest.swingui.relational.TVFKRelation" oid="C31CB76A-F4D8-5B49-6542-78462CB3C8B8" otype="FKIndexAssociation" vid_source="D7AD5A85-79E6-CFC5-73DE-489A34A350E5" vid_target="FE885CB8-5BDE-AED6-051D-1189AC16338B">
<hideElementsInCurrentOnly>false</hideElementsInCurrentOnly>
<backgroundColor>-16777216</backgroundColor>
<lineWidth>1</lineWidth>
</Connector>
<Connector class="oracle.dbtools.crest.swingui.relational.TVFKRelation" oid="C3FD3B00-C049-E7CB-634A-05D39D71B730" otype="FKIndexAssociation" vid_source="905C0315-B58E-82E8-B391-7EEC24FF61F3" vid_target="4FA9AA1D-7E59-4892-22FD-748CCC286FC4">
<hideElementsInCurrentOnly>false</hideElementsInCurrentOnly>
<backgroundColor>-16777216</backgroundColor>
<lineWidth>1</lineWidth>
</Connector>
<Connector class="oracle.dbtools.crest.swingui.relational.TVFKRelation" oid="C7783223-2842-592E-5D52-02F2C1B74F3C" otype="FKIndexAssociation" vid_source="FE885CB8-5BDE-AED6-051D-1189AC16338B" vid_target="0BAC0268-8B99-3401-6A3D-9E71A6CA8469">
<hideElementsInCurrentOnly>false</hideElementsInCurrentOnly>
<backgroundColor>-16777216</backgroundColor>
<lineWidth>1</lineWidth>
</Connector>
<Connector class="oracle.dbtools.crest.swingui.relational.TVFKRelation" oid="D10ED1AF-533A-16BB-308D-5418601AF8FA" otype="FKIndexAssociation" vid_source="EAAC0750-49FF-D1D6-8CD0-1CC9247DD07B" vid_target="BA0A9ACA-41E0-926E-0A7B-67CABDC75C63">
<hideElementsInCurrentOnly>false</hideElementsInCurrentOnly>
<backgroundColor>-16777216</backgroundColor>
<lineWidth>1</lineWidth>
</Connector>
<Connector class="oracle.dbtools.crest.swingui.relational.TVFKRelation" oid="D3D775F2-6124-E8C5-99DA-47B2B7B770C9" otype="FKIndexAssociation" vid_source="B02B670A-1FA2-21BF-BC73-F3D5BC5B8DA3" vid_target="412FA95B-8CB3-A8C2-2158-40DE5369B85C">
<hideElementsInCurrentOnly>false</hideElementsInCurrentOnly>
<backgroundColor>-16777216</backgroundColor>
<lineWidth>1</lineWidth>
</Connector>
<Connector class="oracle.dbtools.crest.swingui.relational.TVFKRelation" oid="D44396E4-13EB-75BA-7D0F-844F4FD237CA" otype="FKIndexAssociation" vid_source="06C2A239-55A6-4ED1-CF91-05A4E6AC0B71" vid_target="EAAC0750-49FF-D1D6-8CD0-1CC9247DD07B">
<hideElementsInCurrentOnly>false</hideElementsInCurrentOnly>
<backgroundColor>-16777216</backgroundColor>
<lineWidth>1</lineWidth>
</Connector>
<Connector class="oracle.dbtools.crest.swingui.relational.TVFKRelation" oid="D721E25D-6207-59FE-7133-8D466632815E" otype="FKIndexAssociation" vid_source="905C0315-B58E-82E8-B391-7EEC24FF61F3" vid_target="4B0B0E10-1EA0-E4DD-C344-E7EAB6AE91C1">
<hideElementsInCurrentOnly>false</hideElementsInCurrentOnly>
<backgroundColor>-16777216</backgroundColor>
<lineWidth>1</lineWidth>
</Connector>
<Connector class="oracle.dbtools.crest.swingui.relational.TVFKRelation" oid="D7AF48DB-DFF8-A09F-1FAE-C506A225CA05" otype="FKIndexAssociation" vid_source="384BE330-707A-2A25-BB05-201AB5C3BBDF" vid_target="BDB3A242-669E-2B43-785E-7662377DD5A1">
<hideElementsInCurrentOnly>false</hideElementsInCurrentOnly>
<backgroundColor>-16777216</backgroundColor>
<lineWidth>1</lineWidth>
</Connector>
<Connector class="oracle.dbtools.crest.swingui.relational.TVFKRelation" oid="DEAD4A69-C87B-D3A3-3F83-326E4974ADD2" otype="FKIndexAssociation" vid_source="7BEA5B85-5676-ED0A-AC10-DB3AC5A9FF11" vid_target="E62D19BB-D275-7A39-4EE3-7710D52154A7">
<hideElementsInCurrentOnly>false</hideElementsInCurrentOnly>
<backgroundColor>-16777216</backgroundColor>
<lineWidth>1</lineWidth>
<points>
<point x="185" y="180"/>
<point x="185" y="230"/>
</points>
</Connector>
<Connector class="oracle.dbtools.crest.swingui.relational.TVFKRelation" oid="DF64CAC0-FBE9-022C-67B9-4AEDDF15BAAA" otype="FKIndexAssociation" vid_source="F5840B86-F739-984E-53D1-89224A2E66D9" vid_target="DFD43284-D734-4B22-9FD4-30C339F413C6">
<hideElementsInCurrentOnly>false</hideElementsInCurrentOnly>
<backgroundColor>-16777216</backgroundColor>
<lineWidth>1</lineWidth>
</Connector>
<Connector class="oracle.dbtools.crest.swingui.relational.TVFKRelation" oid="E35B283F-25B2-AD37-D976-57C00D79B95B" otype="FKIndexAssociation" vid_source="53CE709E-AD70-6A49-8D06-5C2498BD36CC" vid_target="64B4A5AE-D70F-6A1C-0532-C76147D23162">
<hideElementsInCurrentOnly>false</hideElementsInCurrentOnly>
<backgroundColor>-16777216</backgroundColor>
<lineWidth>1</lineWidth>
</Connector>
<Connector class="oracle.dbtools.crest.swingui.relational.TVFKRelation" oid="E5982723-4E5C-7ABA-66D7-70CA860630DA" otype="FKIndexAssociation" vid_source="EAAC0750-49FF-D1D6-8CD0-1CC9247DD07B" vid_target="A07E04C8-DF54-8C4E-3850-010E52A0BB35">
<hideElementsInCurrentOnly>false</hideElementsInCurrentOnly>
<backgroundColor>-16777216</backgroundColor>
<lineWidth>1</lineWidth>
</Connector>
<Connector class="oracle.dbtools.crest.swingui.relational.TVFKRelation" oid="E94271BE-6E8F-5D8C-1022-B6C1E01D741E" otype="FKIndexAssociation" vid_source="EAAC0750-49FF-D1D6-8CD0-1CC9247DD07B" vid_target="412FA95B-8CB3-A8C2-2158-40DE5369B85C">
<hideElementsInCurrentOnly>false</hideElementsInCurrentOnly>
<backgroundColor>-16777216</backgroundColor>
<lineWidth>1</lineWidth>
</Connector>
<Connector class="oracle.dbtools.crest.swingui.relational.TVFKRelation" oid="E98688E1-063D-9532-5074-8599803FABB6" otype="FKIndexAssociation" vid_source="B02B670A-1FA2-21BF-BC73-F3D5BC5B8DA3" vid_target="384BE330-707A-2A25-BB05-201AB5C3BBDF">
<hideElementsInCurrentOnly>false</hideElementsInCurrentOnly>
<backgroundColor>-16777216</backgroundColor>
<lineWidth>1</lineWidth>
</Connector>
<Connector class="oracle.dbtools.crest.swingui.relational.TVFKRelation" oid="EBB40C4F-2042-C893-2EC4-B41E2C98B620" otype="FKIndexAssociation" vid_source="B02B670A-1FA2-21BF-BC73-F3D5BC5B8DA3" vid_target="8582D9BF-918A-E73C-C137-4AF2F8A5030C">
<hideElementsInCurrentOnly>false</hideElementsInCurrentOnly>
<backgroundColor>-16777216</backgroundColor>
<lineWidth>1</lineWidth>
</Connector>
<Connector class="oracle.dbtools.crest.swingui.relational.TVFKRelation" oid="EC06755E-489C-1B14-B479-CA4D51C425A6" otype="FKIndexAssociation" vid_source="D6F3CF97-BB85-3C80-E052-4A832CD9916A" vid_target="905C0315-B58E-82E8-B391-7EEC24FF61F3">
<hideElementsInCurrentOnly>false</hideElementsInCurrentOnly>
<backgroundColor>-16777216</backgroundColor>
<lineWidth>1</lineWidth>
</Connector>
<Connector class="oracle.dbtools.crest.swingui.relational.TVFKRelation" oid="EC1E8C49-F5CE-1D76-ED67-22E0D6536258" otype="FKIndexAssociation" vid_source="C131A35C-A116-6666-7629-38BF9946413D" vid_target="905C0315-B58E-82E8-B391-7EEC24FF61F3">
<hideElementsInCurrentOnly>false</hideElementsInCurrentOnly>
<backgroundColor>-16777216</backgroundColor>
<lineWidth>1</lineWidth>
</Connector>
<Connector class="oracle.dbtools.crest.swingui.relational.TVFKRelation" oid="EEE9CFF6-795B-2015-5C10-76821DF3CB94" otype="FKIndexAssociation" vid_source="0D175E21-1772-2EC7-5F0F-B30873A42004" vid_target="BDB3A242-669E-2B43-785E-7662377DD5A1">
<hideElementsInCurrentOnly>false</hideElementsInCurrentOnly>
<backgroundColor>-16777216</backgroundColor>
<lineWidth>1</lineWidth>
<points>
<point x="320" y="635"/>
<point x="480" y="635"/>
</points>
</Connector>
<Connector class="oracle.dbtools.crest.swingui.relational.TVFKRelation" oid="F398DA0D-5D3F-9E47-2176-4D131F745B4D" otype="FKIndexAssociation" vid_source="B02B670A-1FA2-21BF-BC73-F3D5BC5B8DA3" vid_target="53CE709E-AD70-6A49-8D06-5C2498BD36CC">
<hideElementsInCurrentOnly>false</hideElementsInCurrentOnly>
<backgroundColor>-16777216</backgroundColor>
<lineWidth>1</lineWidth>
</Connector>
<Connector class="oracle.dbtools.crest.swingui.relational.TVFKRelation" oid="F555CBA8-6FE8-85F6-2168-CA70DE01B58E" otype="FKIndexAssociation" vid_source="905C0315-B58E-82E8-B391-7EEC24FF61F3" vid_target="B02B670A-1FA2-21BF-BC73-F3D5BC5B8DA3">
<hideElementsInCurrentOnly>false</hideElementsInCurrentOnly>
<backgroundColor>-16777216</backgroundColor>
<lineWidth>1</lineWidth>
</Connector>
<Connector class="oracle.dbtools.crest.swingui.relational.TVFKRelation" oid="F95B1705-0D67-0C0B-3623-BE64E1FF2478" otype="FKIndexAssociation" vid_source="64B4A5AE-D70F-6A1C-0532-C76147D23162" vid_target="BDB3A242-669E-2B43-785E-7662377DD5A1">
<hideElementsInCurrentOnly>false</hideElementsInCurrentOnly>
<backgroundColor>-16777216</backgroundColor>
<lineWidth>1</lineWidth>
</Connector>
<Connector class="oracle.dbtools.crest.swingui.relational.TVFKRelation" oid="F95BDE63-1C2F-888D-93F9-2AA3BB2046AE" otype="FKIndexAssociation" vid_source="905C0315-B58E-82E8-B391-7EEC24FF61F3" vid_target="684166CE-5F07-56D2-46D3-E51895E94E53">
<hideElementsInCurrentOnly>false</hideElementsInCurrentOnly>
<backgroundColor>-16777216</backgroundColor>
<lineWidth>1</lineWidth>
</Connector>
<Connector class="oracle.dbtools.crest.swingui.relational.TVFKRelation" oid="F97F7A0B-39B4-C112-F5FE-C130099094ED" otype="FKIndexAssociation" vid_source="D7AD5A85-79E6-CFC5-73DE-489A34A350E5" vid_target="684166CE-5F07-56D2-46D3-E51895E94E53">
<hideElementsInCurrentOnly>false</hideElementsInCurrentOnly>
<backgroundColor>-16777216</backgroundColor>
<lineWidth>1</lineWidth>
</Connector>
<Connector class="oracle.dbtools.crest.swingui.relational.TVFKRelation" oid="F9ED3D7C-EBB6-98E9-9CAD-E1093F929994" otype="FKIndexAssociation" vid_source="7223B687-7F10-38D4-2F1B-57A3D14AC90F" vid_target="53CE709E-AD70-6A49-8D06-5C2498BD36CC">
<hideElementsInCurrentOnly>false</hideElementsInCurrentOnly>
<backgroundColor>-16777216</backgroundColor>
<lineWidth>1</lineWidth>
</Connector>
<Connector class="oracle.dbtools.crest.swingui.relational.TVFKRelation" oid="F9F462F1-19C3-CFD4-E529-BC7C12F16472" otype="FKIndexAssociation" vid_source="7BEA5B85-5676-ED0A-AC10-DB3AC5A9FF11" vid_target="FE885CB8-5BDE-AED6-051D-1189AC16338B">
<hideElementsInCurrentOnly>false</hideElementsInCurrentOnly>
<backgroundColor>-16777216</backgroundColor>
<lineWidth>1</lineWidth>
</Connector>
<Connector class="oracle.dbtools.crest.swingui.relational.TVFKRelation" oid="FB3012BB-5294-27A1-8645-4BEFE99B39D2" otype="FKIndexAssociation" vid_source="F5840B86-F739-984E-53D1-89224A2E66D9" vid_target="257CEFA8-A4BB-CC32-6D81-AD384050205E">
<hideElementsInCurrentOnly>false</hideElementsInCurrentOnly>
<backgroundColor>-16777216</backgroundColor>
<lineWidth>1</lineWidth>
</Connector>
<Connector class="oracle.dbtools.crest.swingui.relational.TVFKRelation" oid="FF098D26-EF45-DC2A-69F9-AEEEEA732E3F" otype="FKIndexAssociation" vid_source="BDB3A242-669E-2B43-785E-7662377DD5A1" vid_target="8582D9BF-918A-E73C-C137-4AF2F8A5030C">
<hideElementsInCurrentOnly>false</hideElementsInCurrentOnly>
<backgroundColor>-16777216</backgroundColor>
<lineWidth>1</lineWidth>
<points>
<point x="440" y="680"/>
<point x="440" y="750"/>
</points>
</Connector>
</connectors>
</Display>
</displays>
</Diagram>